time_s,speed_kmh,engine_rpm,power_kw,soc,mode,motor_enabled,generator_enabled,engine_enabled
0,0,800,0,0.70000000000000007,0,0,0,0
0.10000000000000001,0.009223375526888641,846.36911136330036,0.00017110297146237725,0.69997890806588803,0,0,0,0
0.20000000000000001,0.0078038730475441407,792.46345069836468,-9.173128022788058e-05,0.69999248938237857,0,0,0,0
0.30000000000000004,-0.004313073979575581,793.99841522811505,1.3739148544915894e-05,0.69998770456862436,0,0,0,0
0.40000000000000002,-0.0025954153362861502,794.97865831036177,1.5098323702162306e-06,0.69998367326951416,0,0,0,0
0.5,-0.0021652767914730206,795.02189030003535,-1.1204412420686173e-06,0.6999798941848292,0,0,0,0
0.60000000000000009,-0.0017213962346066094,795.17102708869811,-7.7350770218447475e-07,0.6999760754130504,0,0,0,0
0.70000000000000007,-0.0013300804813536501,795.3200694375538,-4.3938912894769655e-07,0.69997225692364995,0,0,0,0
0.80000000000000004,-0.0010119984735710867,795.46170853673357,-2.8206526641799648e-07,0.69996843962814181,0,0,0,0
0.90000000000000002,-0.00075532899844328735,795.59886454250852,-1.7906726838013954e-07,0.69996462267957515,0,0,0,0
1,-0.00054837226324647831,795.73160217677457,-1.0238629882323037e-07,0.6999608061136694,0,0,0,0
1.1000000000000001,-0.00038194410711167473,795.86008755869545,-6.7178077833594805e-08,0.69995698990571897,0,0,0,0
1.2000000000000002,-0.00024858631963952781,795.98451184620058,-2.8342175073951617e-08,0.69995317402619062,0,0,0,0
1.3,-0.00014270324592645928,796.1050265675334,-1.8563124387272942e-08,0.69994935845420325,0,0,0,0
1.4000000000000001,-5.8783707972016782e-05,796.22179910050875,-1.193566362296065e-08,0.69994554316777935,0,0,0,0
1.5,6.961839019656521e-06,796.33496123464931,-3.7389824154425263e-09,0.69994172815067768,0,0,0,0
1.6000000000000001,5.7924313859540696e-05,796.44464481754187,5.325722376501569e-10,0.6999379133874255,0,0,0,0
1.7000000000000002,9.6901823454487052e-05,796.55097358308467,2.4633126113849581e-09,0.69993409886424818,0,0,0,0
1.8,0.00012616950599244405,796.65406376876729,3.0529973182711964e-09,0.69993028456887874,0,0,0,0
1.9000000000000001,0.00014760640557167447,796.75402529224004,2.9217583955859338e-09,0.69992647049021872,0,0,0,0
2,0.00016274571300833746,796.85096233629906,2.4465450932798574e-09,0.69992265661822317,0,0,0,0
2.1000000000000001,0.00017283946395728607,796.94497391818538,1.8434980914557995e-09,0.6999188429437172,0,0,0,0
2.2000000000000002,0.00017891713267358941,797.03615453246277,1.2390258653234391e-09,0.69991502945825035,0,0,0,0
2.3000000000000003,0.00018181266638027938,797.12459444734043,6.9279988819747579e-10,0.69991121615402418,0,0,0,0
2.4000000000000004,0.00018220955197005814,797.21038016123873,2.3250517177592689e-10,0.69990740302376819,0,0,0,0
2.5,0.00018066311376916001,797.29359468568509,-1.3509062547210492e-10,0.69990359006069158,0,0,0,0
2.6000000000000001,0.00017762278449312159,797.3743177857433,-4.1615550228073951e-10,0.6998997772584159,0,0,0,0
2.7000000000000002,0.00017345489730550824,797.45262626716976,-6.1985912921350863e-10,0.69989596461091408,0,0,0,0
2.8000000000000003,0.00016845347392046314,797.52859413612055,-7.5872964502607397e-10,0.69989215211248235,0,0,0,0
2.9000000000000004,0.00016285611442463496,797.60229278908741,-8.4519517467845261e-10,0.69988833975769416,0,0,0,0
3,0.00015685341837197678,797.67379116484017,-8.8969071913801717e-10,0.69988452754137698,0,0,0,0
3.1000000000000001,0.00015059681962579689,797.74315586642035,-9.0271664242083814e-10,0.69988071545858721,0,0,0,0
3.2000000000000002,0.00014420720689886898,797.81045130107066,-8.9179520339813952e-10,0.6998769035045822,0,0,0,0
3.3000000000000003,0.00013777926241729626,797.87573977589545,-8.6400705130658481e-10,0.69987309167481149,0,0,0,0
3.4000000000000004,0.00013138703815675188,797.93908159455555,-8.2447416687535854e-10,0.6998692799648969,0,0,0,0
3.5,0.00012508777491374549,798.00053514899002,-7.7749340979304402e-10,0.69986546837062091,0,0,0,0
3.6000000000000001,0.00011892470619310114,798.06015699307477,-7.2616613788684269e-10,0.69986165688791513,0,0,0,0
3.7000000000000002,0.00011293023927743846,798.1180019226648,-6.7306131338070846e-10,0.69985784551284824,0,0,0,0
3.8000000000000003,0.00010712768099430857,798.17412304113861,-6.1975513000557277e-10,0.69985403424162207,0,0,0,0
3.9000000000000004,0.00010153318159179658,798.22857181889401,-5.6775108903334952e-10,0.69985022307056299,0,0,0,0
4,9.615722228446672e-05,798.28139815650718,-5.1769194902263813e-10,0.69984641199611508,0,0,0,0
4.1000000000000005,9.1005622872370218e-05,798.33265043652023,-4.7036698513080529e-10,0.69984260101483287,0,0,0,0
4.2000000000000002,8.6080683375125248e-05,798.38237557798436,-4.2592877856517917e-10,0.69983879012337724,0,0,0,0
4.2999999999999998,8.1381850113172429e-05,798.43061908413449,-3.8471382918356546e-10,0.69983497931851091,0,0,0,0
4.4000000000000004,7.6906381526911543e-05,798.47742508909664,-3.466184447427311e-10,0.69983116859709626,0,0,0,0
4.5,7.2649900501874716e-05,798.5228364012977,-3.1173683952134717e-10,0.69982735795608964,0,0,0,0
4.6000000000000005,6.8606748356631777e-05,798.56689454707021,-2.7982782393059912e-10,0.69982354739253605,0,0,0,0
4.7000000000000002,6.477037730630052e-05,798.60963981187206,-2.5087412396798916e-10,0.69981973690356936,0,0,0,0
4.8000000000000007,6.1133592516689791e-05,798.65111127614648,-2.2457559960409772e-10,0.69981592648640734,0,0,0,0
4.9000000000000004,5.7688769091038523e-05,798.69134685533845,-2.0086656991446037e-10,0.69981211613834926,0,0,0,0
5,5.4428042322782514e-05,798.73038333418401,-1.7944110128796371e-10,0.69980830585677267,0,0,0,0
5.1000000000000005,5.1343422228552536e-05,798.76825640282243,-1.6021556025606315e-10,0.69980449563913316,0,0,0,0
5.2000000000000002,4.8426916547647003e-05,798.80500068721153,-1.4290526201017132e-10,0.69980068548295982,0,0,0,0
5.3000000000000007,4.5670608111494924e-05,798.84064978416518,-1.2742702669627804e-10,0.69979687538585211,0,0,0,0
5.4000000000000004,4.3066716051294163e-05,798.87523629185375,-1.135265190968625e-10,0.69979306534548036,0,0,0,0
5.5,4.0607650874225535e-05,798.90879183778111,-1.0113140878672015e-10,0.69978925535958081,0,0,0,0
5.6000000000000005,3.8286042901778015e-05,798.94134711095069,-9.0019384931409424e-11,0.69978544542595755,0,0,0,0
5.7000000000000002,3.6094771851167314e-05,798.97293188658284,-8.0132482325722603e-11,0.69978163554247741,0,0,0,0
5.8000000000000007,3.4026982920578381e-05,799.00357505598197,-7.127957486543403e-11,0.69977782570706804,0,0,0,0
5.9000000000000004,3.2076095886606769e-05,799.03330465248462,-6.3416637487575295e-11,0.69977401591771771,0,0,0,0
6,3.0235812906922519e-05,799.06214787521401,-5.6381387517909927e-11,0.69977020617247176,0,0,0,0
6.1000000000000005,2.8500117651242737e-05,799.0901311165419,-5.0142046254080189e-11,0.69976639646943428,0,0,0,0
6.2000000000000002,2.6863274629519463e-05,799.11727998319384,-4.4561791840042275e-11,0.69976258680676351,0,0,0,0
6.3000000000000007,2.5319824739480207e-05,799.1436193217869,-3.9619193934649547e-11,0.69975877718267032,0,0,0,0
6.4000000000000004,2.3864578586979621e-05,799.16917324107442,-3.5199232149343222e-11,0.69975496759541755,0,0,0,0
6.5,2.2492609702606162e-05,799.1939651322765,-3.1288914041965893e-11,0.69975115804331822,0,0,0,0
6.6000000000000005,2.1199245335005581e-05,799.21801769266347,-2.7791644898548112e-11,0.69974734852473564,0,0,0,0
6.7000000000000002,1.9980057642123122e-05,799.2413529436626,-2.4701038691431974e-11,0.69974353903808006,0,0,0,0
6.8000000000000007,1.8830853950065701e-05,799.2639922527926,-2.1935982404083802e-11,0.6997397295818073,0,0,0,0
6.9000000000000004,1.774766678550794e-05,799.28595635278361,-1.9495076288199456e-11,0.69973592015441821,0,0,0,0
7,1.6726744091342258e-05,799.3072653590533,-1.7310158338433161e-11,0.69973211075445729,0,0,0,0
7.1000000000000005,1.5764539053226681e-05,799.32793878998655,-1.5383477123734775e-11,0.69972830138051212,0,0,0,0
7.2000000000000002,1.4857700504379948e-05,799.34799558251291,-1.3657665877755045e-11,0.69972449203121134,0,0,0,0
7.3000000000000007,1.4003063187767174e-05,799.36745411097047,-1.213755062861092e-11,0.69972068270522259,0,0,0,0
7.4000000000000004,1.3197638477720534e-05,799.3863322035653,-1.0774745102012502e-11,0.69971687340125299,0,0,0,0
7.5,1.243860533231235e-05,799.40464715741109,-9.57581538805153e-12,0.69971306411804701,0,0,0,0
7.6000000000000005,1.172330143599037e-05,799.42241575597996,-8.4998443288776219e-12,0.6997092548543864,0,0,0,0
7.7000000000000002,1.1049214958139088e-05,799.43965428251408,-7.5544939720188535e-12,0.69970544560908887,0,0,0,0
7.8000000000000007,1.041397634705507e-05,799.45637853626033,-6.7050638467443067e-12,0.69970163638100558,0,0,0,0
7.9000000000000004,9.8153507415241067e-06,799.47260384664014,-5.9598215227154605e-12,0.69969782716902174,0,0,0,0
8,9.2512305819231688e-06,799.48834508620041,-5.2892534394984064e-12,0.69969401797205477,0,0,0,0
8.0999999999999996,8.7196285229625499e-06,799.50361668555058,-4.7018649906625005e-12,0.69969020878905441,0,0,0,0
8.2000000000000011,8.2186709269959197e-06,799.51843264537501,-4.1724835977582106e-12,0.6996863996190017,0,0,0,0
8.3000000000000007,7.7465913639117528e-06,799.53280654936361,-3.709582657210867e-12,0.69968259046090697,0,0,0,0
8.4000000000000004,7.301724702600371e-06,799.54675157737279,-3.2916316428330005e-12,0.69967878131380867,0,0,0,0
8.5,6.8825014694035984e-06,799.56028051690009,-2.9268845732925219e-12,0.69967497217677432,0,0,0,0
8.5999999999999996,6.4874422819917082e-06,799.57340577416198,-2.5968706902125599e-12,0.69967116304889909,0,0,0,0
8.7000000000000011,6.1151528628648992e-06,799.58613938628127,-2.3095012218916133e-12,0.69966735392930501,0,0,0,0
8.8000000000000007,5.7643192079004053e-06,799.5984930318549,-2.048884348398635e-12,0.6996635448171391,0,0,0,0
8.9000000000000004,5.4337029564129839e-06,799.61047804168629,-1.8225045990824352e-12,0.69965973571157292,0,0,0,0
9,5.1221371445156217e-06,799.62210540941362,-1.6166541862600419e-12,0.69965592661180354,0,0,0,0
9.0999999999999996,4.8285220696156777e-06,799.63338580068239,-1.4383420572130433e-12,0.69965211751705125,0,0,0,0
9.2000000000000011,4.5518214294657164e-06,799.64432956371604,-1.2757142669521519e-12,0.6996483084265599,0,0,0,0
9.3000000000000007,4.2910587542941919e-06,799.65494673838953,-1.1352823514859558e-12,0.69964449933959483,0,0,0,0
9.4000000000000004,4.0453139124689392e-06,799.66524706550035,-1.0067695464075087e-12,0.69964069025544273,0,0,0,0
9.5,3.8137199039275874e-06,799.6752399958765,-8.9618652842955853e-13,0.69963688117341183,0,0,0,0
9.6000000000000014,3.5954597988412585e-06,799.68493469835096,-7.9460359087424715e-13,0.69963307209283121,0,0,0,0
9.7000000000000011,3.3897638060370267e-06,799.69434006854328,-7.0753899518962017e-13,0.69962926301304917,0,0,0,0
9.8000000000000007,3.1959066406383369e-06,799.70346473729001,-6.2721746414664496e-13,0.69962545393343289,0,0,0,0
9.9000000000000004,3.0132049314128888e-06,799.7123170782412,-5.5868192063999925e-13,0.69962164485336853,0,0,0,0
10,2.8410147534981715e-06,799.72090521513815,-4.9514889136084938e-13,0.69961783577226111,0,0,0,0
10.100000000000001,2.6787294005059622e-06,799.72923702980938,-4.412104888424568e-13,0.69961402668953254,0,0,0,0
10.200000000000001,2.5257772349400886e-06,799.73732016910412,-3.9093704094657737e-13,0.69961021760462194,0,0,0,0
10.300000000000001,2.3816196448456005e-06,799.74516205194857,-3.4849690774991893e-13,0.69960640851698419,0,0,0,0
10.4,2.2457491585714925e-06,799.75276987631526,-3.0869819720574275e-13,0.69960259942609127,0,0,0,0
10.5,2.117687626431118e-06,799.76015062525119,-2.7531445027402403e-13,0.69959879033143058,0,0,0,0
10.600000000000001,1.9969845147229833e-06,799.76731107380886,-2.4379261173750377e-13,0.69959498123250485,0,0,0,0
10.700000000000001,1.8832153499540044e-06,799.77425779500265,-2.1754122729531129e-13,0.69959117212883126,0,0,0,0
10.800000000000001,1.7759801811640176e-06,799.78099716589395,-1.9256140119174145e-13,0.69958736301994096,0,0,0,0
10.9,1.6749021756015171e-06,799.78753537356772,-1.7192623797760881e-13,0.69958355390537885,0,0,0,0
11,1.5796262808791284e-06,799.79387842033179,-1.5211887941023038e-13,0.69957974478470453,0,0,0,0
11.100000000000001,0.3156604142136662,802.63030106271424,0.11464057923703772,0.69956159744730539,0,0,0,0
11.200000000000001,0.67344039226737262,805.85158015216894,0.24140212745374595,0.69954406102332545,1,1,0,0
11.300000000000001,1.043475306617869,809.13541225349536,0.34619430369063264,0.69952543221844155,1,1,0,0
11.4,1.415092157678199,812.43901523081149,0.49048961894751514,0.69950642469275393,1,1,0,0
11.5,1.7876984683813466,815.75211728950273,0.59469212014752015,0.69948711410995568,1,1,0,0
11.600000000000001,2.1613780412372892,819.07627470715613,0.72603995956575618,0.69946749661685459,1,1,0,0
11.700000000000001,2.5359982964806043,822.41043504200115,0.88656192954514557,0.69944757927026868,1,1,0,0
11.800000000000001,2.9114048111023609,825.75205733785162,1.0210613414982868,0.69942737205918937,1,1,0,0
11.9,3.2874504890756917,829.10081562916935,1.138078592435479,0.69940688498840853,1,1,0,0
12,3.6640390273876564,832.45549882661805,1.2702102807113071,0.69938612443589587,1,1,0,0
12.100000000000001,4.0327735036084613,835.73788413991701,1.3790266620003067,0.69936581555960187,1,1,0,0
12.200000000000001,4.4008432577548779,839.01733877881691,1.5079317878912859,0.69934529630506226,1,1,0,0
12.300000000000001,4.7688407502671755,842.29855726802998,1.6257249831780334,0.69932456106381491,1,1,0,0
12.4,5.1370782198923273,845.58258593995231,1.7513292402253116,0.69930358677934157,1,1,0,0
12.5,5.5055417825390744,848.86938195207654,1.8481425551354667,0.69928237219120148,1,1,0,0
12.600000000000001,5.8741677440019986,852.15833636633283,1.9880241376619392,0.69926092149100483,1,1,0,0
12.700000000000001,6.2429402212073439,855.44928349811721,2.1397678291540299,0.69923923582770087,1,1,0,0
12.800000000000001,6.6118402373580558,858.74197692675602,2.2674513925943405,0.69921731603958848,1,1,0,0
12.9,6.9808482646126606,862.03626411156972,2.3828445220874181,0.69919516335669285,1,1,0,0
13,7.349952611379881,865.3319321067446,2.5134382600133347,0.69917277823020274,1,1,0,0
13.100000000000001,7.7274216666230497,868.70890395602385,2.7539047699433068,0.69914938791653169,1,1,0,0
13.200000000000001,8.1060310989360858,872.09164409890525,2.8580385724272381,0.69912571456419514,1,1,0,0
13.300000000000001,8.4851326411134753,875.47756527807007,2.9965997723086595,0.69910176119436929,1,1,0,0
13.4,8.8643089871859093,878.86489730585959,3.1470410453633657,0.69907756119057429,1,1,0,0
13.5,9.2435361302555705,882.2531410258689,3.2333621973975202,0.69905311861681096,1,1,0,0
13.600000000000001,9.6228512643299702,885.64258764329156,3.3802118241188364,0.69902842996031067,1,1,0,0
13.700000000000001,10.002224742616569,889.03295442882188,3.433691646045308,0.69900349686300578,1,1,0,0
13.800000000000001,10.381658416394902,892.42424394325758,3.5700479048841438,0.69897831905163477,1,1,0,0
13.9,10.761137181289406,895.81629174152602,3.7062002507708858,0.69895289728080912,1,1,0,0
14,11.140662337874748,899.20908949673424,3.8425477707648095,0.69892723099791088,1,1,0,0
14.100000000000001,11.51200123382746,902.51992550339503,3.9887950855318155,0.69890214272677609,1,1,0,0
14.200000000000001,11.882209655359526,905.82910896492967,4.1165739930593839,0.69887686972989671,1,1,0,0
14.300000000000001,12.252055524504422,909.13702464751668,4.2312954054385044,0.69885140374181864,1,1,0,0
14.4,12.62191394312698,912.4448624350199,4.3366322659821517,0.69882570891187645,1,1,0,0
14.5,12.991796507668681,915.75314741233171,4.4531564229879752,0.69879978125443065,1,1,0,0
14.600000000000001,13.361654719807856,919.06142178106086,4.6376707832739035,0.69877362487884986,1,1,0,0
14.700000000000001,13.731519608237388,922.36994338532088,4.7361319642783544,0.69874723690803198,1,1,0,0
14.800000000000001,14.101379524642274,925.67859643812744,4.8658732894399099,0.69872061776701744,1,1,0,0
14.9,14.471241255923411,928.98742771767525,5.0220850241864028,0.6986937666013141,1,1,0,0
15,14.841104828549748,932.29643050150162,5.1485961575498171,0.69866668292413925,1,1,0,0
15.100000000000001,14.908741964694613,932.46270263420161,0.14083939843999158,0.69865866026852474,1,1,0,0
15.200000000000001,14.928128591410736,932.61124584219419,0.069012310999628124,0.69865356394812028,1,1,0,0
15.300000000000001,14.937271752062106,932.73313010217669,0.14157897406978051,0.69864875921427227,1,1,0,0
15.4,14.945037275567019,932.82755562461921,0.12725484462651535,0.69864400345571176,1,1,0,0
15.5,14.951748195087125,932.91146948309472,0.11120157662067984,0.69863927575553197,1,1,0,0
15.600000000000001,14.957461753086084,932.98568293856988,0.098794060308938239,0.69863457386635841,1,1,0,0
15.700000000000001,14.962328839347339,933.05129766110895,0.088353330055373977,0.69862989390132069,1,1,0,0
15.800000000000001,14.966492504323867,933.10962470668971,0.079517341372235262,0.6986252321050449,1,1,0,0
15.9,14.970068344247881,933.16172128589335,0.070792462381084401,0.69862058544580197,1,1,0,0
16,14.973147496756974,933.20842749868689,0.065017006201754768,0.6986159515478757,1,1,0,0
16.100000000000001,14.975814408103711,933.2505292213192,0.06353198402093331,0.69861132822837946,1,1,0,0
16.199999999999999,14.978130683781432,933.28860807604792,0.058272689619334371,0.69860671389914364,1,1,0,0
16.300000000000001,14.980151427734659,933.32319005353895,0.05384554943431933,0.69860210714567572,1,1,0,0
16.400000000000002,14.981922145084244,933.35471604493159,0.050105948199493815,0.69859750680397525,1,1,0,0
16.5,14.983480750007026,933.38355990634602,0.046933386230178988,0.69859291190456529,1,1,0,0
16.600000000000001,14.98485892665461,933.41003926790552,0.04424138909303834,0.69858832163996865,1,1,0,0
16.699999999999999,14.986082948937247,933.43442327538264,0.041942894128826506,0.69858373534028062,1,1,0,0
16.800000000000001,14.987174905003439,933.45694295121132,0.039976885816385289,0.69857915244259616,1,1,0,0
16.900000000000002,14.988153219631023,933.47779564024836,0.038288762511369541,0.69857457247764798,1,1,0,0
17,14.989033349373987,933.49715133030088,0.036831602308126495,0.69856999505101514,1,1,0,0
17.100000000000001,14.989828328575557,933.51515716142967,0.035571041719906313,0.69856541983015275,1,1,0,0
17.199999999999999,14.990549093805678,933.53194044787506,0.034474044335460315,0.69856084653545159,1,1,0,0
17.300000000000001,14.991204922989374,933.54761250323895,0.033515956262813479,0.69855627492927652,1,1,0,0
17.400000000000002,14.991803665183213,933.56227063708047,0.032675625027401629,0.69855170481029649,1,1,0,0
17.5,14.992351989317285,933.57600046098707,0.031934555728605422,0.69854713600688034,1,1,0,0
17.600000000000001,14.992855598421642,933.58887773284141,0.031278824370239468,0.69854256837196715,1,1,0,0
17.699999999999999,14.993319360639623,933.60096959503289,0.030695518085537818,0.69853800177960457,1,1,0,0
17.800000000000001,14.993747468991906,933.61233602040022,0.030174519617695419,0.69853343612094165,1,1,0,0
17.900000000000002,14.994143538894022,933.62303069876077,0.029707300920251232,0.69852887130184227,1,1,0,0
18,14.994510700462696,933.6331019251619,0.029286359858063347,0.69852430724046288,1,1,0,0
18.100000000000001,14.994851682156241,933.64259336400778,0.028905833516406243,0.69851974386522331,1,1,0,0
18.199999999999999,14.995168864628356,933.65154458193422,0.028560439532718702,0.69851518111341582,1,1,0,0
18.300000000000001,14.99546434031423,933.6599916218272,0.028245846828141616,0.69851061892969979,1,1,0,0
18.400000000000002,14.995739954358106,933.66796740355517,0.027958423138609322,0.69850605726509574,1,1,0,0
18.5,14.995997340353414,933.6755020929786,0.027694939385423029,0.6985014960760545,1,1,0,0
18.600000000000001,14.996237953450589,933.68262343281106,0.027452786061372057,0.69849693532364088,1,1,0,0
18.699999999999999,14.996463093051512,933.68935698762721,0.02722962544516485,0.69849237497295291,1,1,0,0
18.800000000000001,14.9966739259532,933.69572639047078,0.027023484403421848,0.6984878149925321,1,1,0,0
18.900000000000002,14.99687150375453,933.70175353362811,0.026832669423189934,0.69848325535393085,1,1,0,0
19,14.997056777480013,933.70745873812189,0.026655678604306413,0.69847869603133095,1,1,0,0
19.100000000000001,14.997230611180948,933.71286090859883,0.026491233148455605,0.6984741370012012,1,1,0,0
19.200000000000003,14.997393791915869,933.71797764936048,0.026338201239476351,0.69846957824204781,1,1,0,0
19.300000000000001,14.997547039307907,933.72282540414687,0.026195581648514092,0.69846501973415398,1,1,0,0
19.400000000000002,14.997691013302139,933.72741954881292,0.026062509358160353,0.69846046145939189,1,1,0,0
19.5,14.997826320596758,933.73177443389557,0.025938193854449374,0.69845590340107022,1,1,0,0
19.600000000000001,14.997953520606089,933.73590351377675,0.025821951475577819,0.69845134554375665,1,1,0,0
19.700000000000003,14.998073130177261,933.73981942175772,0.025713155290507446,0.69844678787316128,1,1,0,0
19.800000000000001,14.998185627908173,933.74353400631128,0.025611251950721243,0.69844223037602793,1,1,0,0
19.900000000000002,14.998291457858098,933.74705840356751,0.025515735430017859,0.69843767304003435,1,1,0,0
20,14.998391032678683,933.7504030598941,0.02542615333106123,0.69843311585372247,1,1,0,0
20.100000000000001,14.998484736499201,933.75357780561603,0.025342087810876841,0.69842855880640631,1,1,0,0
20.200000000000003,14.998572927353971,933.75659190539704,0.025263165664760119,0.6984240018881106,1,1,0,0
20.300000000000001,14.998655939382433,933.75945407657491,0.02518903636560741,0.6984194450895157,1,1,0,0
20.400000000000002,14.998734084781065,933.76217253624918,0.025119387989673371,0.69841488840190358,1,1,0,0
20.5,14.998807655512087,933.76475501273899,0.025053923528259744,0.69841033181712109,1,1,0,0
20.600000000000001,14.99887692486443,933.76720879567654,0.024992378870105178,0.6984057753275259,1,1,0,0
20.700000000000003,14.998942148842426,933.76954076931509,0.024934500118719945,0.69840121892595197,1,1,0,0
20.800000000000001,14.99900356742133,933.77175742378267,0.024880061538995323,0.69839666260567712,1,1,0,0
20.900000000000002,14.999061405692915,933.773864887066,0.024828844330467142,0.69839210636039128,1,1,0,0
21,14.999115874895889,933.77586893196019,0.024780654081650307,0.69838755018417442,1,1,0,0
21.100000000000001,14.999167173360501,933.77777501116782,0.024735300962526307,0.6983829940714622,1,1,0,0
21.200000000000003,14.999215487376954,933.7795882808125,0.02469261652354475,0.69837843801702404,1,1,0,0
21.300000000000001,14.999260991988223,933.78131360768612,0.024652435105885745,0.69837388201594341,1,1,0,0
21.400000000000002,14.999303851723145,933.78295559212745,0.024614610270217583,0.6983693260635957,1,1,0,0
21.5,14.999344221271802,933.7845185724143,0.024578996559235133,0.69836477015563514,1,1,0,0
21.600000000000001,14.999382246105295,933.7860066502667,0.024545466395632876,0.69836021428797113,1,1,0,0
21.700000000000003,14.99941806305892,933.78742370767304,0.02451389148919705,0.69835565845675351,1,1,0,0
21.800000000000001,14.999451800867226,933.78877341207806,0.024484160380260168,0.69835110265835854,1,1,0,0
21.900000000000002,14.999483580664627,933.790059232884,0.024456159759585087,0.69834654688937492,1,1,0,0
22,14.999513516451584,933.79128444462901,0.024429791842233883,0.69834199114659412,1,1,0,0
22.100000000000001,14.999541715524856,933.79245214556943,0.024404956470145272,0.698337435426993,1,1,0,0
22.200000000000003,14.999568278886006,933.79356527012249,0.024381567653146866,0.69833287972772473,1,1,0,0
22.300000000000001,14.999593301619091,933.79462659251283,0.024359536653111517,0.69832832404610801,1,1,0,0
22.400000000000002,14.999616873245012,933.79563873902691,0.02433878793332411,0.69832376837961752,1,1,0,0
22.5,14.999639078054711,933.79660419020956,0.024319242557189081,0.69831921272587638,1,1,0,0
22.600000000000001,14.999659995416684,933.79752529470568,0.02430083427211073,0.69831465708264473,1,1,0,0
22.700000000000003,14.999679700071441,933.79840427834927,0.024283492690297247,0.69831010144781203,1,1,0,0
22.800000000000001,14.999698262403848,933.79924324697322,0.024267159675835658,0.69830554581939031,1,1,0,0
22.900000000000002,14.99971574870017,933.8000441953742,0.024251772496275914,0.69830099019550584,1,1,0,0
23,14.999732221389875,933.80080900905966,0.024237280010398987,0.69829643457439561,1,1,0,0
23.100000000000001,14.754981044247812,931.23485825308808,-4.1010008161168292,0.69829054796456635,1,1,0,0
23.200000000000003,14.470553112056642,928.68637987233512,-3.9808468462981796,0.69828520241211567,1,1,0,0
23.300000000000001,14.17792097761062,926.11819689201184,-3.8517251516131528,0.69827948995929878,1,1,0,0
23.400000000000002,13.884192937779638,923.52714557227569,-3.7887107474704353,0.69827362293050432,1,1,0,0
23.5,13.58963639624128,920.92777811533324,-3.7389648407698393,0.69826761282361749,1,1,0,0
23.600000000000001,13.294293394917659,918.32074919809088,-3.6745012385220526,0.69826146097404507,1,1,0,0
23.700000000000003,12.998262626873194,915.70669738755316,-3.5746714652372242,0.69825516955922795,1,1,0,0
23.800000000000001,12.701671716108201,913.08677770595921,-3.5286272745076985,0.69824874198921127,1,1,0,0
23.900000000000002,12.4046078892703,910.46180307788893,-3.4923543772641388,0.6982421805809258,1,1,0,0
24,12.107148852949571,907.83247836659109,-3.4160610912688587,0.69823548744511543,1,1,0,0
24.100000000000001,11.809352810140817,905.19934568179167,-3.3387484189386059,0.69822866415100848,1,1,0,0
24.200000000000003,11.511275294933508,902.5629308579496,-3.260444702427757,0.69822171227864815,1,1,0,0
24.300000000000001,11.212959386953836,899.92364566896163,-3.181305605553455,0.69821463299645314,1,1,0,0
24.400000000000002,10.914440231336458,897.28183467821998,-3.1015784021407597,0.69820742730859098,1,1,0,0
24.5,10.615749828230307,894.63781291293913,-3.0212440044496587,0.69820009611941758,1,1,0,0
24.600000000000001,10.316911924035576,891.99182220333421,-2.9404807430314119,0.69819264008678006,1,1,0,0
24.700000000000003,10.017948295555284,889.34408733686541,-2.8593319423187187,0.69818505984326362,1,1,0,0
24.800000000000001,9.718876576039559,886.69479571955969,-2.777842095255814,0.69817735587200902,1,1,0,0
24.900000000000002,9.4197110834709239,884.04410286236384,-2.6960977992866071,0.69816952857340087,1,1,0,0
25,9.1204648092459379,881.39215274925323,-2.6141038010263893,0.69816157831426529,1,1,0,0
25.100000000000001,8.8211478065268611,878.73906300222461,-2.5319153547991302,0.69815350536462661,1,1,0,0
25.200000000000003,8.5217690718482029,876.08493828316421,-2.4495547042658079,0.69814530997492852,1,1,0,0
25.300000000000001,8.2223361509019188,873.42987294928469,-2.3670391544909162,0.69813699234224602,1,1,0,0
25.400000000000002,7.9228552270548898,870.7739453811804,-2.2843974822636124,0.69812855262621154,1,1,0,0
25.5,7.6233319226273286,868.11722759548275,-2.2016379262715038,0.69811999097474897,1,1,0,0
25.600000000000001,7.3237707758638528,865.45978228120839,-2.1187767530799166,0.6981113074985632,1,1,0,0
25.700000000000003,7.0241757908811433,862.8016653278944,-2.0358269214624243,0.69810250229724991,1,1,0,0
25.800000000000001,6.7245504495323756,860.14292864934316,-1.9527941511014117,0.69809357545241457,1,1,0,0
25.900000000000002,6.4248976586893409,857.48361720324874,-1.8696908305051982,0.69808452702960955,1,1,0,0
26,6.1252200810393429,854.82377084701841,-1.7865210304495953,0.69807535709065305,1,1,0,0
26.100000000000001,5.8255199597809444,852.16342726001176,-1.7032921229377467,0.698066065683704,1,1,0,0
26.200000000000003,5.5257992635159914,849.50262006882792,-1.6200094967226004,0.69805665285104146,1,1,0,0
26.300000000000001,5.2260597740026933,846.84138010222136,-1.5366776018121973,0.69804711863062752,1,1,0,0
26.400000000000002,4.9263030216006074,844.1797355001944,-1.4533005741516529,0.69803746305389724,1,1,0,0
26.5,4.626530398684106,841.5177116657361,-1.3698826851733206,0.69802768615045518,1,1,0,0
26.600000000000001,4.3267431399422493,838.85533284784231,-1.2864265093442395,0.69801778794631764,1,1,0,0
26.700000000000003,4.0269423435821512,836.19262051639862,-1.2029360838452423,0.69800776846528634,1,1,0,0
26.800000000000001,3.7271290155900707,833.52959544452551,-1.119413399815945,0.69799762773017293,1,1,0,0
26.900000000000002,3.4273040483079371,830.86627654283836,-1.035861780918663,0.69798736576178411,1,1,0,0
27,3.1274682668228091,828.20268077465539,-0.95228319339621192,0.69797698258133267,1,1,0,0
27.100000000000001,2.8276224211840111,825.53882468082656,-0.86868023836393671,0.69796647820929025,1,1,0,0
27.200000000000003,2.5277671827554924,822.87472346609297,-0.78505486192247054,0.69795585266551341,1,1,0,0
27.300000000000001,2.2279031827324234,820.21039132333988,-0.70140939061320007,0.6979451059707813,1,1,0,0
27.400000000000002,1.9280309922535384,817.54584171580666,-0.61774547407179703,0.69793423814569056,1,1,0,0
27.5,1.6281511434319103,814.88108635737933,-0.53406533243579968,0.69792324921175508,1,1,0,0
27.600000000000001,1.3282641298317579,812.21613720704283,-0.45037042714197051,0.69791213919119155,1,1,0,0
27.700000000000003,1.0283703936047928,809.55100538714328,-0.36666280752209585,0.69790090810628247,1,1,0,0
27.800000000000001,0.72847035978283614,806.88570084641015,-0.28294396575933889,0.69788955598101721,1,1,0,0
27.900000000000002,0.42856442301591979,804.22023316016327,-0.19921565578637726,0.69787808284020725,0,0,0,0
28,0.12869015978668311,801.55006475633036,-0.11547939774425069,0.69786649041745674,0,0,0,0
28.100000000000001,0.078541314357240835,801.11515680912896,-0.00073725608716959678,0.69786113473659295,0,0,0,0
28.200000000000003,0.060822079733276906,800.97226701947864,-8.8909436873564829e-05,0.69785732111979315,0,0,0,0
28.300000000000001,0.052993667232764725,800.87773464295753,-0.00033542874518836357,0.69785352786448385,0,0,0,0
28.400000000000002,0.046486188649473112,800.79887018704937,-0.00027116956032557644,0.69784973057566524,0,0,0,0
28.5,0.040814592894785486,800.72806556813669,-0.00019884313747928599,0.69784593199333844,0,0,0,0
28.600000000000001,0.035975355205326826,800.66568743437722,-0.00015165851073088794,0.69784213186172905,0,0,0,0
28.700000000000003,0.031853073782130772,800.61072214753699,-0.00011319473867140257,0.6978383302333323,0,0,0,0
28.800000000000001,0.028328430190813002,800.56203031695429,-8.6092341850778155e-05,0.69783452726564621,0,0,0,0
28.900000000000002,0.025302822374101121,800.51869080278357,-6.706198891137236e-05,0.69783072310686434,0,0,0,0
29,0.022695410476034426,800.47994289401845,-5.3445826614336571e-05,0.6978269178928207,0,0,0,0
29.100000000000001,0.020439276640593196,800.44514909229906,-4.2639997391921227e-05,0.69782311174671663,0,0,0,0
29.200000000000003,0.018478863424812156,800.41377403862703,-3.1785784404052252e-05,0.69781930477868226,0,0,0,0
29.300000000000001,0.016768570508943075,800.38537297861615,-2.6356947134321818e-05,0.69781549708458823,0,0,0,0
29.400000000000002,0.015269565714367425,800.3595617414494,-2.0269701411277857e-05,0.6978116887505541,0,0,0,0
29.5,0.013950150839040484,800.33602192258081,-1.6759989313499923e-05,0.69780787984985349,0,0,0,0
29.600000000000001,0.012783440348627904,800.31447877459755,-1.322968767246836e-05,0.69780407044731629,0,0,0,0
29.700000000000003,0.011747372194956637,800.2947026166737,-1.1142783133702966e-05,0.69780026059792477,0,0,0,0
29.800000000000001,0.010823150458599114,800.27649372649319,-8.9081349892188878e-06,0.69779645035021021,0,0,0,0
29.900000000000002,0.0099953230509964453,800.25968420757658,-7.5848042867769082e-06,0.6977926397453138,0,0,0,0
30,0.0092506722212584019,800.24412693825138,-6.1549585530423468e-06,0.6977888288195403,0,0,0,0
30.100000000000001,0.008578286516299603,800.22969746605406,-5.2982589337237072e-06,0.69778501760365952,0,0,0,0
30.200000000000003,0.0079687861997918552,800.21628560217289,-4.3534966190811183e-06,0.69778120612507433,0,0,0,0
30.300000000000001,0.0074143947724572296,800.20379743877504,-3.7971471892014685e-06,0.69777739440704378,0,0,0,0
30.400000000000002,0.0069083894447955849,800.19214918953276,-3.1614468001624997e-06,0.69777358247038845,0,0,0,0
30.5,0.0064451456466883645,800.18126853127592,-2.7565875569317673e-06,0.69776977033296594,0,0,0,0
30.600000000000001,0.0060198008513190071,800.17109076878546,-2.3366211914759217e-06,0.69776595801076713,0,0,0,0
30.700000000000003,0.0056282263278242643,800.16155909086001,-2.0182770804873485e-06,0.69776214551773064,0,0,0,0
30.800000000000001,0.0052668609621466722,800.15262276750718,-1.7468760502479633e-06,0.69775833286627686,0,0,0,0
30.900000000000002,0.0049326341638658089,800.14423644664828,-1.5189784839488791e-06,0.69775452006744887,0,0,0,0
31,0.0046228831444506575,800.13635939767892,-1.3226318856548725e-06,0.69775070713111575,0,0,0,0
31.100000000000001,0.0043352922233444481,800.12895491865481,-1.1552673621682035e-06,0.69774689406612422,0,0,0,0
31.200000000000003,0.0040678364817327249,800.12198978221375,-1.0088186726518458e-06,0.69774308088043957,0,0,0,0
31.300000000000001,0.0038187393505547439,800.11543379130592,-8.822749072114381e-07,0.69773926758127147,0,0,0,0
31.400000000000002,0.0035864341018905883,800.10925943377595,-7.7302304250280404e-07,0.69773545417514671,0,0,0,0
31.5,0.0033695333566643743,800.1034415499289,-6.7809058565974323e-07,0.69773164066800808,0,0,0,0
31.600000000000001,0.0031668027471544466,800.09795704597298,-5.9593299139802778e-07,0.69772782706528436,0,0,0,0
31.700000000000003,0.002977139589840735,800.0927846782007,-5.2400903611158361e-07,0.69772401337194734,0,0,0,0
31.800000000000001,0.0027995544660606841,800.08790484741633,-4.6162998524257084e-07,0.69772019959256459,0,0,0,0
31.900000000000002,0.0026331561628409367,800.08329943230285,-4.0667557881443815e-07,0.69771638573134165,0,0,0,0
32,0.0024771386675471155,800.07895163862099,-3.5894526812762474e-07,0.69771257179216262,0,0,0,0
32.100000000000001,0.00233077044518148,800.07484587379872,-3.1666944201925251e-07,0.69770875777862018,0,0,0,0
32.200000000000003,0.0021933851589942149,800.07096763313882,-2.7992286995020194e-07,0.69770494369404557,0,0,0,0
32.300000000000004,0.0020643739554555979,800.06730340393585,-2.4722293403761632e-07,0.69770112954153329,0,0,0,0
32.399999999999999,0.0019431787628675366,800.06384057807304,-2.1879585725083627e-07,0.69769731532396217,0,0,0,0
32.5,0.0018292866713391462,800.06056737743006,-1.9339318211296965e-07,0.69769350104401473,0,0,0,0
32.600000000000001,0.0017222250260151913,800.05747278551416,-1.7131950993661851e-07,0.69768968670419329,0,0,0,0
32.700000000000003,0.0016215572746125003,800.05454648841339,-1.5151804410454464e-07,0.69768587230683599,0,0,0,0
32.800000000000004,0.0015268793190730105,800.05177882035014,-1.3432826712976584e-07,0.69768205785412885,0,0,0,0
32.899999999999999,0.0014378163985871062,800.0491607161448,-1.1885118979142066e-07,0.69767824334811823,0,0,0,0
33,0.0013540203313967775,800.04668366711917,-1.0543523699925765e-07,0.69767442879072106,0,0,0,0
33.100000000000001,0.0012751671350069466,800.04433968221315,-9.3312246731079696e-08,0.69767061418373433,0,0,0,0
33.200000000000003,0.0012009549041708087,800.04212125170943,-8.2824251808265439e-08,0.69766679952884403,0,0,0,0
33.300000000000004,0.0011311019616117566,800.04002131497339,-7.3312293883648573e-08,0.69766298482763278,0,0,0,0
33.399999999999999,0.0010653451961972354,800.03803323019213,-6.5103179250285608e-08,0.69765917008158684,0,0,0,0
33.5,0.0010034386002984827,800.03615074726986,-5.7629685570463564e-08,0.69765535529210265,0,0,0,0
33.600000000000001,0.00094515194547025068,800.03436798227995,-5.1198589201456998e-08,0.69765154046049316,0,0,0,0
33.700000000000003,0.00089026960569087057,800.03267939444277,-4.5320171745509838e-08,0.69764772558799248,0,0,0,0
33.800000000000004,0.00083858948440966574,800.03107976433444,-4.0278894596700273e-08,0.69764391067576159,0,0,0,0
33.899999999999999,0.00078992205257175487,800.02956417415658,-3.5650849766819074e-08,0.69764009572489327,0,0,0,0
34,0.00074408946602592377,800.02812798898958,-3.1697474154011403e-08,0.69763628073641548,0,0,0,0
34.100000000000001,0.00070092476770409627,800.02676683975494,-2.8050987470716852e-08,0.69763246571129567,0,0,0,0
34.200000000000003,0.00066027115173215997,800.02547660697769,-2.4950070960477414e-08,0.69762865065044533,0,0,0,0
34.300000000000004,0.0006219812933086666,800.02425340598381,-2.2074998257596305e-08,0.69762483555472254,0,0,0,0
34.399999999999999,0.00058591672789592346,800.02309357275385,-1.9642558760859872e-08,0.69762102042493512,0,0,0,0
34.5,0.00055194728220896454,800.02199365100296,-1.7374306250746322e-08,0.69761720526184434,0,0,0,0
34.600000000000001,0.00051995054526122347,800.02095037979984,-1.5466348162026583e-08,0.6976133900661674,0,0,0,0
34.700000000000003,0.00048981138078577958,800.01996068224651,-1.3675804573407788e-08,0.69760957483857966,0,0,0,0
34.800000000000004,0.00046142147281171529,800.01902165460024,-1.2179494184853022e-08,0.69760575957971782,0,0,0,0
34.899999999999999,0.00043467890471697611,800.01813055632954,-1.0765260753875892e-08,0.69760194429018174,0,0,0,0
35,0.00040948776619592511,800.01728480052702,-9.5921042368462683e-09,0.69759812897053675,0,0,0,0
35.100000000000001,0.00038575778761855287,800.01648194515269,-8.4744707438400081e-09,0.69759431362131585,0,0,0,0
35.200000000000003,0.00036340399824783584,800.01571968456699,-7.5550187785868597e-09,0.69759049824302066,0,0,0,0
35.300000000000004,0.00034234640708395253,800.0149958418051,-6.6712764168984672e-09,0.69758668283612513,0,0,0,0
35.399999999999999,0.00032250970436385832,800.01430836108568,-5.9510007125710567e-09,0.69758286740107522,0,0,0,0
35.5,0.0003038229818973381,800.0136553009844,-5.2517847773603774e-09,0.69757905193829151,0,0,0,0
35.600000000000001,0.00028621947148048578,800.01303482779736,-4.6878591669653901e-09,0.69757523644817077,0,0,0,0
35.700000000000003,0.00026963629908428448,800.0124452095024,-4.1342889571237112e-09,0.69757142093108659,0,0,0,0
35.800000000000004,0.00025401425500824488,800.01188480987332,-3.6930718049855455e-09,0.6975676053873916,0,0,0,0
35.899999999999999,0.00023929757730180063,800.01135208313201,-3.2545100784994341e-09,0.69756378981741818,0,0,0,0
36,0.00022543374939158767,800.01084556872343,-2.9095722993745421e-09,0.69755997422147953,0,0,0,0
36.100000000000001,0.00021237330889750444,800.01036388658167,-2.5618676915190504e-09,0.69755615859987141,0,0,0,0
36.200000000000003,0.0002000696691682615,800.00990573247998,-2.2924463975112488e-09,0.69755234295287227,0,0,0,0
36.300000000000004,0.00018847895026280863,800.00946987384191,-2.0165532304753047e-09,0.69754852728074479,0,0,0,0
36.399999999999999,0.00017755982138133723,800.00905514560486,-1.8063381068404447e-09,0.69754471158373688,0,0,0,0
36.5,0.00016727335126607415,800.00866044650502,-1.587231650178773e-09,0.69754089586208223,0,0,0,0
36.600000000000001,0.00015758286895615139,800.00828473539741,-1.4234118590181277e-09,0.69753708011600113,0,0,0,0
36.700000000000003,0.00014845383125304467,800.007927027964,-1.2492352308711281e-09,0.69753326434570129,0,0,0,0
36.800000000000004,0.00013985369958651906,800.00758639343394,-1.1217505635957959e-09,0.69752944855137888,0,0,0,0
36.899999999999999,0.00013175182251001701,800.00726195166919,-9.8314345101908697e-10,0.69752563273321888,0,0,0,0
37,0.00012411932676215228,800.00695287023689,-8.8409576046740431e-10,0.69752181689139547,0,0,0,0
37.100000000000001,0.00011692901302304211,800.00665836183077,-7.7366598043347672e-10,0.6975180010260732,0,0,0,0
37.200000000000003,0.00011015525950410102,800.00637768165871,-6.9685647920210949e-10,0.69751418513740748,0,0,0,0
37.300000000000004,0.0001037739294211293,800.00611012515697,-6.0876383656746063e-10,0.69751036922554421,0,0,0,0
37.399999999999999,9.7762285654205792e-05,800.00585502566094,-5.4932929051113025e-10,0.69750655329062183,0,0,0,0
37.5,9.2098908584392359e-05,800.00561175237817,-4.7895776928393834e-10,0.69750273733277046,0,0,0,0
37.600000000000001,8.6763620545101248e-05,800.00537970830885,-4.3308442556534882e-10,0.69749892135211289,0,0,0,0
37.700000000000003,8.1737412832855812e-05,800.00515832845292,-3.7678389407593022e-10,0.69749510534876513,0,0,0,0
37.800000000000004,7.7002378825586479e-05,800.00494707794849,-3.4148252870776743e-10,0.69749128932283644,0,0,0,0
37.899999999999999,7.2541649119737774e-05,800.00474545048678,-2.9636516837230653e-10,0.69748747327442995,0,0,0,0
38,6.833933232468662e-05,800.00455296664711,-2.6929419911519282e-10,0.69748365720364347,0,0,0,0
38.100000000000001,6.4380457401088119e-05,800.00436917249442,-2.3307402592436714e-10,0.69747984111056838,0,0,0,0
38.200000000000003,6.0650921257301026e-05,800.00419363808794,-2.124004295630372e-10,0.69747602499529138,0,0,0,0
38.300000000000004,5.7137437471935032e-05,800.00402595624325,-1.8326675815243487e-10,0.69747220885789452,0,0,0,0
38.400000000000006,5.3827489918851288e-05,800.00386574119364,-1.6755672388900424e-10,0.69746839269845484,0,0,0,0
38.5,5.0709287151764909e-05,800.00371262749877,-1.4407437253103813e-10,0.69746457651704508,0,0,0,0
38.600000000000001,4.7771721374140348e-05,800.00356626884366,-1.3220734604976048e-10,0.69746076031373405,0,0,0,0
38.700000000000003,4.5004327845337281e-05,800.00342633707294,-1.1323791308193747e-10,0.69745694408858672,0,0,0,0
38.800000000000004,4.2397248591073569e-05,800.00329252111601,-1.043390395372387e-10,0.69745312784166402,0,0,0,0
38.900000000000006,3.9941196264073823e-05,800.00316452613504,-8.8978786909387977e-11,0.69744931157302414,0,0,0,0
39,3.7627422058896334e-05,800.00304207255579,-8.2365825748762504e-11,0.69744549528272137,0,0,0,0
39.100000000000001,3.5447683524858656e-05,800.0029248953208,-6.9896653407512389e-11,0.697441678970807,0,0,0,0
39.200000000000003,3.3394216210375706e-05,800.00281274301483,-6.5038275455740608e-11,0.69743786263732999,0,0,0,0
39.300000000000004,3.1459704983010545e-05,800.00270537720974,-5.4889016676846809e-11,0.69743404628233596,0,0,0,0
39.400000000000006,2.9637258982003941e-05,800.00260257167474,-5.1372052367206549e-11,0.69743022990586823,0,0,0,0
39.5,2.7920386050557224e-05,800.00250411180286,-4.3087907740763332e-11,0.69742641350796775,0,0,0,0
39.600000000000001,2.6302970623743617e-05,800.0024097938965,-4.0591633844987586e-11,0.69742259708867327,0,0,0,0
39.700000000000003,2.4779250922130358e-05,800.00231942466655,-3.3810024212779945e-11,0.69741878064802076,0,0,0,0
39.800000000000004,2.3343799444450956e-05,800.00223282058562,-3.208598415571216e-11,0.69741496418604487,0,0,0,0
39.900000000000006,2.1991502611815215e-05,800.00214980744988,-2.6517467330677461e-11,0.69741114770277801,0,0,0,0
40,2.0717543571332451e-05,800.00207021979452,-2.5373641144110499e-11,0.69740733119825093,0,0,0,0
40.100000000000001,1.9517384015339167e-05,800.00199390050989,-2.0786824089236654e-11,0.69740351467249251,0,0,0,0
40.200000000000003,1.8386749035653814e-05,800.00192070031414,-2.007521664862392e-11,0.69739969812553004,0,0,0,0
40.300000000000004,1.7321610872999126e-05,800.00185047741684,-1.6284821069142307e-11,0.6973958815573893,0,0,0,0
40.400000000000006,1.6318175590849974e-05,800.00178309703961,-1.5891735941195472e-11,0.69739206496809469,0,0,0,0
40.5,1.5372868538137987e-05,800.00171843112719,-1.2749153322938355e-11,0.69738824835766933,0,0,0,0
40.600000000000001,1.4482322637642319e-05,800.00165635790893,-1.2587576025579346e-11,0.69738443172613473,0,0,0,0
40.700000000000003,1.3643365369154353e-05,800.0015967616489,-9.973388532603925e-12,0.69738061507351168,0,0,0,0
40.800000000000004,1.2853008490774468e-05,800.00153953224662,-9.9770260927366043e-12,0.69737679839981925,0,0,0,0
40.900000000000006,1.2108436371516566e-05,800.00148456502347,-7.7950803855178464e-12,0.69737298170507589,0,0,0,0
41,1.140699698404715e-05,800.00143176035579,-7.9137008707178764e-12,0.69736916498929868,0,0,0,0
41.100000000000001,1.0746191435043131e-05,800.00138102349308,-6.0864090954232581e-12,0.69736534825250451,0,0,0,0
41.200000000000003,1.0123666086204731e-05,800.00133226422201,-6.2822010846718512e-12,0.69736153149470792,0,0,0,0
41.300000000000004,9.5372031477841717e-06,800.00128539671277,-4.7468119945774437e-12,0.69735771471592412,0,0,0,0
41.400000000000006,8.9847138006203066e-06,800.00124033920929,-4.9915438353707403e-12,0.69735389791616675,0,0,0,0
41.5,8.464229733481398e-06,800.00119701390065,-3.6971812065860537e-12,0.69735008109544849,0,0,0,0
41.600000000000001,7.9738971532864565e-06,800.00115534663598,-3.9699871160239183e-12,0.69734626425378199,0,0,0,0
41.700000000000003,7.5119691602498512e-06,800.00111526681849,-2.8752953197866193e-12,0.69734244739117857,0,0,0,0
41.800000000000004,7.0768005462692148e-06,800.00107670713976,-3.1609524543544084e-12,0.6973386305076491,0,0,0,0
41.900000000000006,6.666840913530572e-06,800.00103960349577,-2.232222754603834e-12,0.69733481360320415,0,0,0,0
42,6.2806301725143551e-06,800.00100389473937,-2.5198125671749605e-12,0.69733099667785325,0,0,0,0
42.100000000000001,5.9167923203908751e-06,800.00096952261435,-1.7294902554091888e-12,0.69732717973160574,0,0,0,0
42.200000000000003,5.5740315599175249e-06,800.00093643152502,-2.0113603941199182e-12,0.69732336276447049,0,0,0,0
42.300000000000004,5.2511266633950302e-06,800.00090456848523,-1.3368538532174185e-12,0.69731954577645527,0,0,0,0
42.400000000000006,4.9469276424654947e-06,800.00087388290262,-1.6078148817746247e-12,0.69731572876756798,0,0,0,0
42.5,4.6603506319978714e-06,800.00084432654455,-1.0305441944635119e-12,0.69731191173781615,0,0,0,0
42.600000000000001,4.3903750487241366e-06,800.00081585333442,-1.2872496012768213e-12,0.69730809468720656,0,0,0,0
42.700000000000003,4.1360389364560024e-06,800.00078841932861,-7.918853679506894e-13,0.69730427761574543,0,0,0,0
42.800000000000004,3.8964365585448145e-06,800.00076198252611,-1.032354471732155e-12,0.69730046052343941,0,0,0,0
42.900000000000006,3.6707141527381184e-06,800.00073650285697,-6.0620780706323511e-13,0.69729664341029407,0,0,0,0
43,3.4580679085212129e-06,800.00071194200336,-8.294598996438916e-13,0.69729282627631484,0,0,0,0
43.100000000000001,3.2577400855040001e-06,800.00068826339611,-4.6199270931505827e-13,0.69728900912150693,0,0,0,0
43.200000000000003,3.0690173323483012e-06,800.00066543204707,-6.677676720566903e-13,0.69728519194587524,0,0,0,0
43.300000000000004,2.8912271278745465e-06,800.00064341455311,-3.5019873179967978e-13,0.69728137474942431,0,0,0,0
43.400000000000006,2.7237364030174284e-06,800.0006221789389,-5.3874473774522653e-13,0.69727755753215859,0,0,0,0
43.5,2.5659482684615678e-06,800.00060169466781,-2.6373217504256731e-13,0.69727374029408207,0,0,0,0
43.600000000000001,2.4173009054782106e-06,800.00058193249174,-4.3564533765843013e-13,0.69726992303519864,0,0,0,0
43.700000000000003,2.2772645478965103e-06,800.00056286447045,-1.9703012643021991e-13,0.69726610575551207,0,0,0,0
43.800000000000004,2.1453406114045536e-06,800.00054446382819,-3.5313426330622379e-13,0.69726228845502558,0,0,0,0
43.900000000000006,2.0210589015181998e-06,800.0005267049778,-1.4573251565361403e-13,0.6972584711337424,0,0,0,0
44,1.9039769543592846e-06,800.00050956338544,-2.8698980889939716e-13,0.69725465379166585,0,0,0,0
44.100000000000001,1.7936774451459708e-06,800.00049301560045,-1.0642415364213372e-13,0.69725083642879837,0,0,0,0
44.200000000000003,1.6897677167161366e-06,800.0004770391231,-2.3386952498068699e-13,0.69724701904514308,0,0,0,0
44.300000000000004,1.5918773660520625e-06,800.00046161244109,-7.6431853959732453e-14,0.69724320164070219,0,0,0,0
44.400000000000006,1.4996579393765335e-06,800.00044671490377,-1.911254680365569e-13,0.69723938421547815,0,0,0,0
44.5,1.4127806765722316e-06,800.00043232676171,-5.3664899933553542e-14,0.6972355667694734,0,0,0,0
44.600000000000001,1.3309363542697916e-06,800.00041842904398,-1.5665846166683316e-13,0.69723174930268972,0,0,0,0
44.700000000000003,1.2538331703606361e-06,800.00040500360421,-3.6489622272628009e-14,0.69722793181512932,0,0,0,0
44.800000000000004,1.1811967183046061e-06,800.00039203300037,-1.2880311075704108e-13,0.69722411430679387,0,0,0,0
44.900000000000006,1.1127679962523094e-06,800.00037950054491,-2.3630815819490968e-14,0.69722029677768549,0,0,0,0
45,1.0483034974022509e-06,800.00036739018924,-1.0623705636418364e-13,0.69721647922780539,0,0,0,0
45.100000000000001,9.8757333007665617e-07,800.00035568657438,-1.409426965873015e-14,0.69721266165715523,0,0,0,0
45.200000000000003,9.3036141093815401e-07,800.00034437492081,-8.790934747127367e-14,0.69720884406573647,0,0,0,0
45.300000000000004,8.764636835253982e-07,800.00033344108238,-7.1059083003032672e-15,0.69720502645355054,0,0,0,0
45.400000000000006,8.2568840278729198e-07,800.00032287143699,-7.2983884155402496e-14,0.69720120882059833,0,0,0,0
45.5,7.7785444088023252e-07,800.00031265294501,-2.0639948242571062e-15,0.69719739116688129,0,0,0,0
45.600000000000001,7.3279165292765735e-07,800.00030277304154,-6.0794748113186661e-14,0.69719357349240052,0,0,0,0
45.700000000000003,6.9033926021755828e-07,800.00029321969657,1.4983921720316612e-15,0.69718975579715714,0,0,0,0
45.800000000000004,6.5034628798002054e-07,800.0002839813119,-5.0810910222103485e-14,0.6971859380811517,0,0,0,0
45.900000000000006,6.1267001729130866e-07,800.00027504678167,3.9428057857145351e-15,0.69718212034438543,0,0,0,0
46,5.7717648676851341e-07,800.00026640539068,-4.2608335999665256e-14,0.69717830258685898,0,0,0,0
46.100000000000001,5.4373900553672699e-07,800.00025804687857,5.5485283739602921e-15,0.69717448480857303,0,0,0,0
46.200000000000003,5.1223871156613636e-07,800.00024996133914,-3.5847928685888254e-14,0.69717066700952846,0,0,0,0
46.300000000000004,4.8256313883982401e-07,800.00024213928532,6.5306807989278431e-15,0.6971668491897256,0,0,0,0
46.400000000000006,4.5460682588856894e-07,800.00023457155237,-3.025808025512425e-14,0.69716303134916535,0,0,0,0
46.5,4.2826993124073383e-07,800.00022724936332,7.054410712449922e-15,0.69715921348784804,0,0,0,0
46.600000000000001,4.0345888648829609e-07,800.00022016423247,-2.5620860698495764e-14,0.69715539560577422,0,0,0,0
46.700000000000003,3.8008505437302734e-07,800.00021330803315,7.2460030181001903e-15,0.69715157770294423,0,0,0,0
46.800000000000004,3.5806542140240152e-07,800.00020667290391,-2.1761079553637889e-14,0.69714775977935861,0,0,0,0
46.900000000000006,3.373212941592065e-07,800.00020025131505,7.2015724105558026e-15,0.69714394183501749,0,0,0,0
47,3.1777902667949956e-07,800.00019403597855,-1.8537618421045833e-14,0.69714012386992164,0,0,0,0
47.100000000000001,2.993687505807758e-07,800.00018801991394,6.9938594040139149e-15,0.69713630588407072,0,0,0,0
47.200000000000003,2.8202513343027608e-07,800.00018219635865,-1.5836556250916466e-14,0.69713248787746551,0,0,0,0
47.300000000000004,2.6568613926581568e-07,800.00017655883846,6.67753727014839e-15,0.69712866985010591,0,0,0,0
47.400000000000006,2.5029381384630001e-07,800.00017110107444,-1.3565713492983195e-14,0.69712485180199213,0,0,0,0
47.5,2.3579307231863381e-07,800.000165817057,6.2933526993429293e-15,0.69712103373312428,0,0,0,0
47.600000000000001,2.2213250868976326e-07,800.00016070095421,-1.165031793788656e-14,0.6971172156435026,0,0,0,0
47.700000000000003,2.0926320717686887e-07,800.00015574718407,5.8713516499875273e-15,0.69711339753312729,0,0,0,0
47.800000000000004,1.9713957330198134e-07,800.00015095032529,-1.0029558383364757e-14,0.69710957940199803,0,0,0,0
47.900000000000006,1.8571816636532972e-07,800.00014630519104,5.4333890044982205e-15,0.69710576125011525,0,0,0,0
48,1.7495854954021925e-07,800.00014180673918,-8.6538412273067145e-15,0.69710194307747875,0,0,0,0
48.100000000000001,1.6482214124638944e-07,800.00013745014678,4.9950776679278592e-15,0.69709812488408862,0,0,0,0
48.200000000000003,1.5527308214536737e-07,800.00013323072176,-7.4826042544317588e-15,0.69709430666994465,0,0,0,0
48.300000000000004,1.4627710303411124e-07,800.00012914397712,4.5672997341167021e-15,0.69709048843504706,0,0,0,0
48.400000000000006,1.3780240702664609e-07,800.00012518554456,-6.4825720919653463e-15,0.69708667017939552,0,0,0,0
48.5,1.2981855228882748e-07,800.00012135124746,4.1573748757527002e-15,0.69708285190299024,0,0,0,0
48.600000000000001,1.2229734720767759e-07,800.00011763701536,-5.626362015983819e-15,0.6970790336058309,0,0,0,0
48.700000000000003,1.1521174681332591e-07,800.00011403896031,3.7699618721438643e-15,0.69707521528791727,0,0,0,0
48.800000000000004,1.0853675916338477e-07,800.00011055328764,-4.8913682351630559e-15,0.69707139694924958,0,0,0,0
48.900000000000006,1.022483538985958e-07,800.0001071763744,3.4077517742535872e-15,0.69706757858982737,0,0,0,0
49,9.6324378892970063e-08,800.00010390468321,-4.2588675152242418e-15,0.69706376020965055,0,0,0,0
49.100000000000001,0.22475798140621098,802.01400454452119,0.057435555980024887,0.69705245219935563,0,0,0,0
49.200000000000003,0.47859129114910587,804.29245481293742,0.12099531832006637,0.69704148207649408,0,0,0,0
49.300000000000004,0.74139629608349655,806.61877207560281,0.17879487079743589,0.69702995179958072,1,1,0,0
49.400000000000006,1.0054667800573878,808.96006544166619,0.23907460977512485,0.69701821814035891,1,1,0,0
49.5,1.2702397439018187,811.30816949803182,0.31324387873045062,0.69700632707324806,1,1,0,0
49.600000000000001,1.535759836088437,813.66405570002871,0.3730113167662869,0.696994278057672,1,1,0,0
49.700000000000003,1.8019580013462673,816.02701352022245,0.4281976796518539,0.69698207340203877,1,1,0,0
49.800000000000004,2.0686920807433022,818.39565506974714,0.45290320886384894,0.6969697197606628,1,1,0,0
49.900000000000006,2.3358921220582989,820.76937278750461,0.52049379872933688,0.69695722073664401,1,1,0,0
50,2.6034710160187533,823.1473096390356,0.58819346236979086,0.69694458051043584,1,1,0,0
50.100000000000001,2.86305568322316,825.4528241828483,0.69072100872193298,0.69693232106881942,1,1,0,0
50.200000000000003,3.1219069554015144,827.75307976849388,0.75283397319070389,0.6969199563715569,1,1,0,0
50.300000000000004,3.3805387728428298,830.05395580302218,0.81651214127612903,0.69690749343883296,1,1,0,0
50.400000000000006,3.6393515541408474,832.35701723278282,0.88034706648298566,0.69689490921128427,1,1,0,0
50.5,3.8983200023012601,834.66207231207227,0.92887374592869598,0.69688220331399309,1,1,0,0
50.600000000000001,4.1573969218506122,836.96866523236486,0.98001023071757476,0.69686937805944538,1,1,0,0
50.700000000000003,4.4165677199521207,839.27664563068038,1.0525369200293659,0.69685643424615795,1,1,0,0
50.800000000000004,4.6758236370421855,841.58590797932925,1.1237397906747477,0.69684337213023784,1,1,0,0
50.900000000000006,4.935150872892498,843.89629228584897,1.1835353488564802,0.69683019232474719,1,1,0,0
51,5.1945415458821369,846.20771481462998,1.2430812344630475,0.69681689511681355,1,1,0,0
51.100000000000001,5.4622917565735767,848.59843990772322,1.3810410481783673,0.69680292448432835,1,1,0,0
51.200000000000003,5.7311413844753991,850.99616383393345,1.4401285515953957,0.69678880176824476,1,1,0,0
51.300000000000004,6.0004430337687271,853.39670478498294,1.4976153808877839,0.69677452838023513,1,1,0,0
51.400000000000006,6.2698120005608455,855.79842896813648,1.562103158855525,0.69676012663705056,1,1,0,0
51.5,6.5392227330607042,858.20091809293842,1.6491500321232173,0.69674559940538605,1,1,0,0
51.600000000000001,6.8086981994026425,860.60435661826341,1.706469191323573,0.69673094525189883,1,1,0,0
51.700000000000003,7.0782259379021522,863.00860817515422,1.7573557919589968,0.69671616454373952,1,1,0,0
51.800000000000004,7.3477964596046386,865.41357282635033,1.8267468881606228,0.69670125774730429,1,1,0,0
51.900000000000006,7.6174065820870638,867.81920424413136,1.911247654539755,0.69668622488934417,1,1,0,0
52,7.8870505888858498,870.22543442879885,1.9818101230790008,0.69667106614177765,1,1,0,0
52.100000000000001,8.1567248887582835,872.63221616257965,2.0437796203015894,0.69665578157222119,1,1,0,0
52.200000000000003,8.4264259226782645,875.03950229709733,2.1108069858540057,0.69664037122833822,1,1,0,0
52.300000000000004,8.6961507178662956,877.44725212827404,2.1836007717670189,0.69662483513173545,1,1,0,0
52.400000000000006,8.9658968140804891,879.85543029919245,2.2539354185170972,0.69660917327052185,1,1,0,0
52.5,9.2356620120185262,882.26400455243731,2.3208718603543521,0.69659338561896234,1,1,0,0
52.600000000000001,9.5054444460670915,884.6729461990883,2.3887826965321741,0.69657747212908849,1,1,0,0
52.700000000000003,9.7752424648385929,887.08222907082245,2.458787392208738,0.69656143273919269,1,1,0,0
52.800000000000004,10.045054643326552,889.49182972828089,2.5284542091898863,0.69654526737374367,1,1,0,0
52.900000000000006,10.314879728569922,891.90172685366088,2.5969065396280873,0.69652897594607344,1,1,0,0
53,10.58471661444816,894.31190096537807,2.6654701615812564,0.69651255835940606,1,1,0,0
53.100000000000001,10.846321870798302,896.64013188025319,2.6431146511829042,0.69649663845497278,1,1,0,0
53.200000000000003,11.106782658891722,898.96596912813834,2.7063233079636286,0.69648064190652348,1,1,0,0
53.300000000000004,11.366887346069074,901.29047037624514,2.7685816982559226,0.69646455248424222,1,1,0,0
53.400000000000006,11.626965064426871,903.61448334910438,2.8122088431110952,0.69644834887442131,1,1,0,0
53.5,11.887047179825647,905.93863172973067,2.8874594205153916,0.69643202733387199,1,1,0,0
53.600000000000001,12.147092115016966,908.26254969229512,2.9086680250007348,0.69641559047308743,1,1,0,0
53.700000000000003,12.407130440045778,910.58649549139284,2.9728212169251416,0.69639903620025689,1,1,0,0
53.800000000000004,12.667149793775703,912.910345840741,3.0367445262651884,0.69638236528083597,1,1,0,0
53.900000000000006,12.927159337978841,915.2341858669572,3.1006625484569779,0.6963655767367618,1,1,0,0
54,13.187163111132222,917.55804659557612,3.1649127266673345,0.69634867033686432,1,1,0,0
54.100000000000001,13.455372622816569,919.96605692899891,3.4263588939970577,0.69633098446655295,1,1,0,0
54.200000000000003,13.724758382807128,922.37465356886105,3.4899572262897087,0.69631313337267631,1,1,0,0
54.300000000000004,13.994524865433611,924.78501016443408,3.5322329059353255,0.69629512473336075,1,1,0,0
54.400000000000006,14.264305440069172,927.19606675576836,3.6110045560937292,0.69627698563823914,1,1,0,0
54.5,14.534093533297673,929.6072571228201,3.6721039964743567,0.69625871819623064,1,1,0,0
54.600000000000001,14.803918745673734,932.01886753142583,3.6965873455458054,0.69624032010518844,1,1,0,0
54.700000000000003,15.073759339540352,934.43065850418884,3.7660294528095348,0.69622179254636851,1,1,0,0
54.800000000000004,15.343624319616014,936.84276830754595,3.8359060044509774,0.69620313469387629,1,1,0,0
54.900000000000006,15.613502840604779,939.25508355430566,3.9056879301731278,0.69618434725621725,1,1,0,0
55,15.88339469945935,941.66757841793435,3.975355270447464,0.69616542989465802,1,1,0,0
55.100000000000001,16.153300552268444,944.08026741219726,4.0453057407975388,0.69614638249336513,1,1,0,0
55.200000000000003,16.423214067360998,946.4930878846003,4.1150548383409795,0.69612720526558036,1,1,0,0
55.300000000000004,16.693137872438832,948.90606571902754,4.1849666537726691,0.69610789780910221,1,1,0,0
55.400000000000006,16.963068734198071,951.31916630379988,4.2549054065265608,0.69608846021530524,1,1,0,0
55.5,17.233005760825435,953.73237607388842,4.3248197264453596,0.69606889229865287,1,1,0,0
55.600000000000001,17.502949297482441,956.14570043810045,4.3948673574865991,0.69604919386919084,1,1,0,0
55.700000000000003,17.772897105879068,958.55911435633971,4.4648911398194659,0.69602936488345135,1,1,0,0
55.800000000000004,18.042849757820445,960.9726210323654,4.5349919260117968,0.69600940508707876,1,1,0,0
55.900000000000006,18.312806261828531,963.3862101950084,4.6051522207958548,0.69598931437015499,1,1,0,0
56,18.582766052544216,965.79987328827406,4.6753320577669859,0.69596909255431338,1,1,0,0
56.100000000000001,18.84457042182845,968.12547402886173,4.619847360950426,0.69594946839521254,1,1,0,0
56.200000000000003,19.105108285573515,970.45442924074553,4.692053007172496,0.69592977493865515,1,1,0,0
56.300000000000004,19.365297133536707,972.78194214546068,4.7541179673691376,0.69590998905628754,1,1,0,0
56.400000000000006,19.625467320516755,975.10867498642654,4.8087836111911839,0.69589008360225779,1,1,0,0
56.5,19.885632639214844,977.43539836952471,4.8725832091026637,0.69587005541880931,1,1,0,0
56.600000000000001,20.145758692563888,979.76180073616615,4.9558948461765731,0.69584990712512285,1,1,0,0
56.700000000000003,20.405870287264442,982.08805885103936,5.0125876044626372,0.69582963677912102,1,1,0,0
56.800000000000004,20.665961728184172,984.4141496238658,5.0717136052513823,0.69580924447838854,1,1,0,0
56.900000000000006,20.926039293896952,986.7401124153464,5.142437784785848,0.69578872963116978,1,1,0,0
57,21.186104993165142,989.06597378366871,5.2131662331392734,0.6957680918281608,1,1,0,0
57.100000000000001,21.454284050655225,991.48122583897975,5.5001598639094889,0.69574657026719411,1,1,0,0
57.200000000000003,21.723796543199711,993.892471117122,5.5579269859821698,0.6957248510675631,1,1,0,0
57.300000000000004,21.993602892329235,996.30435191906508,5.6231218565648557,0.69570297324929142,1,1,0,0
57.400000000000006,22.263437197340327,998.71712285172271,5.6771733325192422,0.6956809579204043,1,1,0,0
57.5,22.533278182895685,1001.1299713508386,5.74365274591519,0.6956588081500551,1,1,0,0
57.600000000000001,22.803152780643796,1003.5431235094599,5.7780114901560111,0.69563652142813592,1,1,0,0
57.700000000000003,23.073039825158858,1005.9564263195047,5.8492645077660192,0.69561409919928452,1,1,0,0
57.800000000000004,23.342946804276053,1008.3699490686083,5.9209584100023847,0.69559154056271821,1,1,0,0
57.900000000000006,23.612866198267593,1010.783598212876,5.9926875805612383,0.69556884606882885,1,1,0,0
58,23.882795485278283,1013.1973781494407,6.0641666151998788,0.69554601553651862,1,1,0,0
58.100000000000001,24.152736238496267,1015.6112849400712,6.1360304186633261,0.69552304870193415,1,1,0,0
58.200000000000003,24.422683066481447,1018.0252745590988,6.207680227481573,0.69549994575625729,1,1,0,0
58.300000000000004,24.69263749720977,1020.4393641527574,6.2794955468275253,0.69547670630586356,1,1,0,0
58.400000000000006,24.962597464385009,1022.8535261718863,6.3513796955224668,0.69545333033684642,1,1,0,0
58.5,25.232561731147552,1025.2677567937574,6.4232426155007918,0.69542981767521983,1,1,0,0
58.600000000000001,25.502530676026357,1027.6820539501887,6.4952570265373453,0.69540616807505407,1,1,0,0
58.700000000000003,25.77250260431142,1030.0964026546831,6.5672839167931505,0.69538238143330278,1,1,0,0
58.800000000000004,26.042477715367191,1032.5108057917107,6.6393891553297593,0.69535845747880443,1,1,0,0
58.900000000000006,26.312455403022739,1034.9252543168295,6.711593155775291,0.69533439603464786,1,1,0,0
59,26.58243513837958,1037.3397454252722,6.7838282728196377,0.69531019688846185,1,1,0,0
59.100000000000001,26.844337209946957,1039.6607464992596,6.6478400272576597,0.69528669070013593,1,1,0,0
59.200000000000003,27.10483972027064,1041.989788012648,6.7372244672259134,0.69526313245806226,1,1,0,0
59.300000000000004,27.365053912423587,1044.3181577343244,6.8007089988974831,0.6952394728646959,1,1,0,0
59.400000000000006,27.625241627643465,1046.6456196595277,6.8574150842968953,0.69521568763381969,1,1,0,0
59.5,27.885408557504395,1048.9728780270748,6.9154725514552808,0.69519177486242234,1,1,0,0
59.600000000000001,28.145548476002634,1051.2999203101542,6.9976169540000885,0.69516773474016647,1,1,0,0
59.700000000000003,28.405667250721063,1053.6267502736168,7.0718811235185832,0.69514356666312838,1,1,0,0
59.800000000000004,28.665768652670266,1055.9534214628297,7.1321373523063025,0.69511926999083784,1,1,0,0
59.900000000000006,28.925855126301759,1058.279947418398,7.196081728995833,0.69509484429905211,1,1,0,0
60,29.185929515112903,1060.6063568467014,7.2701417590232369,0.69507028907679957,1,1,0,0
60.100000000000001,29.454035771618763,1063.027649907044,7.6371535151424341,0.6950447404580703,1,1,0,0
60.200000000000003,29.723595130127258,1065.4398787411069,7.6908939578897089,0.69501896611455183,1,1,0,0
60.300000000000004,29.993415724266065,1067.8522275541716,7.7555928751926526,0.69499302533622387,1,1,0,0
60.400000000000006,30.263260242980305,1070.2655582622315,7.8130467617547055,0.69496693989107661,1,1,0,0
60.5,30.533115421168301,1072.6789794917079,7.9010842315908967,0.69494071218838538,1,1,0,0
60.600000000000001,30.803000104911344,1075.092672184119,7.9209845754850861,0.69491434015151077,1,1,0,0
60.700000000000003,31.072898264229011,1077.5064903839384,7.9948801105821268,0.69488782498511859,1,1,0,0
60.800000000000004,31.34281384871576,1079.9205148989297,8.0691323921197213,0.69486116597042069,1,1,0,0
60.900000000000006,31.612741612835393,1082.3346524484537,8.1434843415851983,0.69483436347994376,1,1,0,0
61,31.88267872896575,1084.7489061567444,8.2175793143433786,0.69480741737176033,1,1,0,0
61.100000000000001,31.936714165231688,1084.5470872235674,0.3727240062229264,0.69479835364561793,1,1,0,0
61.200000000000003,31.948898482227335,1084.6321926652231,0.34289785944781681,0.69479182508848969,1,1,0,0
61.300000000000004,31.955143642193747,1084.7226013977943,0.40401230258809417,0.69478561082042323,1,1,0,0
61.400000000000006,31.960538465525513,1084.7886088170035,0.38814705723608584,0.69477945353770965,1,1,0,0
61.5,31.96517968174949,1084.8470178193488,0.36509110216887336,0.69477333569802313,1,1,0,0
61.600000000000001,31.969140917588472,1084.8990004716195,0.34459163640772073,0.69476725289838093,1,1,0,0
61.700000000000003,31.97252881831772,1084.9451844500172,0.33111713657227604,0.69476119972574713,1,1,0,0
61.800000000000004,31.975439851521735,1084.9864294086715,0.31423683640498473,0.69475517119465624,1,1,0,0
61.900000000000006,31.977949644876762,1085.0234280194709,0.30280950792852152,0.69474916335854064,1,1,0,0
62,31.98012081852805,1085.0567388059528,0.29493962858159284,0.69474317298645782,1,1,0,0
62.100000000000001,31.98201063994917,1085.0868902038785,0.29233544001652428,0.69473719711389015,1,1,0,0
62.200000000000003,31.983660450362056,1085.114265135968,0.28468044696091699,0.69473123361045941,1,1,0,0
62.300000000000004,31.985107211127051,1085.1392135491178,0.27820468450969837,0.69472528056886551,1,1,0,0
62.400000000000006,31.986381767065048,1085.1620306668251,0.27272748827680832,0.69471933640193184,1,1,0,0
62.5,31.987509646523026,1085.1829665814287,0.26806539788747863,0.69471339979483249,1,1,0,0
62.600000000000001,31.988512277575033,1085.2022354258352,0.26409169712045477,0.69470746964456609,1,1,0,0
62.700000000000003,31.989407493918332,1085.2200191155523,0.26069125133826176,0.69470154503380055,1,1,0,0
62.800000000000004,31.990210231061639,1085.236474406242,0.25776688173592144,0.69469562519314376,1,1,0,0
62.900000000000006,31.990933050308236,1085.2517361479761,0.25524648309487591,0.69468970947613062,1,1,0,0
63,31.991586469504728,1085.2659208124146,0.25306128494893149,0.69468379734071473,1,1,0,0
63.100000000000001,31.992179388221935,1085.27912991018,0.25116036224003946,0.69467788832798549,1,1,0,0
63.200000000000003,31.99271931278459,1085.2914517421329,0.24949928035693475,0.69467198205073843,1,1,0,0
63.300000000000004,31.993212606341931,1085.3029638808025,0.24804019003669187,0.69466607818013515,1,1,0,0
63.400000000000006,31.993664690589895,1085.3137346172564,0.24675397913232019,0.69466017643588795,1,1,0,0
63.5,31.994080180973295,1085.3238243159019,0.2456140401959935,0.69465427657897838,1,1,0,0
63.600000000000001,31.994463039525673,1085.333286720298,0.24459963969215151,0.69464837840394345,1,1,0,0
63.700000000000003,31.99481666981066,1085.3421697419292,0.24369302944581167,0.69464248173407495,1,1,0,0
63.800000000000004,31.995144009912114,1085.3505163841764,0.24287899273507615,0.69463658641651449,1,1,0,0
63.900000000000006,31.995447610352745,1085.3583653717774,0.24214542795308036,0.69463069231840091,1,1,0,0
64,31.995729689295544,1085.3657517023482,0.24148154255104498,0.69462479932396071,1,1,0,0
64.100000000000009,31.995992189308499,1085.372707168048,0.24087858612351862,0.69461890733162168,1,1,0,0
64.200000000000003,31.996236816742822,1085.3792607135608,0.24032908300421585,0.69461301625201965,1,1,0,0
64.299999999999997,31.996465077615895,1085.3854388064492,0.23982657541451519,0.69460712600612184,1,1,0,0
64.400000000000006,31.996678308274607,1085.3912657186841,0.23936574847866085,0.69460123652368455,1,1,0,0
64.5,31.996877698259198,1085.3967637677481,0.2389419082228639,0.69459534774206133,1,1,0,0
64.600000000000009,31.997064312304431,1085.4019535408765,0.23855110999106419,0.69458945960508323,1,1,0,0
64.700000000000003,31.997239106860835,1085.4068540655478,0.23818995143968544,0.69458357206221433,1,1,0,0
64.799999999999997,31.997402944624266,1085.4114829773432,0.237855452292007,0.69457768506779261,1,1,0,0
64.900000000000006,31.997556607046267,1085.415856640823,0.23754507913082507,0.69457179858040141,1,1,0,0
65,31.997700804178493,1085.4199902711364,0.23725657654730242,0.69456591256235201,1,1,0,0
65.100000000000009,31.997836183818801,1085.4238980656885,0.23698799886150604,0.69456002697920649,1,1,0,0
65.200000000000003,31.997963338563405,1085.4275932622729,0.23673762683662397,0.69455414179942865,1,1,0,0
65.299999999999997,31.998082812201694,1085.4310882200687,0.23650392694861691,0.6945482569940451,1,1,0,0
65.400000000000006,31.99819510522412,1085.4343945038831,0.23628556305398993,0.69454237253636264,1,1,0,0
65.5,31.998300679205339,1085.4375229384732,0.2360813191989074,0.69453648840173932,1,1,0,0
65.600000000000009,31.998399961053924,1085.4404836821059,0.23589012234069046,0.69453060456735838,1,1,0,0
65.700000000000003,31.998493346223555,1085.4432862592655,0.23571100494439703,0.69452472101207163,1,1,0,0
65.799999999999997,31.998581201787356,1085.4459396048112,0.23554308123724038,0.69451883771623368,1,1,0,0
65.900000000000006,31.998663869116388,1085.4484521148058,0.23538556886810197,0.69451295466156338,1,1,0,0
66,31.99874166601726,1085.4508316779534,0.23523773520949898,0.69450707183103133,1,1,0,0
66.100000000000009,31.998814888933513,1085.4530857222571,0.23509892726214232,0.69450118920874093,1,1,0,0
66.200000000000003,31.998883814559576,1085.4552212331835,0.23496854062268699,0.69449530677984972,1,1,0,0
66.299999999999997,31.9989487014942,1085.4572447816709,0.23484601611721809,0.69448942453048068,1,1,0,0
66.400000000000006,31.99900979169276,1085.4591625569449,0.23473084961977039,0.69448354244764432,1,1,0,0
66.5,31.9990673116341,1085.4609803868263,0.23462256410866364,0.69447766051917881,1,1,0,0
66.600000000000009,31.999121473593185,1085.4627037690923,0.23452072682804789,0.6944717787336776,1,1,0,0
66.700000000000003,31.999172476548143,1085.4643378829392,0.23442493444946563,0.69446589708044915,1,1,0,0
66.799999999999997,31.999220507170605,1085.4658876077747,0.23433480697892312,0.69446001554945891,1,1,0,0
66.900000000000006,31.999265740699869,1085.4673575459065,0.23425000131037663,0.69445413413128632,1,1,0,0
67,31.999308341651556,1085.4687520363584,0.23417018662466882,0.69444825281708467,1,1,0,0
67.100000000000009,31.999348464624322,1085.4700751770474,0.23409506337877481,0.69444237159853717,1,1,0,0
67.200000000000003,31.999386254864152,1085.4713308324433,0.23402434741073241,0.69443649046783051,1,1,0,0
67.299999999999997,31.999421848908867,1085.4725226468765,0.23395777187721037,0.69443060941761814,1,1,0,0
67.400000000000006,31.999455375160689,1085.4736540606816,0.23389509201996167,0.69442472844099068,1,1,0,0
67.5,31.999486954351891,1085.4747283200707,0.23383607295313696,0.69441884753145067,1,1,0,0
67.600000000000009,31.999516700092101,1085.4757484931251,0.23378049876617368,0.69441296668288122,1,1,0,0
67.700000000000003,31.9995447192452,1085.4767174752451,0.23372816609175195,0.6944070858895296,1,1,0,0
67.799999999999997,31.99957111237406,1085.4776379987366,0.23367888090881925,0.69440120514598103,1,1,0,0
67.900000000000006,31.999595974136035,1085.478512644607,0.23363246703108251,0.69439532444713903,1,1,0,0
68,31.999619393606256,1085.4793438497084,0.23358875249549851,0.69438944378820633,1,1,0,0
68.100000000000009,31.999641454663859,1085.4801339184994,0.23354758115241636,0.69438356316466443,1,1,0,0
68.200000000000003,31.999662236256267,1085.4808850269624,0.23350880330591872,0.69437768257226051,1,1,0,0
68.299999999999997,31.999681812716158,1085.4815992296772,0.23347227809855586,0.69437180200699,1,1,0,0
68.400000000000006,31.999700254044129,1085.4822784684675,0.23343787527945967,0.69436592146508191,1,1,0,0
68.5,31.999717626139891,1085.4829245776973,0.23340546967932685,0.69436004094298498,1,1,0,0
68.600000000000009,31.999733991081612,1085.4835392929215,0.23337494544685131,0.69435416043735332,1,1,0,0
68.700000000000003,31.999749407315925,1085.4841242538128,0.23334619346420563,0.69434827994503656,1,1,0,0
68.799999999999997,31.999763929888459,1085.4846810093538,0.23331910891671917,0.69434239946306775,1,1,0,0
68.900000000000006,31.999777610649215,1085.4852110242769,0.23329359679096554,0.6943365189886519,1,1,0,0
69,31.999790498421092,1085.485715682958,0.23326956370386659,0.69433063851915677,1,1,0,0
69.100000000000009,31.999802639204201,1085.4861962958653,0.23324692510663267,0.69432475805210148,1,1,0,0
69.200000000000003,31.999814076314703,1085.486654101702,0.23322559938948501,0.69431887758514976,1,1,0,0
69.299999999999997,31.999824850553953,1085.4870902712983,0.23320551003182649,0.69431299711610128,1,1,0,0
69.400000000000006,31.999835000359404,1085.4875059123617,0.23318658581253016,0.69430711664288258,1,1,0,0
69.5,31.999844561928352,1085.4879020724102,0.23316875856988781,0.694301236163541,1,1,0,0
69.600000000000009,31.999853569368504,1085.4882797435339,0.23315196480541486,0.69429535567623557,1,1,0,0
69.700000000000003,31.999862054800143,1085.4886398640283,0.23313614500115196,0.69428947517923312,1,1,0,0
69.799999999999997,31.999870048480972,1085.4889833212624,0.23312124159576222,0.69428359467090039,1,1,0,0
69.900000000000006,31.999877578917392,1085.4893109552474,0.233107202708768,0.69427771414969874,1,1,0,0
70,31.999884672955968,1085.4896235607946,0.2330939769746346,0.69427183361417866,1,1,0,0
70.100000000000009,31.999891355894672,1085.4899218910919,0.23308151818921249,0.6942659530629739,1,1,0,0
70.200000000000003,31.999897651558406,1085.4902066588993,0.23306978140260809,0.69426007249479782,1,1,0,0
70.299999999999997,31.999903582391294,1085.4904785387189,0.23305872477050116,0.69425419190843785,1,1,0,0
70.400000000000006,31.999909169539176,1085.490738169427,0.23304830902191434,0.69424831130275155,1,1,0,0
70.5,31.999914432917105,1085.4909861559158,0.23303849686997796,0.69424243067666302,1,1,0,0
70.600000000000009,31.999919391291904,1085.4912230717346,0.23302925326935822,0.69423655002915752,1,1,0,0
70.700000000000003,31.999924062337943,1085.4914494600125,0.23302054566044372,0.69423066935927968,1,1,0,0
70.799999999999997,31.99992846270565,1085.4916658350576,0.23301234225098971,0.69422478866612902,1,1,0,0
70.900000000000006,31.99993260808251,1085.4918726843466,0.2330046146649519,0.69421890794885743,1,1,0,0
71,31.999936513243167,1085.4920704697292,0.23299733450883967,0.69421302720666545,1,1,0,0
71.100000000000009,31.999940192110536,1085.4922596294236,0.23299047651459984,0.69420714643879944,1,1,0,0
71.200000000000003,31.999943657797292,1085.4924405786908,0.23298401581886216,0.69420126564455009,1,1,0,0
71.299999999999997,31.999946922656452,1085.4926137110517,0.23297792953893762,0.69419538482324827,1,1,0,0
71.400000000000006,31.999949998326795,1085.4927793997542,0.232972195934815,0.69418950397426382,1,1,0,0
71.5,31.999952895769891,1085.4929379986991,0.23296679462584924,0.6941836230970031,1,1,0,0
71.600000000000009,31.99995562531549,1085.4930898439068,0.23296170619490042,0.69417774219090633,1,1,0,0
71.700000000000003,31.999958196692223,1085.4932352540523,0.23295691285804829,0.69417186125544605,1,1,0,0
71.799999999999997,31.999960619065199,1085.4933745313538,0.23295239699002887,0.69416598029012533,1,1,0,0
71.900000000000006,31.999962901069605,1085.4935079626925,0.23294814310072617,0.69416009929447597,1,1,0,0
72,31.999965050838252,1085.4936358202885,0.23294413544154244,0.69415421826805668,1,1,0,0
72.100000000000009,31.999967076035183,1085.4937583628182,0.2329403602264592,0.69414833721045144,1,1,0,0
72.200000000000003,31.999968983878478,1085.4938758357982,0.2329368036512599,0.69414245612126824,1,1,0,0
72.299999999999997,31.99997078116812,1085.4939884722746,0.23293345323951559,0.69413657500013781,1,1,0,0
72.400000000000006,31.999972474310951,1085.4940964936413,0.23293029690946823,0.69413069384671189,1,1,0,0
72.5,31.999974069341064,1085.494200110169,0.23292732355651533,0.6941248126606625,1,1,0,0
72.600000000000009,31.999975571944795,1085.4942995218221,0.23292452238175143,0.69411893144168035,1,1,0,0
72.700000000000003,31.999976987477563,1085.4943949185704,0.23292188370538844,0.69411305018947389,1,1,0,0
72.799999999999997,31.999978320984646,1085.4944864808895,0.23291939771796513,0.69410716890376867,1,1,0,0
72.900000000000006,31.999979577219573,1085.4945743803928,0.23291705599923551,0.69410128758430545,1,1,0,0
73,31.999980760659362,1085.4946587802112,0.23291484977473118,0.69409540623084054,1,1,0,0
73.100000000000009,31.999981875522991,1085.4947398356262,0.2329127715603706,0.69408952484314357,1,1,0,0
73.200000000000003,31.999982925783932,1085.4948176942887,0.23291081365400598,0.69408364342099793,1,1,0,0
73.299999999999997,31.999983915185531,1085.4948924966141,0.23290896928919738,0.69407776196419901,1,1,0,0
73.400000000000006,31.999984847254701,1085.4949643762368,0.23290723171614192,0.6940718804725543,1,1,0,0
73.5,31.999985725313163,1085.4950334603209,0.23290559491838791,0.69406599894588217,1,1,0,0
73.600000000000009,31.999986552491215,1085.4950998700151,0.23290405285664403,0.69406011738401119,1,1,0,0
73.700000000000003,31.999987331736985,1085.4951637206354,0.23290260029627854,0.69405423578678016,1,1,0,0
73.799999999999997,31.999988065827868,1085.4952251219499,0.23290123174424471,0.69404835415403654,1,1,0,0
73.900000000000006,31.999988757380653,1085.4952841785387,0.23289994265692324,0.69404247248563722,1,1,0,0
74,31.999989408859943,1085.4953409900083,0.2328987281140163,0.69403659078144675,1,1,0,0
74.100000000000009,31.99999002258825,1085.4953956513543,0.23289758408433925,0.69403070904133723,1,1,0,0
74.200000000000003,31.999990600752952,1085.4954482530852,0.23289650623992891,0.69402482726518888,1,1,0,0
74.299999999999997,31.999991145414757,1085.4954988814513,0.23289549094334724,0.694018945452888,1,1,0,0
74.400000000000006,31.999991658515221,1085.4955476187038,0.23289453439279337,0.69401306360432757,1,1,0,0
74.5,31.999992141882938,1085.4955945432721,0.23289363336005769,0.69400718171940667,1,1,0,0
74.600000000000009,31.999992597241128,1085.4956397300211,0.23289278443902189,0.69400129979803027,1,1,0,0
74.700000000000003,31.999993026212724,1085.4956832503631,0.23289198482759835,0.69399541784010832,1,1,0,0
74.799999999999997,31.999993430326683,1085.4957251724179,0.23289123142401835,0.69398953584555667,1,1,0,0
74.900000000000006,31.999993811023543,1085.4957655612207,0.23289052180391498,0.69398365381429516,1,1,0,0
75,31.999994169660042,1085.4958044788448,0.23288985318201255,0.69397777174624842,1,1,0,0
75.100000000000009,31.999994507514735,1085.4958419846096,0.23288922341541227,0.69397188964134526,1,1,0,0
75.200000000000003,31.999994825791767,1085.4958781351538,0.23288863004674382,0.69396600749951887,1,1,0,0
75.299999999999997,31.999995125625546,1085.4959129845713,0.23288807114638729,0.69396012532070583,1,1,0,0
75.400000000000006,31.999995408084907,1085.4959465845532,0.23288754455046221,0.69395424310484655,1,1,0,0
75.5,31.999995674176468,1085.495978984497,0.23288704855166803,0.6939483608518846,1,1,0,0
75.600000000000009,31.999995924848871,1085.4960102316522,0.23288658120586392,0.69394247856176683,1,1,0,0
75.700000000000003,31.999996160995536,1085.4960403711889,0.2328861410393161,0.69393659623444282,1,1,0,0
75.799999999999997,31.999996383458157,1085.4960694462864,0.23288572627608609,0.69393071386986538,1,1,0,0
75.900000000000006,31.999996593029728,1085.4960974982589,0.23288533564856437,0.69392483146798967,1,1,0,0
76,31.999996790457143,1085.4961245666243,0.23288496755821186,0.69391894902877338,1,1,0,0
76.100000000000009,31.99999697644424,1085.4961506892262,0.23288462088970491,0.69391306655217688,1,1,0,0
76.200000000000003,31.999997151653908,1085.4961759022758,0.23288429422652379,0.69390718403816221,1,1,0,0
76.299999999999997,31.999997316710623,1085.4962002404343,0.23288398656860021,0.69390130148669404,1,1,0,0
76.400000000000006,31.999997472202779,1085.4962237368936,0.23288369666446945,0.69389541889773843,1,1,0,0
76.5,31.999997618684521,1085.4962464234429,0.23288342363390521,0.69388953627126371,1,1,0,0
76.600000000000009,31.999997756678074,1085.49626833055,0.23288316634668677,0.69388365360723991,1,1,0,0
76.700000000000003,31.999997886675267,1085.4962894874061,0.23288292405128927,0.69387777090563885,1,1,0,0
76.800000000000011,31.999998009139425,1085.496309921974,0.23288269571108053,0.69387188816643341,1,1,0,0
76.900000000000006,31.999998124507123,1085.4963296610708,0.23288248068549577,0.69386600538959842,1,1,0,0
77,31.999998233189547,1085.496348730408,0.23288227804145881,0.69386012257510976,1,1,0,0
77.100000000000009,31.999998335574077,1085.4963671546388,0.23288208721456621,0.69385423972294458,1,1,0,0
77.200000000000003,31.999998432025674,1085.4963849574058,0.23288190737263093,0.69384835683308188,1,1,0,0
77.300000000000011,31.999998522888127,1085.496402161406,0.23288173802343454,0.69384247390550091,1,1,0,0
77.400000000000006,31.999998608485331,1085.4964187884127,0.23288157841837182,0.69383659094018268,1,1,0,0
77.5,31.999998689122368,1085.4964348593201,0.23288142812945392,0.69383070793710899,1,1,0,0
77.600000000000009,31.999998765086673,1085.496450394186,0.23288128648270892,0.69382482489626252,1,1,0,0
77.700000000000003,31.999998836649002,1085.4964654122687,0.23288115310985116,0.69381894181762738,1,1,0,0
77.800000000000011,31.999998904064459,1085.496479932069,0.23288102739920255,0.69381305870118737,1,1,0,0
77.900000000000006,31.999998967573333,1085.4964939713564,0.23288090904061012,0.69380717554692839,1,1,0,0
78,31.999999027401998,1085.4965075471971,0.23288079747329771,0.69380129235483656,1,1,0,0
78.100000000000009,31.999999083763718,1085.4965206759925,0.23288069243686793,0.69379540912489834,1,1,0,0
78.200000000000003,31.99999913685938,1085.4965333735031,0.23288059342249323,0.69378952585710152,1,1,0,0
78.300000000000011,31.999999186878252,1085.4965456548862,0.23288050020811624,0.69378364255143421,1,1,0,0
78.400000000000006,31.999999233998633,1085.4965575347103,0.23288041233585186,0.6937777592078852,1,1,0,0
78.5,31.999999278388469,1085.4965690269844,0.23288032961304853,0.69377187582644373,1,1,0,0
78.600000000000009,31.999999320205998,1085.4965801451804,0.23288025162671475,0.69376599240709969,1,1,0,0
78.700000000000003,31.999999359600256,1085.4965909022599,0.23288017821607845,0.69376010894984352,1,1,0,0
78.800000000000011,31.999999396711697,1085.4966013106948,0.23288010900328096,0.69375422545466581,1,1,0,0
78.900000000000006,31.999999431672581,1085.4966113824871,0.23288004385721067,0.69374834192155799,1,1,0,0
79,31.999999464607541,1085.4966211291851,0.23287998243019564,0.69374245835051196,1,1,0,0
79.100000000000009,31.999999495633961,1085.4966305619078,0.23287992461831147,0.69373657474151973,1,1,0,0
79.200000000000003,31.999999524862449,1085.4966396913571,0.23287987010188146,0.69373069109457353,1,1,0,0
79.300000000000011,31.999999552397185,1085.4966485278442,0.2328798187975768,0.69372480740966636,1,1,0,0
79.400000000000006,31.999999578336315,1085.4966570812958,0.23287977041467742,0.69371892368679144,1,1,0,0
79.5,31.999999602772299,1085.4966653612753,0.23287972488595896,0.69371303992594224,1,1,0,0
79.600000000000009,31.999999625792253,1085.4966733769943,0.23287968194613043,0.69370715612711253,1,1,0,0
79.700000000000003,31.999999647478216,1085.496681137329,0.23287964154297647,0.69370127229029621,1,1,0,0
79.800000000000011,31.999999667907502,1085.4966886508355,0.23287960343286995,0.69369538841548795,1,1,0,0
79.900000000000006,31.999999687152926,1085.4966959257608,0.2328795675791851,0.69368950450268185,1,1,0,0
80,31.999999705283095,1085.496702970052,0.23287953375580112,0.69368362055187316,1,1,0,0
80.100000000000009,31.999999722362631,1085.4967097913723,0.23287950193904852,0.69367773656305676,1,1,0,0
80.200000000000003,31.999999738452416,1085.496716397111,0.23287947191976552,0.69367185253622776,1,1,0,0
80.300000000000011,31.99999975360981,1085.4967227943962,0.23287944368557353,0.69366596847138184,1,1,0,0
80.400000000000006,31.999999767888838,1085.4967289901006,0.23287941704327444,0.69366008436851434,1,1,0,0
80.5,31.999999781340399,1085.4967349908563,0.23287939198786575,0.69365420022762114,1,1,0,0
80.600000000000009,31.999999794012453,1085.4967408030602,0.23287936834244929,0.69364831604869825,1,1,0,0
80.700000000000003,31.999999805950146,1085.4967464328843,0.23287934610812883,0.69364243183174168,1,1,0,0
80.800000000000011,31.999999817196063,1085.496751886287,0.23287932512177498,0.69363654757674786,1,1,0,0
80.900000000000006,31.999999827790276,1085.4967571690188,0.23287930539223464,0.69363066328371303,1,1,0,0
81,31.999999837770549,1085.4967622866286,0.23287928676497049,0.69362477895263386,1,1,0,0
81.100000000000009,31.999999847172461,1085.4967672444754,0.23287926925793942,0.6936188945835069,1,1,0,0
81.200000000000003,31.999999856029532,1085.4967720477309,0.2328792527254703,0.69361301017632881,1,1,0,0
81.300000000000011,31.999999864373329,1085.4967767013932,0.23287923718995387,0.69360712573109684,1,1,0,0
81.400000000000006,31.999999872233591,1085.496781210285,0.23287922251661117,0.69360124124780764,1,1,0,0
81.5,31.999999879638352,1085.4967855790665,0.23287920873076687,0.69359535672645833,1,1,0,0
81.600000000000009,31.999999886613995,1085.4967898122379,0.23287919570748675,0.69358947216704625,1,1,0,0
81.700000000000003,31.999999893185393,1085.4967939141484,0.23287918347441267,0.69358358756956828,1,1,0,0
81.800000000000011,31.999999899375975,1085.4967978889983,0.23287917191529744,0.6935777029340221,1,1,0,0
81.900000000000006,31.999999905207794,1085.4968017408473,0.23287916106034287,0.69357181826040515,1,1,0,0
82,31.999999910701654,1085.4968054736182,0.23287915080062693,0.69356593354871476,1,1,0,0
82.100000000000009,31.99999991587714,1085.4968090911018,0.23287914116901426,0.6935600487989485,1,1,0,0
82.200000000000003,31.999999920752693,1085.4968125969617,0.23287913206214447,0.69355416401110415,1,1,0,0
82.300000000000011,31.999999925345694,1085.4968159947407,0.23287912351585446,0.69354827918517914,1,1,0,0
82.400000000000006,31.99999992967253,1085.4968192878628,0.2328791154329137,0.69354239432117137,1,1,0,0
82.5,31.999999933748608,1085.4968224796389,0.23287910784950253,0.69353650941907874,1,1,0,0
82.600000000000009,31.999999937588463,1085.4968255732686,0.23287910067489698,0.69353062447889879,1,1,0,0
82.700000000000003,31.999999941205797,1085.496828571848,0.23287909394663486,0.69352473950062976,1,1,0,0
82.800000000000011,31.999999944613489,1085.4968314783698,0.23287908757778553,0.69351885448426909,1,1,0,0
82.900000000000006,31.999999947823692,1085.4968342957297,0.2328790816077696,0.69351296942981533,1,1,0,0
83,31.999999950847862,1085.496837026727,0.23287907595503296,0.69350708433726627,1,1,0,0
83.100000000000009,31.999999953696761,1085.4968396740701,0.23287907065779059,0.69350119920662001,1,1,0,0
83.200000000000003,31.999999956380563,1085.4968422403788,0.23287906563973182,0.69349531403787434,1,1,0,0
83.300000000000011,31.999999958908827,1085.4968447281883,0.23287906094018301,0.69348942883102793,1,1,0,0
83.400000000000006,31.999999961290559,1085.49684713995,0.23287905648529938,0.69348354358607867,1,1,0,0
83.5,31.999999963534272,1085.4968494780383,0.23287905231633779,0.69347765830302466,1,1,0,0
83.600000000000009,31.999999965647945,1085.496851744748,0.23287904836185444,0.69347177298186424,1,1,0,0
83.700000000000003,31.999999967639113,1085.496853942301,0.23287904466257831,0.69346588762259576,1,1,0,0
83.800000000000011,31.999999969514892,1085.4968560728482,0.23287904115234265,0.6934600022252172,1,1,0,0
83.900000000000006,31.999999971281955,1085.496858138471,0.23287903787043254,0.69345411678972735,1,1,0,0
84,31.999999972946608,1085.4968601411827,0.23287903475410246,0.69344823131612399,1,1,0,0
84.100000000000009,31.999999974514783,1085.4968620829341,0.23287903184282488,0.69344234580440589,1,1,0,0
84.200000000000003,31.999999975992072,1085.4968639656124,0.23287902907590832,0.69343646025457117,1,1,0,0
84.300000000000011,31.999999977383741,1085.4968657910447,0.23287902649328027,0.69343057466661839,1,1,0,0
84.400000000000006,31.99999997869476,1085.4968675610003,0.23287902403697019,0.69342468904054588,1,1,0,0
84.5,31.999999979929783,1085.496869277192,0.23287902174569511,0.69341880337635187,1,1,0,0
84.600000000000009,31.999999981093239,1085.4968709412772,0.23287901956525575,0.69341291767403501,1,1,0,0
84.700000000000003,31.999999982189259,1085.4968725548624,0.23287901753274159,0.69340703193359388,1,1,0,0
84.800000000000011,31.999999983221755,1085.4968741195025,0.23287901559638563,0.6934011461550269,1,1,0,0
84.900000000000006,31.99999998419441,1085.4968756367036,0.23287901379416032,0.69339526033833221,1,1,0,0
85,31.999999985110684,1085.496877107923,0.23287901207434619,0.69338937448350879,1,1,0,0
85.100000000000009,31.768715864084555,1082.6455514687666,-8.2923681304711376,0.69338918688248963,2,1,0,0
85.200000000000003,31.491454819487242,1080.1529737146807,-8.1829828353924459,0.69339008094661836,2,1,0,0
85.300000000000011,31.208040646133888,1077.6695307612508,-8.0322120009400937,0.69339084057966593,2,1,0,0
85.400000000000006,30.923734417838229,1075.159011835523,-7.9862322641228971,0.6933914995544167,2,1,0,0
85.5,30.638645396878267,1072.6405908127442,-7.959500197216741,0.69339205335664178,2,1,0,0
85.600000000000009,30.352840644414751,1070.1155773837763,-7.9101191375019679,0.69339250137763464,2,1,0,0
85.700000000000003,30.066430391639976,1067.584442393711,-7.8871277044859802,0.69339284326166484,2,1,0,0
85.800000000000011,29.77951826514829,1065.0481588804018,-7.8313710360683269,0.6933930788493442,2,1,0,0
85.900000000000006,29.492180470306618,1062.5073671394521,-7.7727868487775496,0.6933932079083317,2,1,0,0
86,29.20448587165918,1059.9627275194987,-7.7119602985750815,0.69339323032554734,2,1,0,0
86.100000000000009,28.916493219608736,1057.4147374527627,-7.6487256636699685,0.69339314598513369,2,1,0,0
86.200000000000003,28.628245875584962,1054.8638140376831,-7.5840869910125361,0.69339295476509888,2,1,0,0
86.300000000000011,28.339785486207131,1052.3103475141204,-7.5178606580250111,0.6933926565941948,2,1,0,0
86.400000000000006,28.051142969511449,1049.7546231574904,-7.4504582027999922,0.69339225136367755,2,1,0,0
86.5,27.76234533502403,1047.1969152145143,-7.3821178091677542,0.69339173898927742,2,1,0,0
86.600000000000009,27.473415765790971,1044.6374467057456,-7.3128304871234349,0.69339111938086573,2,1,0,0
86.700000000000003,27.184372100257903,1042.0764024298298,-7.2428960939150366,0.69339039243592626,2,1,0,0
86.800000000000011,26.895230779859791,1039.5139549940238,-7.1723056113124173,0.69338955806447455,2,1,0,0
86.900000000000006,26.6060046629837,1036.9502403035037,-7.1011856948783612,0.693388616160035,2,1,0,0
87,26.316704830302591,1034.3853831103477,-7.0296253746018555,0.69338756662049805,2,1,0,0
87.100000000000009,26.027340857996645,1031.8194920123995,-6.9576400667918969,0.69338640933998519,2,1,0,0
87.200000000000003,25.737920394864052,1029.2526576067969,-6.885321921147205,0.69338514420616837,2,1,0,0
87.300000000000011,25.448450359229234,1026.6849639044872,-6.812685574287376,0.69338377111083571,2,1,0,0
87.400000000000006,25.158936381120128,1024.1164823638212,-6.7397704408145858,0.69338228993935025,2,1,0,0
87.5,24.869383321543562,1021.5472769580244,-6.666614820862562,0.69338070057787127,2,1,0,0
87.600000000000009,24.579795443121689,1018.9774055201077,-6.5932264052474503,0.69337900291203891,2,1,0,0
87.700000000000003,24.290176264727805,1016.4069183054279,-6.5196395241841154,0.69337719682522325,2,1,0,0
87.800000000000011,24.00052895528761,1013.8358616793006,-6.4458625770548492,0.69337528220262912,2,1,0,0
87.900000000000006,23.710856203251645,1011.2642765458567,-6.3719122111752133,0.6933732589281425,2,1,0,0
88,23.421160351447227,1008.6922003023112,-6.2978021648015519,0.6933711268865923,2,1,0,0
88.100000000000009,23.131443489445317,1006.1196671584336,-6.223540295749638,0.69336888596333934,2,1,0,0
88.200000000000003,22.841707409907745,1003.5467077852107,-6.1491373014272277,0.69336653604382559,2,1,0,0
88.300000000000011,22.551953732212755,1000.9733506140378,-6.0746010200981368,0.69336407701540936,2,1,0,0
88.400000000000006,22.262183878678691,998.39962164101712,-5.9999366610739706,0.69336150876592295,2,1,0,0
88.5,21.972399114714072,995.82554468989383,-5.9251527334738476,0.69335883118466912,2,1,0,0
88.600000000000009,21.682600586904424,993.25114195266269,-5.8502519073611303,0.69335604416199237,2,1,0,0
88.700000000000003,21.392789312434441,990.67643368979077,-5.7752411267007826,0.69335314758934763,2,1,0,0
88.800000000000011,21.102966218936928,988.10143890302197,-5.7001229961982007,0.69335014136024942,2,1,0,0
88.900000000000006,20.813132144874981,985.52617509822312,-5.6249025212936239,0.69334702536939941,2,1,0,0
89,20.523287851283918,982.95065852298876,-5.5495822504209844,0.69334379951324343,2,1,0,0
89.100000000000009,20.233434035290117,980.37490462334165,-5.474166274713772,0.69334046368946778,2,1,0,0
89.200000000000003,19.943571331738642,977.79892750404281,-5.3986566432199883,0.69333701779731582,2,1,0,0
89.300000000000011,19.653700329891606,975.22274025647152,-5.3230570828884911,0.69333346173817234,2,1,0,0
89.400000000000006,19.363821567620651,972.64635545080739,-5.2473689365014806,0.69332979541476336,2,1,0,0
89.5,19.073935540537747,970.0697845985585,-5.1715960031011337,0.69332601873160282,2,1,0,0
89.600000000000009,18.784042711296102,967.49303868404832,-5.0957391634443292,0.69332213159476253,2,1,0,0
89.700000000000003,18.494143505287205,964.91612781441984,-5.019801781522812,0.69331813391190455,2,1,0,0
89.800000000000011,18.204238319131058,962.33906160510844,-4.9437848438025913,0.69331402559266464,2,1,0,0
89.900000000000006,17.914327522127984,959.76184902369096,-4.8676912364707725,0.69330980654824459,2,1,0,0
90,17.624411457608996,957.18449840064045,-4.7915219377292235,0.69330547669163312,2,1,0,0
90.100000000000009,17.326358638866953,954.51886775154287,-4.8078207485575639,0.69330079129136635,2,1,0,0
90.200000000000003,17.026949518391987,951.85646034551746,-4.7248171832143999,0.69329596229442902,2,1,0,0
90.300000000000011,16.727254513298391,949.193372747289,-4.639313902292181,0.69329100529380749,2,1,0,0
90.400000000000006,16.427520639935185,946.52933534180283,-4.5783542487355824,0.69328592762586039,2,1,0,0
90.5,16.127761980094387,943.86497411318737,-4.5105856115883203,0.69328072975799881,2,1,0,0
90.600000000000009,15.827971722730732,941.20026278789999,-4.4070099882181628,0.69327541145828553,2,1,0,0
90.700000000000003,15.528156323634207,938.53522957673988,-4.3859260965336704,0.69326997274297741,2,1,0,0
90.800000000000011,15.228318757731611,935.86991880360597,-4.3041862703622469,0.69326441364087343,2,1,0,0
90.900000000000006,14.92846374704043,933.20436991999247,-4.2222123683433557,0.69325873417683137,2,1,0,0
91,14.628592045343183,930.53859363285767,-4.140207150282663,0.69325293429119361,2,1,0,0
91.100000000000009,14.336891494801293,927.95865474059838,-3.8448067176401226,0.69324729946761632,2,1,0,0
91.200000000000003,14.046433501674588,925.37678308530326,-3.7800319570669267,0.69324157872293712,2,1,0,0
91.300000000000011,13.756297926812994,922.79592268683484,-3.7005390703603602,0.69323575707237595,2,1,0,0
91.400000000000006,13.46618299769727,920.21569425920711,-3.6354246830217307,0.69322982456203963,2,1,0,0
91.5,13.176076459798294,917.63550164208868,-3.5751200511626346,0.69322378040033383,2,1,0,0
91.600000000000009,12.885993717895621,915.055480249624,-3.4798701905535081,0.69321762492969385,2,1,0,0
91.700000000000003,12.595926158120166,912.47557219026896,-3.4615320421035687,0.69321135793332322,2,1,0,0
91.800000000000011,12.305873405457721,909.89577785200595,-3.3839268843178401,0.6932049792953654,2,1,0,0
91.900000000000006,12.015829736758294,907.31603325494609,-3.3064692494476766,0.69319848881334911,2,1,0,0
92,11.725796491126014,904.73636228788473,-3.2289049789692865,0.69319188647804963,2,1,0,0
92.100000000000009,11.435769791570486,902.15673770984426,-3.1513519192765913,0.69318517210230279,2,1,0,0
92.200000000000003,11.145748850837341,899.57714750695357,-3.0738063575249006,0.69317834563359826,2,1,0,0
92.300000000000011,10.855733298710859,896.99759072801828,-2.9961879224121333,0.6931714069974112,2,1,0,0
92.400000000000006,10.56572100767162,894.41804644682713,-2.9185871586069068,0.69316435608358751,2,1,0,0
92.5,10.275712278416822,891.83851934257632,-2.8409356242052222,0.69315719285905275,2,1,0,0
92.600000000000009,9.9857059272220692,889.25900377042592,-2.7632584442089123,0.6931499172340847,2,1,0,0
92.700000000000003,9.6957014597585385,886.67949461061892,-2.6855623174363417,0.69314252915722363,2,1,0,0
92.800000000000011,9.4056988087585793,884.09999304876339,-2.6078228008525293,0.69313502858175957,2,1,0,0
92.900000000000006,9.1156972609807791,881.52048833548304,-2.5300630444694656,0.69312741544444523,2,1,0,0
93,8.825696836755343,878.94098419708746,-2.4522694460225005,0.69311968970999516,2,1,0,0
93.100000000000009,8.5356971662953143,876.36147875989911,-2.3744449307876137,0.69311185132650976,2,1,0,0
93.200000000000003,8.2456980502089152,873.7819692019682,-2.2965958216480269,0.69310390025476776,2,1,0,0
93.300000000000011,7.9556994684861868,871.20245744012288,-2.218712920499657,0.69309583646012951,2,1,0,0
93.400000000000006,7.6657011598218379,868.62294005972683,-2.1408058025614123,0.69308765990192156,2,1,0,0
93.5,7.3757031320824371,866.043418436769,-2.0628696277399206,0.69307937055180224,2,1,0,0
93.600000000000009,7.0857052742517759,863.46389144939519,-1.9849070804893876,0.69307096837649595,2,1,0,0
93.700000000000003,6.7957075029938059,860.88435902369497,-1.9069195686389588,0.69306245334741479,2,1,0,0
93.800000000000011,6.5057098225097478,858.30482111743311,-1.8289065876408725,0.69305382543969729,2,1,0,0
93.900000000000006,6.2157121452540816,855.72527752326687,-1.7508699491821005,0.69304508462698888,2,1,0,0
94,5.9257144709235776,853.14572826905396,-1.6728107075106424,0.69303623088812172,2,1,0,0
94.100000000000009,5.6357167702385862,850.56617358176823,-1.5947288081200413,0.69302726420198091,2,1,0,0
94.200000000000003,5.3457190160755665,847.98661321281622,-1.5166267071367887,0.69301818454968067,2,1,0,0
94.300000000000011,5.0557212118109298,845.40704752254555,-1.4385038797961081,0.69300899191484155,2,1,0,0
94.400000000000006,4.765723335930943,842.827476247248,-1.3603625902524232,0.69299968628172182,2,1,0,0
94.5,4.4757253868674285,840.24789980591311,-1.2822028929152729,0.69299026763725746,2,1,0,0
94.600000000000009,4.1857273592120583,837.66831836068843,-1.2040265242382484,0.69298073596962684,2,1,0,0
94.700000000000003,3.8957292479486032,835.0887318311843,-1.1258339299182114,0.69297109126888634,2,1,0,0
94.800000000000011,3.6057310578108215,832.50914051536961,-1.0476266342879954,0.69296133352700884,2,1,0,0
94.900000000000006,3.3157327830091612,829.92954444113036,-0.9694051680178255,0.69295146273717789,1,1,0,0
95,3.0257344289680326,827.34994364462477,-0.89117109162031505,0.69294147889475799,1,1,0,0
95.100000000000009,2.7357359968197716,824.77033832386155,-0.8129248722139033,0.69293138199648663,1,1,0,0
95.200000000000003,2.4457374836291481,822.1907288256532,-0.73466810355699141,0.69292117204066128,1,1,0,0
95.300000000000011,2.1557388965956443,819.6111149989855,-0.65640133106816634,0.69291084902760658,1,1,0,0
95.400000000000006,1.8657402395202434,817.03149687890414,-0.57812598285830508,0.6929004129591374,1,1,0,0
95.5,1.5757415129088483,814.45187466744744,-0.4998427576176081,0.69288986383856743,1,1,0,0
95.600000000000009,1.2857427196933522,811.87224849098266,-0.42155299868173296,0.69287920167096095,1,1,0,0
95.700000000000003,0.99574386378648749,809.29261838634568,-0.34325747503520015,0.69286842646305702,1,1,0,0
95.800000000000011,0.70574494837152113,806.71298439103862,-0.26495744133030497,0.69285753822320328,1,1,0,0
95.900000000000006,0.41574597581490813,804.13334666590299,-0.18665376106469808,0.69284653696134113,0,0,0,0
96,0.12578315866384715,801.54928205432464,-0.10834760222114352,0.69283542430521172,0,0,0,0
96.100000000000009,0.077224709291978888,801.12629866458269,-0.00082900166226177092,0.69283014511870689,0,0,0,0
96.200000000000003,0.06001925132187319,800.98580888156744,-9.2351575329741527e-05,0.69282631476361456,0,0,0,0
96.300000000000011,0.052379214702617111,800.89218975304846,-0.00031410512668773291,0.69282250288358727,0,0,0,0
96.400000000000006,0.04602084378603935,800.81383716204914,-0.00027295036100454244,0.69281868699715499,0,0,0,0
96.5,0.040474509872234186,800.74338674849855,-0.00019386158315618069,0.69281486981286777,0,0,0,0
96.600000000000009,0.035736600634950759,800.68118604613755,-0.00015355399391676609,0.69281105108683161,0,0,0,0
96.700000000000003,0.031695047526266597,800.62624900337926,-0.00011183207986848347,0.69280723087644447,0,0,0,0
96.800000000000011,0.028234818290987913,800.57747151718081,-8.9809873347597969e-05,0.69280340933787476,0,0,0,0
96.900000000000006,0.025259454709404165,800.5339492040921,-6.5078965091575628e-05,0.69279958662025765,0,0,0,0
97,0.022692380213341745,800.49495975354853,-5.2583065063382438e-05,0.69279576285498001,0,0,0,0
97.100000000000009,0.020467656680751969,800.45987147014466,-4.1960151919096272e-05,0.69279193816535856,0,0,0,0
97.200000000000003,0.018531299824109285,800.42816153190586,-3.131140741677119e-05,0.69278811266014995,0,0,0,0
97.300000000000011,0.016839331959774856,800.3993985905197,-2.5341157846633019e-05,0.69278428643326151,0,0,0,0
97.400000000000006,0.015353878980561793,800.37320597481369,-2.1140075266425265e-05,0.69278045956951984,0,0,0,0
97.5,0.014043834357112763,800.34926794553837,-1.6174732207412253e-05,0.69277663214241425,0,0,0,0
97.600000000000009,0.012883744612565735,800.32732322989659,-1.3205161707850843e-05,0.69277280421348153,0,0,0,0
97.700000000000003,0.011851731469189284,800.30714168715815,-1.1082564920915538e-05,0.6927689758383978,0,0,0,0
97.800000000000011,0.010929607420311004,800.28852841803871,-9.3907717431028116e-06,0.69276514706446224,0,0,0,0
97.900000000000006,0.010102173318173785,800.27131657912707,-7.4173270363829846e-06,0.6927613179327311,0,0,0,0
98,0.0093568705308634537,800.2553644343102,-6.5091718271936934e-06,0.69275748847835705,0,0,0,0
98.100000000000009,0.0086827890909063898,800.24054607587516,-5.2140207750397039e-06,0.69275365873244721,0,0,0,0
98.200000000000003,0.0080710012426830451,800.22675573901165,-4.6047885350615056e-06,0.69274982872128565,0,0,0,0
98.300000000000011,0.0075137193361144742,800.21389783123459,-3.7568332925795876e-06,0.69274599846865981,0,0,0,0
98.400000000000006,0.0070045081504754468,800.20189099870936,-3.3046276464820695e-06,0.69274216799474797,0,0,0,0
98.5,0.0065377682186463183,800.19066211802613,-2.7735112321406361e-06,0.69273833731765844,0,0,0,0
98.600000000000009,0.0061087729990552337,800.18014732799645,-2.383505606763839e-06,0.69273450645313961,0,0,0,0
98.700000000000003,0.0057134601863347602,800.17028981541159,-2.0655649989856754e-06,0.69273067541515265,0,0,0,0
98.800000000000011,0.0053483238125727733,800.16103877403793,-1.7877947783525063e-06,0.69272684421612385,0,0,0,0
98.900000000000006,0.0050103400107855741,800.15234878516299,-1.556708240929069e-06,0.69272301286711047,0,0,0,0
99,0.0046968806401824614,800.14417894549547,-1.3562430065211647e-06,0.69271918137801469,0,0,0,0
99.100000000000009,0.0044056571106313594,800.13649234400486,-1.1856663382142134e-06,0.69271534975772808,0,0,0,0
99.200000000000003,0.0041346643749242823,800.12925548560952,-1.036254063452678e-06,0.69271151801427611,0,0,0,0
99.300000000000011,0.0038821404878828254,800.12243791210051,-9.0697848215280055e-07,0.69270768615491818,0,0,0,0
99.400000000000006,0.0036465289020099368,800.1160118062279,-7.9510591453261006e-07,0.69270385418625025,0,0,0,0
99.5,0.0034264490128226182,800.10995169242972,-6.9791632780950034e-07,0.6927000221142835,0,0,0,0
99.600000000000009,0.0032206703478033613,800.1042341595936,-6.1361847005190387e-07,0.69269618994451487,0,0,0,0
99.700000000000003,0.0030280919731975717,800.09883764312485,-5.3984428517315156e-07,0.69269235768198567,0,0,0,0
99.800000000000011,0.002847724433434238,800.0937422224672,-4.7573185988588667e-07,0.69268852533133241,0,0,0,0
99.900000000000006,0.0026786751718175391,800.08892945887305,-4.1927841385330781e-07,0.69268469289682943,0,0,0,0
100,0.0025201357672743219,800.08438224501629,-3.7015408788557206e-07,0.6926808603824276,0,0,0,0
100.10000000000001,0.002371371524170416,800.08008468237199,-3.266736636360877e-07,0.69267702779178508,0,0,0,0
100.2,0.0022317123527878071,800.07602196752123,-2.888115727346747e-07,0.69267319512829717,0,0,0,0
100.30000000000001,0.0021005452571744923,800.07218029793171,-2.5514922992643055e-07,0.69266936239511956,0,0,0,0
100.40000000000001,0.0019773077364801596,800.06854678441141,-2.2583266374139926e-07,0.69266552959519045,0,0,0,0
100.5,0.0018614822955659593,800.06510937746339,-1.9966429096141469e-07,0.69266169673124955,0,0,0,0
100.60000000000001,0.0017525916019458185,800.0618567986171,-1.7688316858615658e-07,0.69265786380585415,0,0,0,0
100.7,0.0016501944162519639,800.05877848186947,-1.5647439444994258e-07,0.69265403082139443,0,0,0,0
100.80000000000001,0.0015538819813679867,800.05586451885108,-1.3872297870766825e-07,0.69265019778010695,0,0,0,0
100.90000000000001,0.0014632749568873665,800.05310561148201,-1.2276534924579699e-07,0.69264636468408602,0,0,0,0
101,0.0013780206810391558,800.05049302744453,-1.0890409271795676e-07,0.69264253153529409,0,0,0,0
101.10000000000001,0.0012977908215993093,800.04801856130973,-9.6401543404599411e-08,0.69263869833557179,0,0,0,0
101.2,0.0012222792627302555,800.04567449781712,-8.5560797767062859e-08,0.69263486508664696,0,0,0,0
101.30000000000001,0.0011512002728274822,800.04345357951308,-7.5749485154414501e-08,0.69263103179014129,0,0,0,0
101.40000000000001,0.0010842868444130083,800.04134897605275,-6.7261099899400558e-08,0.6926271984475787,0,0,0,0
101.5,0.0010212892398165051,800.03935425692634,-5.9551790567002216e-08,0.69262336506039135,0,0,0,0
101.60000000000001,0.00096197366421475381,800.03746336549386,-5.2899673595073993e-08,0.69261953162992596,0,0,0,0
101.7,0.0009061210915696558,800.03567059576085,-4.6835682745543505e-08,0.69261569815744917,0,0,0,0
101.80000000000001,0.00085352618651767724,800.03397057019345,-4.1619511993733863e-08,0.69261186464415248,0,0,0,0
101.90000000000001,0.0008039963415826958,800.03235821977228,-3.6845563721745532e-08,0.69260803109115732,0,0,0,0
102,0.00075735078811462776,800.0308287648794,-3.2753794095482203e-08,0.6926041974995194,0,0,0,0
102.10000000000001,0.00071341979554670725,800.02937769804441,-2.8992689640421061e-08,0.69260036387023283,0,0,0,0
102.2,0.00067204392850048254,800.02800076736844,-2.5782246209845773e-08,0.69259653020423317,0,0,0,0
102.30000000000001,0.00063307337255415425,800.02669396151123,-2.2817205392422868e-08,0.69259269650240229,0,0,0,0
102.40000000000001,0.00059636730637617084,800.02545349523723,-2.0298062662719049e-08,0.69258886276557063,0,0,0,0
102.5,0.00056179332801623179,800.02427579629261,-1.7959247362393803e-08,0.69258502899452046,0,0,0,0
102.60000000000001,0.00052922691913465786,800.02315749274578,-1.5982628872517947e-08,0.69258119518998906,0,0,0,0
102.7,0.00049855095252335994,800.02209540147589,-1.4136788229510184e-08,0.69257736135267112,0,0,0,0
102.80000000000001,0.00046965523127283251,800.02108651704395,-1.2586080604374915e-08,0.69257352748322121,0,0,0,0
102.90000000000001,0.00044243606296469898,800.02012800156933,-1.1128551398375625e-08,0.69256969358225651,0,0,0,0
103,0.00041679586071988401,800.01921717491712,-9.9122739506657598e-09,0.69256585965035866,0,0,0,0
103.10000000000001,0.00039264277288401288,800.01835150577494,-8.7607736397929995e-09,0.69256202568807579,0,0,0,0
103.2,0.00036989033584621639,800.01752860298245,-7.8071173356853916e-09,0.69255819169592503,0,0,0,0
103.30000000000001,0.00034845715047896543,800.01674620765414,-6.896911516828262e-09,0.69255435767439355,0,0,0,0
103.40000000000001,0.00032826657875884024,800.01600218550243,-6.1494840742998299e-09,0.69255052362394087,0,0,0,0
103.5,0.00030924646000924017,800.01529451987437,-5.4296138916472442e-09,0.69254668954499987,0,0,0,0
103.60000000000001,0.00029132884493363238,800.01462130494599,-4.8441167829066371e-09,0.69254285543797978,0,0,0,0
103.7,0.00027444974603728855,800.01398073956102,-4.274447592917488e-09,0.69253902130326506,0,0,0,0
103.80000000000001,0.00025854890386756461,800.01337112118915,-3.816076102758421e-09,0.69253518714121953,0,0,0,0
103.90000000000001,0.00024356956699323571,800.0127908404711,-3.3649848151701487e-09,0.69253135295218538,0,0,0,0
104,0.00022945828614860233,800.01223837584962,-3.0063909689472381e-09,0.69252751873648588,0,0,0,0
104.10000000000001,0.00021616471992013216,800.01171228873625,-2.648951523386124e-09,0.6925236844944257,0,0,0,0
104.2,0.00020364145319100128,800.01121121873859,-2.3686463180526268e-09,0.69251985022629248,0,0,0,0
104.30000000000001,0.00019184382528780026,800.01073387937515,-2.0852045684468221e-09,0.6925160159323569,0,0,0,0
104.40000000000001,0.00018072976967435081,800.01027905382625,-1.8663037514210339e-09,0.69251218161287498,0,0,0,0
104.5,0.00017025966179228682,800.00984559113954,-1.641357304890341e-09,0.69250834726808796,0,0,0,0
104.60000000000001,0.00016039617739652294,800.00943240244078,-1.4705962345464949e-09,0.69250451289822335,0,0,0,0
104.7,0.00015110415771214586,800.0090384575733,-1.2919134383114737e-09,0.69250067850349595,0,0,0,0
104.80000000000001,0.00014235048416597529,800.00866278171918,-1.1588729494166773e-09,0.69249684408410817,0,0,0,0
104.90000000000001,0.00013410395880268408,800.00830445241991,-1.0167996229155635e-09,0.69249300964025085,0,0,0,0
105,0.00012633519346611811,800.00796259656465,-9.1329750581322038e-10,0.6924891751721044,0,0,0,0
105.10000000000001,0.00011901650368455969,800.00763638774743,-8.0021118801370598e-10,0.69248534067983913,0,0,0,0
105.2,0.00011212181060627094,800.00732504357791,-7.1982374352739149e-10,0.69248150616361526,0,0,0,0
105.30000000000001,0.00010562654678963933,800.00702782334406,-6.2970392257144189e-10,0.69247767162358442,0,0,0,0
105.40000000000001,9.9507569409657969e-05,800.00674402560549,-5.6738973335871971e-10,0.69247383705988963,0,0,0,0
105.5,9.3743076581079694e-05,800.00647298612455,-4.9547931376700321e-10,0.69247000247266532,0,0,0,0
105.60000000000001,8.8312530534442567e-05,800.00621407571464,-4.4728337028001754e-10,0.69246616786203918,0,0,0,0
105.7,8.3196583265555043e-05,800.00596669840911,-3.8982194192360599e-10,0.69246233322813111,0,0,0,0
105.80000000000001,7.8377008536199063e-05,800.00573028953477,-3.5264295426469234e-10,0.69245849857105457,0,0,0,0
105.90000000000001,7.3836635786481719e-05,800.00550431409272,-3.0665658673293334e-10,0.69245466389091648,0,0,0,0
106,6.9559289951531863e-05,800.00528826503228,-2.7806399179650876e-10,0.69245082918781775,0,0,0,0
106.10000000000001,6.5529732697181345e-05,800.00508166181885,-2.4119954012838042e-10,0.69244699446185398,0,0,0,0
106.2,6.1733609162728764e-05,800.00488404888733,-2.1928959867663295e-10,0.69244315971311476,0,0,0,0
106.30000000000001,5.8157395689548475e-05,800.00469499437554,-1.8968406816889847e-10,0.69243932494168536,0,0,0,0
106.40000000000001,5.4788352702775289e-05,800.00451408873744,-1.7296671199692538e-10,0.69243549014764572,0,0,0,0
106.5,5.1614478198771086e-05,800.00434094362447,-1.4914424267903228e-10,0.69243165533107176,0,0,0,0
106.60000000000001,4.8624466069424842e-05,800.00417519063944,-1.364541123175148e-10,0.69242782049203488,0,0,0,0
106.7,4.5807664697788202e-05,800.00401648034972,-1.1724472609532388e-10,0.69242398563060248,0,0,0,0
106.80000000000001,4.3154040109057725e-05,800.00386448116637,-1.0767123843141088e-10,0.69242015074683849,0,0,0,0
106.90000000000001,4.0654139098135524e-05,800.00371887847507,-9.2146737132846883e-11,0.69241631584080299,0,0,0,0
107,3.8299056661436651e-05,800.00357937362696,-8.4979122830554486e-11,0.69241248091255259,0,0,0,0
107.10000000000001,3.6080403145429922e-05,800.0034456831736,-7.240250459383874e-11,0.69240864596214124,0,0,0,0
107.2,3.3990275475837059e-05,800.00331753795649,-6.7086620659034683e-11,0.69240481098961948,0,0,0,0
107.30000000000001,3.2021227874260406e-05,800.0031946824347,-5.6872153448155595e-11,0.69240097599503525,0,0,0,0
107.40000000000001,3.0166246455901195e-05,800.00307687386362,-5.2976557113177892e-11,0.69239714097843352,0,0,0,0
107.5,2.8418723112809819e-05,800.00296388170591,-4.4658255018376262e-11,0.69239330593985715,0,0,0,0
107.60000000000001,2.6772433099982487e-05,800.00285548688589,-4.1847561005377324e-11,0.69238947087934644,0,0,0,0
107.7,2.5221511728757233e-05,800.00275148127639,-3.5054287077800089e-11,0.69238563579693957,0,0,0,0
107.80000000000001,2.3760434604508868e-05,800.00265166702229,-3.3068251859376647e-11,0.69238180069267263,0,0,0,0
107.90000000000001,2.2383996813882439e-05,800.0025558560933,-2.7504047685505562e-11,0.69237796556657916,0,0,0,0
108,2.1087295515214296e-05,800.00246386966899,-2.614115614688615e-11,0.69237413041869178,0,0,0,0
108.10000000000001,1.9865711339045214e-05,800.00237553774912,-2.1569694893697337e-11,0.69237029524904037,0,0,0,0
108.2,1.8714893066228717e-05,800.00229069859654,-2.0674286045153851e-11,0.6923664600576539,0,0,0,0
108.30000000000001,1.7630740992633896e-05,800.00220919839705,-1.6906579320428039e-11,0.69236262484455946,0,0,0,0
108.40000000000001,1.6609393459937069e-05,800.00213089075271,-1.6358753064071368e-11,0.69235878960978259,0,0,0,0
108.5,1.5647211963531658e-05,800.00205563638769,-1.3243425998529783e-11,0.69235495435334726,0,0,0,0
108.60000000000001,1.474076932699641e-05,800.00198330268472,-1.2951134817807427e-11,0.6923511190752768,0,0,0,0
108.7,1.3886836357721644e-05,800.00191376343435,-1.0366728746099345e-11,0.69234728377559251,0,0,0,0
108.80000000000001,1.3082371479765258e-05,800.00184689840864,-1.0259585444615007e-11,0.69234344845431484,0,0,0,0
108.90000000000001,1.2324508762772565e-05,800.00178259314544,-8.1084618818204901e-12,0.69233961311146308,0,0,0,0
109,1.1610548849362152e-05,800.00172073856174,-8.1328946138717097e-12,0.69233577774705535,0,0,0,0
109.10000000000001,1.0937948203010601e-05,800.00166123076713,-6.3364042708166362e-12,0.69233194236110918,0,0,0,0
109.2,1.0304311183828278e-05,800.00160397070749,-6.4518689788433274e-12,0.69232810695364067,0,0,0,0
109.30000000000001,9.7073803785565508e-06,800.00154886401162,-4.9465205323644796e-12,0.69232427152466525,0,0,0,0
109.40000000000001,9.1450296955459758e-06,800.00149582065842,-5.1225428991125129e-12,0.69232043607419747,0,0,0,0
109.5,8.6152556548704066e-06,800.00144475485104,-3.8569622047844161e-12,0.69231660060225109,0,0,0,0
109.60000000000001,8.1161713880021467e-06,800.00139558471005,-4.0708300243117392e-12,0.69231276510883899,0,0,0,0
109.7,7.6459987801408586e-06,800.00134823216843,-3.003344555321785e-12,0.6923089295939735,0,0,0,0
109.80000000000001,7.203063272429208e-06,800.0013026226892,-3.238309798868957e-12,0.6923050940576666,0,0,0,0
109.90000000000001,6.785786760987641e-06,800.00125868517978,-2.3350279047272867e-12,0.69230125849992874,0,0,0,0
110,6.3926831111946897e-06,800.00121635172832,-2.5789079583525414e-12,0.69229742292077068,0,0,0,0
110.10000000000001,6.022351728244211e-06,800.0011755575382,-1.812189929261272e-12,0.69229358732020208,0,0,0,0
110.2,5.6734737035221746e-06,800.00113624068183,-2.0562812063485972e-12,0.69228975169823226,0,0,0,0
110.30000000000001,5.3448059810282566e-06,800.00109834205,-1.4035208004554563e-12,0.69228591605487,0,0,0,0
110.40000000000001,5.0351780646916318e-06,800.00106180512273,-1.6417566212671344e-12,0.6922820803901234,0,0,0,0
110.5,4.7434867139461434e-06,800.00102657593391,-1.0844087501605374e-12,0.69227824470400068,0,0,0,0
110.60000000000001,4.4686931483974357e-06,800.00099260285447,-1.3127080257043754e-12,0.69227440899650905,0,0,0,0
110.7,4.2098182132568642e-06,800.00095983657036,-8.3551177905013554e-13,0.69227057326765529,0,0,0,0
110.80000000000001,3.9659400254811768e-06,800.00092822987995,-1.0512766016850342e-12,0.69226673751744638,0,0,0,0
110.90000000000001,3.736189556115538e-06,800.00089773768218,-6.4163340745249626e-13,0.69226290174588845,0,0,0,0
111,3.5197486681976165e-06,800.00086831678482,-8.4336268676228635e-13,0.69225906595298725,0,0,0,0
111.10000000000001,3.3158460691756766e-06,800.00083992590521,-4.9083780096314822e-13,0.69225523013874868,0,0,0,0
111.2,3.1237556964987998e-06,800.00081252548569,-6.778312214298756e-13,0.69225139430317773,0,0,0,0
111.30000000000001,2.9427929983381138e-06,800.00078607770547,-3.7375336093826005e-13,0.69224755844627939,0,0,0,0
111.40000000000001,2.7723136279988934e-06,800.00076054630631,-5.4588552084649274e-13,0.69224372256805855,0,0,0,0
111.5,2.6117100159289719e-06,800.00073589660894,-2.8302468625394522e-13,0.69223988666851966,0,0,0,0
111.60000000000001,2.4604103378748185e-06,800.00071209534929,-4.4057366194353914e-13,0.6922360507476667,0,0,0,0
111.7,2.3178753459302134e-06,800.00068911070309,-2.1288133835573721e-13,0.69223221480550379,0,0,0,0
111.80000000000001,2.1835975793817801e-06,800.00066691212783,-3.563993715905962e-13,0.69222837884203459,0,0,0,0
111.90000000000001,2.0570984255209709e-06,800.00064547039426,-1.5879855135886661e-13,0.69222454285726276,0,0,0,0
112,1.9379275461579101e-06,800.00062475743471,-2.8901524939662117e-13,0.69222070685119141,0,0,0,0
112.10000000000001,1.8256601422150549e-06,800.0006047463811,-1.1723031835187511e-13,0.69221687082382377,0,0,0,0
112.2,1.7198965714557679e-06,800.00058541141902,-2.34980877279902e-13,0.69221303477516305,0,0,0,0
112.30000000000001,1.6202597944117224e-06,800.00056672783069,-8.5399443298618247e-14,0.69220919870521169,0,0,0,0
112.40000000000001,1.5263951613095597e-06,800.00054867185429,-1.9157206323081845e-13,0.69220536261397259,0,0,0,0
112.5,1.4379680191439104e-06,800.00053122073189,-6.1132426551210669e-14,0.69220152650144817,0,0,0,0
112.60000000000001,1.3546636489943063e-06,800.0005143525733,-1.5663038612260439e-13,0.69219769036764045,0,0,0,0
112.7,1.2761850156488814e-06,800.00049804640844,-4.2729632805209323e-14,0.69219385421255197,0,0,0,0
112.80000000000001,1.2022528386307894e-06,800.0004822820548,-1.2844450480806082e-13,0.69219001803618485,0,0,0,0
112.90000000000001,1.1326034684863996e-06,800.00046704017484,-2.8863223573390292e-14,0.69218618183854075,0,0,0,0
113,1.0669890763256381e-06,800.00045230214664,-1.0565650899943009e-13,0.69218234561962177,0,0,0,0
113.10000000000001,1.0051756424395221e-06,800.00043805012399,-1.8496934031207637e-14,0.6921785093794296,0,0,0,0
113.2,9.4694325104295555e-07,800.00042426691084,-8.7188009278650894e-14,0.69217467311796554,0,0,0,0
113.30000000000001,8.9208417886478379e-07,800.00041093602499,-1.0823034945205528e-14,0.6921708368352314,0,0,0,0
113.40000000000001,8.4040328286688399e-07,800.00039804157609,-7.2181793748711988e-14,0.6921670005312287,0,0,0,0
113.5,7.9171617777086319e-07,800.00038556832999,-5.2128127466174227e-15,0.69216316420595836,0,0,0,0
113.60000000000001,7.4584970633715502e-07,800.00037350159198,-5.9955758053577462e-14,0.69215932785942202,0,0,0,0
113.7,7.026401956965466e-07,800.00036182727183,-1.177682156966708e-15,0.69215549149162059,0,0,0,0
113.80000000000001,6.619340008873342e-07,800.00035053176953,-4.9966516181099155e-14,0.69215165510255527,0,0,0,0
113.90000000000001,6.2358583128474612e-07,800.00033960204405,1.6613414463273906e-15,0.69214781869222708,0,0,0,0
114,5.8745935901831163e-07,800.00032902550038,-4.1780647988873334e-14,0.69214398226063711,0,0,0,0
114.10000000000001,5.534256076247246e-07,800.00031879006008,3.5975969589335552e-15,0.69214014580778582,0,0,0,0
114.2,5.2136361811486577e-07,800.00030888405081,-3.5051972128702724e-14,0.69213630933367432,0,0,0,0
114.30000000000001,4.9115889287256878e-07,800.00029929627794,4.8575656039131995e-15,0.69213247283830326,0,0,0,0
114.40000000000001,4.6270411264051829e-07,800.00029001591633,-2.9503572784687031e-14,0.69212863632167343,0,0,0,0
114.5,4.3589762972316656e-07,800.00028103258512,5.6155992686613978e-15,0.69212479978378538,0,0,0,0
114.60000000000001,4.1064423021884782e-07,800.00027233623837,-2.4913580612441003e-14,0.69212096322463967,0,0,0,0
114.7,3.8685367060631341e-07,800.00026391724236,6.0054594094030434e-15,0.69211712664423686,0,0,0,0
114.80000000000001,3.6444148042308742e-07,800.00025576626911,-2.1103916574558527e-14,0.6921132900425776,0,0,0,0
114.90000000000001,3.4332753740018665e-07,800.00024787437349,6.129350648702207e-15,0.69210945341966212,0,0,0,0
115,3.2343690575632979e-07,800.00024023288813,-1.7931376280950231e-14,0.69210561677549098,0,0,0,0
115.10000000000001,3.0469844587893157e-07,800.00023283350231,6.0649881631363945e-15,0.69210178011006451,0,0,0,0
115.2,2.8704568396677871e-07,800.00022566815869,-1.5280563655052755e-14,0.69209794342338304,0,0,0,0
115.30000000000001,2.7041545248669997e-07,800.00021872913044,5.8711213868120533e-15,0.69209410671544658,0,0,0,0
115.40000000000001,2.5474878762297327e-07,800.00021200892229,-1.3058286099333743e-14,0.69209026998625578,0,0,0,0
115.5,2.3998959696104288e-07,800.00020550034844,5.5918474284816826e-15,0.69208643323581076,0,0,0,0
115.60000000000001,2.260855818499336e-07,800.00019919643182,-1.1189105124375257e-14,0.69208259646411163,0,0,0,0
115.7,2.1298692905367204e-07,800.0001930904856,5.2599748982340907e-15,0.69207875967115851,0,0,0,0
115.80000000000001,2.00647255165088e-07,800.00018717601245,-9.6118015026821699e-15,0.69207492285695182,0,0,0,0
115.90000000000001,1.8902231973535361e-07,800.00018144678631,4.899644420961926e-15,0.69207108602149137,0,0,0,0
116,1.7807098907771116e-07,800.00017589675281,-8.2765636290163116e-15,0.69206724916477724,0,0,0,0
116.10000000000001,1.6775396860434837e-07,800.00017052011287,4.5283665728403147e-15,0.69206341228680957,0,0,0,0
116.2,1.5803478375397198e-07,800.00016531122174,-7.1427492523476837e-15,0.69205957538758844,0,0,0,0
116.30000000000001,1.4887852933109994e-07,800.00016026467597,4.1586041667411338e-15,0.69205573846711366,0,0,0,0
116.40000000000001,1.4025286572827773e-07,800.00015537521062,-6.177101031695068e-15,0.69205190152538554,0,0,0,0
116.5,1.3212678340600548e-07,800.00015063778687,3.7989982933654912e-15,0.69204806456240375,0,0,0,0
116.60000000000001,1.2447161242362196e-07,800.00014604749265,-5.3523223999841618e-15,0.6920442275781683,0,0,0,0
116.7,1.1725980063184924e-07,800.00014159962768,3.4553161411165859e-15,0.69204039057267919,0,0,0,0
116.80000000000001,1.1046593495267874e-07,800.00013728960653,-4.6459391692617619e-15,0.69203655354593618,0,0,0,0
116.90000000000001,1.0406553162684543e-07,800.00013311304269,3.1311817227616752e-15,0.69203271649793952,0,0,0,0
117,9.8036068013338188e-08,800.00012906565416,-4.0393881220723044e-15,0.69202887942868874,0,0,0,0
117.10000000000001,0.15816526868083755,801.41735858319589,0.028396951467022584,0.69202116140173164,0,0,0,0
117.2,0.33678169441325934,803.019220281157,0.060585095063282454,0.6920136129563792,0,0,0,0
117.30000000000001,0.52174787459855287,804.65486204974877,0.087912174908164775,0.69200577834503263,1,1,0,0
117.40000000000001,0.7075817645840079,806.30127377945303,0.12300050743038923,0.69199783946375037,1,1,0,0
117.5,0.89390863467860349,807.95251889376175,0.15608623031685845,0.69198981971808726,1,1,0,0
117.60000000000001,1.0807656029545969,809.60924963584728,0.18969255645788147,0.69198171845119216,1,1,0,0
117.7,1.268091685216153,811.27087870747926,0.21774478611917483,0.69197353735532885,1,1,0,0
117.80000000000001,1.4558026843372402,812.93658838888837,0.248519030316877,0.69196527932236551,1,1,0,0
117.90000000000001,1.6438343059747489,814.60578061999911,0.27542664222036023,0.69195694663533347,1,1,0,0
118,1.8321358521424937,816.27797492776381,0.31316208376535215,0.69194854109282788,1,1,0,0
118.10000000000001,2.0206641946081594,817.95275553106387,0.35122988593976395,0.69194006421857102,1,1,0,0
118.2,2.2093842059123947,819.62978202076647,0.38305860875020115,0.69193151726457147,1,1,0,0
118.30000000000001,2.3982661556910068,821.30876170958265,0.41422542834923187,0.69192290128651135,1,1,0,0
118.40000000000001,2.5872849394326352,822.98944415849235,0.44892118578531032,0.69191421717562196,1,1,0,0
118.5,2.7764199776805278,824.6716208765971,0.48434873384649968,0.69190546565830291,1,1,0,0
118.60000000000001,2.9656541924670683,826.35511557322627,0.51771618213937731,0.69189664733290646,1,1,0,0
118.7,3.1549732364280922,828.03977761171006,0.55052023263044536,0.69188776269685404,1,1,0,0
118.80000000000001,3.3443650440131028,829.72547737084369,0.58448550044777614,0.69187881216200264,1,1,0,0
118.90000000000001,3.5338195363851641,831.41210425333497,0.6189157295543587,0.69186979606562771,1,1,0,0
119,3.723328276155466,833.09956339872292,0.65269504250476684,0.69186071468276933,1,1,0,0
119.10000000000001,3.9212035646912757,834.86504306987115,0.73436986144974081,0.69185115070737768,1,1,0,0
119.2,4.1201559439708619,836.63834796786125,0.77056373035201464,0.69184149682153884,1,1,0,0
119.30000000000001,4.3195485834370686,838.41430938572671,0.80263561292306784,0.69183175298399857,1,1,0,0
119.40000000000001,4.5190051907645756,840.19128704293689,0.83229292577031466,0.69182193565668604,1,1,0,0
119.5,4.7185007120489413,841.96890874605208,0.86324621214437336,0.69181204687716902,1,1,0,0
119.60000000000001,4.9180554893924695,843.74735497736071,0.91173492822493873,0.69180208579567481,1,1,0,0
119.7,5.1176558498116229,845.52646978539065,0.9505396407193839,0.69179205274182043,1,1,0,0
119.80000000000001,5.3172957463704176,847.30619914153533,0.98475808453710101,0.6917819480299473,1,1,0,0
119.90000000000001,5.5169710545100479,849.0864862351666,1.0212811872559688,0.69177177170953585,1,1,0,0
120,5.716675938913113,850.86726670522398,1.0609370376180685,0.69176152399533875,1,1,0,0
120.10000000000001,5.908115741951339,852.56981331991324,1.0404926382162478,0.69175164648397247,1,1,0,0
120.2,6.0984939990310227,854.2669072069732,1.0843470212577391,0.69174172980774173,1,1,0,0
120.30000000000001,6.2885133074303807,855.96256534309896,1.1104331683474109,0.69173176633426159,1,1,0,0
120.40000000000001,6.4785097384830337,857.65798049598629,1.1371473751789689,0.69172174111410256,1,1,0,0
120.5,6.668523547413721,859.35367981553293,1.1791377363441615,0.69171165101832199,1,1,0,0
120.60000000000001,6.8585033443240642,861.04920755066325,1.1888963515293132,0.69170149843061479,1,1,0,0
120.7,7.0484844891180671,862.74487207937193,1.2229210115099514,0.69169128166382055,1,1,0,0
120.80000000000001,7.2384515981880782,864.44053132255908,1.2568188054487204,0.6916810014963406,1,1,0,0
120.90000000000001,7.4284125974382453,866.13623234158649,1.2906437729845623,0.69167065729912836,1,1,0,0
121,7.6183732391234784,867.83204377441814,1.3247089913711796,0.69166024890366318,1,1,0,0
121.10000000000001,7.8083262633501853,869.52787977827234,1.3585774146608105,0.69164977650715798,1,1,0,0
121.2,7.9982809473043144,871.22382090561757,1.3925955858543957,0.69163923960112594,1,1,0,0
121.30000000000001,8.1882334513274646,872.91983319328244,1.4266082807323897,0.69162863835874056,1,1,0,0
121.40000000000001,8.3781851770205478,874.61591528775205,1.4605829454803725,0.69161797257986357,1,1,0,0
121.5,8.5681387105089701,876.31209429271644,1.4946604830995056,0.69160724212083113,1,1,0,0
121.60000000000001,8.7580914774079748,878.00833836777508,1.5286828146763138,0.69159644702205569,1,1,0,0
121.7,8.9480462011234696,879.70466807279206,1.5627563997258731,0.69158558707418538,1,1,0,0
121.80000000000001,9.1380019964294696,881.4010747858473,1.5968494768021544,0.69157466227423781,1,1,0,0
121.90000000000001,9.327958900631117,883.09755154222239,1.6309316933063047,0.69156367253007267,1,1,0,0
122,9.5179178899282491,884.79410647653708,1.6650621230352172,0.69155261773716503,1,1,0,0
122.10000000000001,9.7078780502069026,886.49072774790147,1.6991854687725965,0.69154149786891173,1,1,0,0
122.2,9.8978400989550259,888.18741820765547,1.7333331652154365,0.69153031281414334,1,1,0,0
122.30000000000001,10.087803836189828,889.88417404907875,1.7675014393139274,0.69151906252038065,1,1,0,0
122.40000000000001,10.277769098304498,891.5809908106653,1.8016751497625447,0.69150774691828698,1,1,0,0
122.5,10.467736187363469,893.27786903563015,1.835875653189635,0.69149636592424968,1,1,0,0
122.60000000000001,10.657704769204852,894.97480332910561,1.8700866244822696,0.69148491948366897,1,1,0,0
122.7,10.847674970074596,896.67179272905241,1.9043149342418471,0.69147340751550257,1,1,0,0
122.80000000000001,11.03764671813639,898.36883449586878,1.9385632517173195,0.69146182995332328,1,1,0,0
122.90000000000001,11.227619883219242,900.06592562834396,1.9728240610852634,0.69145018672878378,1,1,0,0
123,11.417594516034889,901.76306470394059,2.0071059995410554,0.69143847776625134,1,1,0,0
123.10000000000001,11.615806441347159,903.54309758108946,2.1958342650567668,0.69142618382563914,1,1,0,0
123.2,11.815177901077559,905.32500385592061,2.2184208783120591,0.69141378834990297,1,1,0,0
123.30000000000001,12.014925961353411,907.10860260430661,2.2484722777882999,0.69140129767337943,1,1,0,0
123.40000000000001,12.214704470036432,908.89292401202374,2.2789149158898869,0.69138873149041968,1,1,0,0
123.5,12.414487345213168,910.67734283207267,2.3172188412114498,0.69137609257171861,1,1,0,0
123.60000000000001,12.614315556703607,912.46221058724984,2.3364074342779779,0.69136337846757756,1,1,0,0
123.7,12.814157863530696,914.24726333711601,2.3744609495731352,0.69135059077067051,1,1,0,0
123.80000000000001,13.014026736571399,916.03261224641449,2.4128450007686033,0.69133772862144427,1,1,0,0
123.90000000000001,13.213911632235003,917.81815360102894,2.451255774650142,0.69132479269612279,1,1,0,0
124,13.413808856059728,919.60385696820242,2.4893981239868661,0.69131178294510476,1,1,0,0
124.10000000000001,13.605506624247198,921.30543162837478,2.4332111214045891,0.69129924232568984,1,1,0,0
124.2,13.796022900929714,923.00670909423059,2.4670813372448497,0.69128667044091718,1,1,0,0
124.30000000000001,13.986182685866549,924.70655601602982,2.5086279068041741,0.69127405396582897,1,1,0,0
124.40000000000001,14.176327686082022,926.40583216223376,2.5358223328406773,0.69126137275537536,1,1,0,0
124.5,14.366459343365365,928.10500431091793,2.5727270037622847,0.69124862540266574,1,1,0,0
124.60000000000001,14.556568707062409,929.8039947082375,2.6037748408935051,0.69123581234930909,1,1,0,0
124.7,14.746659044852109,931.50281986022617,2.6291665906761179,0.69122293337764551,1,1,0,0
124.80000000000001,14.936734561397252,933.20151610913251,2.6643849178840062,0.69120998817087409,1,1,0,0
124.90000000000001,15.126797629375051,934.90010539808509,2.7059870716714389,0.69119697650202716,1,1,0,0
125,15.316850334656493,936.59860537210909,2.741676384499605,0.69118389817320491,1,1,0,0
125.10000000000001,15.506894504751143,938.29703208117189,2.7734952942861817,0.69117075299474084,1,1,0,0
125.2,15.696931561740046,939.99539790407277,2.8074875798059638,0.69115754080020042,1,1,0,0
125.30000000000001,15.886962750119871,941.69371373352533,2.8440100787403342,0.69114426143202867,1,1,0,0
125.40000000000001,16.076989048512232,943.39198817574368,2.8796103046495496,0.69113091474801724,1,1,0,0
125.5,16.267011282754723,945.09022848953407,2.9137686453446725,0.69111750061458666,1,1,0,0
125.60000000000001,16.457030133762011,946.78844070331513,2.9483085629768508,0.69110401890535689,1,1,0,0
125.7,16.647046166083264,948.48662982809196,2.9837856569527399,0.69109046950012432,1,1,0,0
125.80000000000001,16.837059845532693,950.1848000195439,3.0191683096341104,0.69107685228412574,1,1,0,0
125.90000000000001,17.027071556742943,951.88295472375978,3.0540211576159155,0.69106316714698945,1,1,0,0
126,17.217081619479742,953.58109682654481,3.0889295817118936,0.69104941398147346,1,1,0,0
126.10000000000001,17.407090298680686,955.27922873722946,3.1242244443368663,0.6910355926829681,1,1,0,0
126.2,17.597097813988526,956.97735246610409,3.1595557045012406,0.6910217031491428,1,1,0,0
126.30000000000001,17.787104347591427,958.67546969323155,3.1946772391109675,0.69100774527947251,1,1,0,0
126.40000000000001,17.977110051048214,960.37358183137815,3.229806596451819,0.6909937189746953,1,1,0,0
126.5,18.167115050503192,962.07169007085758,3.265126991015538,0.69097962413651259,1,1,0,0
126.60000000000001,18.357119451007417,963.76979541308594,3.3004952572973298,0.69096546066744213,1,1,0,0
126.7,18.547123340175897,965.46789870257703,3.3357718494649098,0.69095122847060564,1,1,0,0
126.80000000000001,18.737126791232864,967.16600065652972,3.3710570233500907,0.69093692744946622,1,1,0,0
126.90000000000001,18.927129865482069,968.86410188636557,3.406459255680867,0.6909225575076744,1,1,0,0
127,19.11713261434101,970.56220291254454,3.4419036663108797,0.6909081185490128,1,1,0,0
127.10000000000001,19.315275876488176,972.34834964955223,3.670142980584572,0.69089299426671669,1,1,0,0
127.2,19.514739842713336,974.13185561098578,3.7049981727696344,0.69087774322116335,1,1,0,0
127.30000000000001,19.714505725232289,975.9161193480162,3.7255099363424882,0.6908623953113141,1,1,0,0
127.40000000000001,19.914304554665581,977.70125227359267,3.7748880829831943,0.69084696786559563,1,1,0,0
127.5,20.114119782272795,979.48656621584632,3.8053887708489555,0.69083146297597131,1,1,0,0
127.60000000000001,20.313967318599094,981.27217243758071,3.8505375494861429,0.69081587956194923,1,1,0,0
127.7,20.513835080406128,983.05800724679443,3.8599297838292155,0.69080021815015147,1,1,0,0
127.80000000000001,20.713723541303487,984.84405309825308,3.8996128164188697,0.69078447870097626,1,1,0,0
127.90000000000001,20.913625936636645,986.6302560162037,3.9390525281282907,0.69076866152727368,1,1,0,0
128,21.113542629497161,988.41662012217682,3.9785961821657145,0.6907527664821177,1,1,0,0
128.09999999999999,21.329711171648576,990.38196613630782,4.4603717551663244,0.69073545686030979,1,1,0,0
128.20000000000002,21.548602512736853,992.33967773312327,4.5029870629394679,0.69071794124568353,1,1,0,0
128.30000000000001,21.768067485697969,994.29869068114738,4.5432447059899888,0.69070028981603304,1,1,0,0
128.40000000000001,21.987610210684338,996.25955432595322,4.5784126238178615,0.69068253865341089,1,1,0,0
128.5,22.207201567085317,998.22096123917174,4.6216101263592337,0.69066469162733035,1,1,0,0
128.59999999999999,22.4268552959904,1000.1829490290368,4.6834878070435666,0.69064674783802316,1,1,0,0
128.70000000000002,22.646557487585174,1002.1454800182385,4.7353669216812886,0.69062870786558916,1,1,0,0
128.80000000000001,22.86630107992859,1004.1084488692586,4.7720179977387112,0.69061057225580424,1,1,0,0
128.90000000000001,23.086079334171068,1006.0718126665151,4.8226831443064446,0.69059234127619651,1,1,0,0
129,23.305886033549832,1008.0355038272156,4.8381797117325958,0.69057401527255424,1,1,0,0
129.09999999999999,23.47718034019837,1009.4544590506155,3.6034150953227764,0.69055954378396156,1,1,0,0
129.20000000000002,23.640029380226064,1010.9038739129131,3.6395611061396269,0.69054542551947717,1,1,0,0
129.30000000000001,23.801342635951752,1012.3515613524539,3.6848920152091411,0.69053136056323428,1,1,0,0
129.40000000000001,23.962459242918399,1013.7942217796374,3.7085119029784979,0.69051726042368378,1,1,0,0
129.5,24.12343603630115,1015.2354613587747,3.7236006801856045,0.69050311716086443,1,1,0,0
129.59999999999999,24.284264387985246,1016.6753685574886,3.7474513753274312,0.69048893081468854,1,1,0,0
129.70000000000002,24.444966063302317,1018.1140067851746,3.7542228804795128,0.69047470017300072,1,1,0,0
129.80000000000001,24.605565793520192,1019.551632735945,3.7778309709932509,0.69046042339378166,1,1,0,0
129.90000000000001,24.766079613958983,1020.9883657851625,3.8020056134712426,0.69044609943385526,1,1,0,0
130,24.926519586048684,1022.4243352826841,3.8262462389589555,0.690431727330727,1,1,0,0
130.09999999999999,25.111130706989133,1024.1358009709563,4.6132618697504677,0.69041533106312758,1,1,0,0
130.20000000000002,25.29996352180693,1025.8279617155106,4.6140463522629798,0.69039868483420097,1,1,0,0
130.30000000000001,25.489538342403833,1027.5205214399418,4.6374460814413565,0.69038190933455446,1,1,0,0
130.40000000000001,25.679181137935121,1029.2154151110155,4.667617823430688,0.69036505356631328,1,1,0,0
130.5,25.86886200330904,1030.9106754362704,4.6984916070761855,0.69034812212722108,1,1,0,0
130.59999999999999,26.058600288791549,1032.6063496005677,4.7455127290297385,0.69033111381911827,1,1,0,0
130.70000000000002,26.248381646844077,1034.302446816803,4.753733174096233,0.69031402922468132,1,1,0,0
130.80000000000001,26.438201078444102,1035.9988630198588,4.7914079613573044,0.69029686880833396,1,1,0,0
130.90000000000001,26.628048136874526,1037.6955377061472,4.8285353741948907,0.69027963313062357,1,1,0,0
131,26.81792217198047,1039.3924589090193,4.8658969016671758,0.69026232215830763,1,1,0,0
131.09999999999999,27.007815770893284,1041.0895553436164,4.9030687755763944,0.69024493636087103,1,1,0,0
131.20000000000002,27.197726511322141,1042.7868197981488,4.9401653812060324,0.69022747575685028,1,1,0,0
131.30000000000001,27.387651953855279,1044.4842183693029,4.9773465305112863,0.69020994045995265,1,1,0,0
131.40000000000001,27.57758844212151,1046.1817271188113,5.0143910438238386,0.6901923306080292,1,1,0,0
131.5,27.76753521868207,1047.8793376130877,5.0515062789060963,0.69017464614827961,1,1,0,0
131.59999999999999,27.957489872138332,1049.5770266311017,5.088601024723177,0.69015688715833168,1,1,0,0
131.70000000000002,28.147451251398341,1051.2747877287045,5.1256845857529143,0.69013905359533267,1,1,0,0
131.80000000000001,28.337418434108553,1052.9726093865963,5.1628222527812602,0.69012114542476455,1,1,0,0
131.90000000000001,28.527390126276096,1054.6704819729737,5.1999428532074008,0.69010316262283145,1,1,0,0
132,28.717365885750556,1056.3684013400907,5.2371108057331375,0.69008510510575494,1,1,0,0
132.09999999999999,28.915395859933795,1058.1613004429012,5.5871337926914739,0.69006623051314953,1,1,0,0
132.20000000000002,29.114878642593194,1059.9450229504921,5.6162900476651183,0.69004720255682461,1,1,0,0
132.30000000000001,29.314633699456564,1061.7291629343149,5.6452720163712211,0.69002806925997529,1,1,0,0
132.40000000000001,29.514419979059269,1063.5143022328557,5.6874268035624294,0.69000885031867565,1,1,0,0
132.5,29.71423022015151,1065.299699803676,5.7273844631102131,0.68998954719510319,1,1,0,0
132.59999999999999,29.914069900548228,1067.0853613670379,5.7442947505363726,0.68997015941007112,1,1,0,0
132.70000000000002,30.113930881717049,1068.8712653881648,5.7859624464696573,0.68995068736576914,1,1,0,0
132.80000000000001,30.313812881256798,1070.6573891352325,5.8279038192554928,0.68993113100584891,1,1,0,0
132.90000000000001,30.513709824819795,1072.4436785764126,5.8696326363004303,0.68991149069029023,1,1,0,0
133,30.713620724916108,1074.2301334943904,5.9113692935428901,0.68989176632908167,1,1,0,0
133.09999999999999,30.90551446348131,1075.9204405029284,5.6912473718961101,0.68987272509059694,1,1,0,0
133.20000000000002,31.095936621189509,1077.6212669493539,5.7368347630069847,0.68985368600847641,1,1,0,0
133.30000000000001,31.286102647042892,1079.3219826517945,5.7797709884001947,0.68983459313386608,1,1,0,0
133.40000000000001,31.476245683483704,1081.0217380323979,5.8060006765121495,0.68981542717526401,1,1,0,0
133.5,31.666378083170287,1082.7214139621151,5.8440690933071906,0.68979618578571855,1,1,0,0
133.59999999999999,31.856482786792544,1084.4208814342071,5.859841658052753,0.68977687021903988,1,1,0,0
133.70000000000002,32.046574598933802,1086.1202229142605,5.8975299768591363,0.6897574792250416,1,1,0,0
133.80000000000001,32.236649422711587,1087.8194030477532,5.9349144462392855,0.68973801302123283,1,1,0,0
133.90000000000001,32.426713191298461,1089.5185006573865,5.9724640753335212,0.68971847089874316,1,1,0,0
134,32.616767746662013,1091.2175001341991,6.0103305768259387,0.68969885267277731,1,1,0,0
134.09999999999999,32.806812886084892,1092.9164219332251,6.0480125760767391,0.6896791581593158,1,1,0,0
134.20000000000002,32.99685232562873,1094.6152897474083,6.0860128129090176,0.6896593869430161,1,1,0,0
134.30000000000001,33.186885425397513,1096.3140956829195,6.1239846520658494,0.68963953895412988,1,1,0,0
134.40000000000001,33.37691389762967,1098.0128631826569,6.1620427936194293,0.68961961389067439,1,1,0,0
134.5,33.566938601700819,1099.711591140061,6.2002305274453366,0.68959961157431959,1,1,0,0
134.59999999999999,33.756959621145057,1101.4102864996366,6.2384210582336008,0.68957953184783916,1,1,0,0
134.70000000000002,33.946978113108607,1103.1089574767186,6.2767279052976361,0.68955937448524096,1,1,0,0
134.80000000000001,34.136994082225684,1104.8076035430097,6.3150845764172834,0.68953913935584821,1,1,0,0
134.90000000000001,34.327008060091181,1106.5062318920238,6.3534932282777543,0.68951882627277272,1,1,0,0
135,34.517020402825352,1108.2048437337241,6.3919904769495206,0.68949843507745567,1,1,0,0
135.09999999999999,34.707031206434223,1109.9034413467264,6.4305205146245967,0.68947796562333397,1,1,0,0
135.20000000000002,34.897040843728696,1111.6020282505347,6.4691320652036053,0.68945741774359615,1,1,0,0
135.30000000000001,35.087049385090637,1113.300604825261,6.5077901386886872,0.68943679129653201,3,1,1,0
135.40000000000001,35.277057011808125,1114.999173438365,6.5775459230668778,0.6894160860194718,5,1,1,1
135.5,35.472984823806556,1097.5322353170475,7.402840296323042,0.68940535927089974,4,0,1,1
135.59999999999999,35.670315060998732,1091.8078857238843,6.587252110547368,0.68940175394959791,4,0,1,1
135.70000000000002,35.857882918991038,1093.5864244475749,6.6025614983563523,0.68940009845428996,4,0,1,1
135.80000000000001,36.045194409370012,1096.0684022771877,6.6549355673376898,0.68939854010806911,4,0,1,1
135.90000000000001,36.23297996581362,1098.5676686362378,6.7075163946701517,0.68939692442608791,4,0,1,1
136,36.42119975487585,1101.0292650520635,6.7634186814660264,0.68939524561823751,4,0,1,1
136.09999999999999,36.617735375559604,1103.7165656437498,7.1416859183232155,0.68939287119172532,4,0,1,1
136.20000000000002,36.816166188875641,1106.1892524711968,7.2031813584073605,0.68939031414058949,4,0,1,1
136.30000000000001,37.015035492727911,1108.6115338446439,7.2528691508491265,0.6893876838002071,4,0,1,1
136.40000000000001,37.214143152285075,1110.9986155336494,7.2849247642482027,0.68938499697466848,4,0,1,1
136.5,37.413435905097913,1113.3531038919743,7.3403301179573743,0.68938225779099815,4,0,1,1
136.59999999999999,37.612878905965253,1115.6766595679999,7.3543935022983264,0.68937946877133682,4,0,1,1
136.70000000000002,37.812446849290232,1117.9708650175501,7.4023977009270014,0.68937663163403917,4,0,1,1
136.80000000000001,38.012115741025298,1120.2371106585354,7.4496814713779926,0.68937374802976381,4,0,1,1
136.90000000000001,38.211865915698908,1122.4768025159435,7.49624125570889,0.68937081924211996,4,0,1,1
137,38.411682295431532,1124.6912822010722,7.5424047728880543,0.68936784624711422,4,0,1,1
137.09999999999999,38.603615516667915,1126.614457247121,7.2776827195439528,0.68936549342748688,4,0,1,1
137.20000000000002,38.793959834562905,1128.6920144574558,7.3146834788211548,0.68936323376969966,4,0,1,1
137.30000000000001,38.984142818160905,1130.7616754292044,7.3526503618591423,0.68936095456514668,4,0,1,1
137.40000000000001,39.17430954440573,1132.8111911341914,7.3860563198268849,0.68935864239732414,4,0,1,1
137.5,39.364468502806609,1134.8406263455524,7.4233616838730176,0.68935629609785409,4,0,1,1
137.59999999999999,39.55462022810142,1136.8510169109782,7.4392519172179421,0.68935391536427204,4,0,1,1
137.70000000000002,39.744763586704401,1138.8431724931747,7.4790879538312787,0.68935150010556068,4,0,1,1
137.80000000000001,39.934899531669679,1140.8180765362736,7.5190091208248866,0.68934905005741731,4,0,1,1
137.90000000000001,40.125028268982305,1142.7765789235368,7.5590398078376664,0.68934656503636538,4,0,1,1
138,40.31514980971221,1144.7195166216661,7.5990750230610846,0.68934404485334599,4,0,1,1
138.09999999999999,40.505264882146122,1146.6476946440264,7.6392372413041212,0.68934148928776329,4,0,1,1
138.20000000000002,40.695373428227263,1148.561845309049,7.679434633309782,0.68933889817259686,4,0,1,1
138.30000000000001,40.885475966697051,1150.4626976260759,7.7197131824229377,0.68933627130146269,4,0,1,1
138.40000000000001,41.075572738031951,1152.3509187717623,7.7600701587091176,0.68933360849673908,4,0,1,1
138.5,41.265663980720326,1154.2271532163109,7.8004825925035712,0.68933090957804644,4,0,1,1
138.59999999999999,41.455750078145108,1156.0920128114603,7.8409822588739342,0.68932817436131189,4,0,1,1
138.70000000000002,41.645831205794934,1157.9460712655462,7.8815426520449856,0.68932540267857378,4,0,1,1
138.80000000000001,41.835907691308762,1159.7898817284074,7.9221792663953874,0.68932259435391863,4,0,1,1
138.90000000000001,42.025979761135233,1161.6239622407677,7.9628882812150179,0.68931974922160133,4,0,1,1
139,42.216047649984311,1163.4488081658551,8.0036655896695983,0.68931686711661921,4,0,1,1
139.09999999999999,42.406111610801098,1165.2648890674354,8.0445188370332321,0.68931394787546107,4,0,1,1
139.20000000000002,42.596171837053944,1167.0726490903296,8.0854408499184558,0.68931099134045926,4,0,1,1
139.30000000000001,42.786228556624842,1168.8725119935352,8.1264362779366817,0.68930799735393977,4,0,1,1
139.40000000000001,42.976281958045256,1170.6648780372666,8.1675036198299971,0.68930496576257361,4,0,1,1
139.5,43.166332229442467,1172.4501282650372,8.2086419835773476,0.68930189641449247,4,0,1,1
139.59999999999999,43.356379554207855,1174.2286239774201,8.249853575067041,0.68929878916007947,4,0,1,1
139.70000000000002,43.546424093921345,1176.0007078731453,8.29113613676782,0.68929564385254738,4,0,1,1
139.80000000000001,43.736466013682055,1177.7667057485853,8.3324913922031261,0.68929246034625513,4,0,1,1
139.90000000000001,43.926505461434274,1179.5269262153108,8.3739185559035025,0.68928923849810508,4,0,1,1
140,44.116542580123493,1181.2816626439758,8.4154178216272122,0.68928597816645143,4,0,1,1
140.09999999999999,44.314462174503142,1183.3022896625773,8.8996602142658929,0.689281948814218,4,0,1,1
140.20000000000002,44.51408062538983,1185.1372678835373,8.9506855006361601,0.68927772476146065,4,0,1,1
140.30000000000001,44.713880581809271,1186.9536021289923,8.9956479864311216,0.68927343762965454,4,0,1,1
140.40000000000001,44.913718876385822,1188.7650577596137,9.0295585739565478,0.68926910217393256,4,0,1,1
140.5,45.113583526912286,1190.5728824032144,9.0701632959909428,0.68926471966648817,4,0,1,1
140.59999999999999,45.313469603472171,1192.3772994810993,9.1323664728658578,0.68926029046037729,4,0,1,1
140.70000000000002,45.513374330661662,1194.1785220593165,9.1785979311944832,0.68925581468761354,4,0,1,1
140.80000000000001,45.713294054607857,1195.9766875008204,9.2288937303816159,0.68925129253262696,4,0,1,1
140.90000000000001,45.913226522947411,1197.7719437459075,9.2587300484161865,0.68924672407790599,4,0,1,1
141,46.113169289948139,1199.5644426316808,9.2807265647327686,0.68924210939570418,4,0,1,1
141.09999999999999,46.305255545877202,1201.0819601348192,8.9536319873262595,0.68923820285421311,4,0,1,1
141.20000000000002,46.495621285037252,1202.7786473574374,8.987249962922327,0.68923441358094462,4,0,1,1
141.30000000000001,46.685814940740009,1204.4871533783646,9.0242014511497768,0.6892306021670126,4,0,1,1
141.40000000000001,46.875973786561929,1206.1938227988414,9.062707558902396,0.68922675386315191,4,0,1,1
141.5,47.066109145131108,1207.8977486958104,9.0967167753576135,0.68922286719280057,4,0,1,1
141.59999999999999,47.256225130813249,1209.5990324224592,9.1497578435559657,0.68921894160700259,4,0,1,1
141.70000000000002,47.44632419090096,1211.2977593784194,9.1585220105183165,0.68921497674589094,4,0,1,1
141.80000000000001,47.636409422175547,1212.9940838051541,9.200798775206227,0.68921097221755934,4,0,1,1
141.90000000000001,47.826482802035812,1214.6881128464736,9.2432228309297493,0.6892069277166476,4,0,1,1
142,48.016546351976096,1216.3799809552411,9.2858067303321867,0.68920284293316403,4,0,1,1
142.09999999999999,48.20660162432759,1218.06979515939,9.3285485701533855,0.68919871760595686,4,0,1,1
142.20000000000002,48.396649837329697,1219.7576627427918,9.3714032943287435,0.68919455149754738,4,0,1,1
142.30000000000001,48.586692170366028,1221.4436885310608,9.4143980898267881,0.68919034437965665,4,0,1,1
142.40000000000001,48.776729430901128,1223.1279640032503,9.4574978120678566,0.68918609605473891,4,0,1,1
142.5,48.966762412969516,1224.8105839604611,9.50070960659286,0.68918180632718262,4,0,1,1
142.59999999999999,49.156791726542494,1226.4916321147011,9.544026720713557,0.68917747501937565,4,0,1,1
142.70000000000002,49.346817877950464,1228.1711905461025,9.5874391607903089,0.68917310196157533,4,0,1,1
142.80000000000001,49.536841325710782,1229.8493370100989,9.6309512355216835,0.68916868698978118,4,0,1,1
142.90000000000001,49.726862412919829,1231.5261435687059,9.6745536497272386,0.68916422994960391,4,0,1,1
143,49.916881461519402,1233.2016805213443,9.7182474368628515,0.68915973068881908,4,0,1,1
143.09999999999999,49.958323336772018,1229.6532043964398,1.3408088385564005,0.68916753059520375,4,0,1,1
143.20000000000002,49.965687522851908,1229.5932677593462,1.068962101217406,0.68917796547507637,4,0,1,1
143.30000000000001,49.969923155526772,1229.8116915537028,1.0616155511111891,0.68918863158927912,4,0,1,1
143.40000000000001,49.973452236087745,1230.0401268492326,1.0433574252852986,0.68919934844207864,4,0,1,1
143.5,49.976462484234027,1230.2568419734998,1.0236058310842835,0.68921010000821814,4,0,1,1
143.59999999999999,49.979040069058328,1230.460772717088,1.0034793972303089,0.68922088031871742,4,0,1,1
143.70000000000002,49.981256670955972,1230.6526007636198,0.99748180495686145,0.68923168467004003,4,0,1,1
143.80000000000001,49.983167241551854,1230.8329955607039,0.98223678361528532,0.6892425095101038,4,0,1,1
143.90000000000001,49.984820846464665,1231.002689421889,0.96938941019783942,0.68925335164363533,4,0,1,1
144,49.986258670806045,1231.162353233922,0.95866816215407846,0.68926420840490255,4,0,1,1
144.09999999999999,49.987514140209726,1231.3125880616458,0.94958601424229072,0.6892750776091785,4,0,1,1
144.20000000000002,49.98861562913121,1231.4539884082888,0.94193984983434653,0.68928595740669296,4,0,1,1
144.30000000000001,49.989586358642789,1231.5870780163903,0.9354618810965758,0.68929684627666055,4,0,1,1
144.40000000000001,49.990445767243351,1231.7123650972519,0.92994355796138961,0.68930774293850949,4,0,1,1
144.5,49.991210137985561,1231.8303181908941,0.9252546438456859,0.68931864631982254,4,0,1,1
144.59999999999999,49.99189291358455,1231.9413729908542,0.92122691864252626,0.6893295555263721,4,0,1,1
144.70000000000002,49.992505499994742,1232.0459447405581,0.917774121323092,0.68934046979794406,4,0,1,1
144.80000000000001,49.993057355600897,1232.1444149370063,0.91479261323367955,0.68935138849928024,4,0,1,1
144.90000000000001,49.993556477988356,1232.2371468531578,0.91220729356968899,0.68936231108931056,4,0,1,1
145,49.994009610321378,1232.3244787185233,0.90996072565167108,0.68937323710924558,4,0,1,1
145.09999999999999,49.994422421828148,1232.4067281864623,0.90799312361013373,0.68938416616910958,4,0,1,1
145.20000000000002,49.994799755790609,1232.4841948845785,0.90626737198792851,0.68939509793373244,4,0,1,1
145.30000000000001,49.995145702283864,1232.5571585746104,0.90474377601869715,0.68940603211684337,4,0,1,1
145.40000000000001,49.995463769010968,1232.6258836320419,0.90339315347397731,0.68941696847064782,4,0,1,1
145.5,49.995756957733114,1232.6906177589124,0.90219144007608898,0.6894279067809731,4,0,1,1
145.59999999999999,49.996027845926186,1232.7515941020247,0.90111582925919642,0.68943884686165202,4,0,1,1
145.70000000000002,49.996278668173211,1232.8090321506618,0.90015059722919422,0.68944978854971828,4,0,1,1
145.80000000000001,49.99651135542684,1232.8631380004683,0.89927971918012006,0.68946073170252453,4,0,1,1
145.90000000000001,49.996727595279033,1232.9141059453109,0.89849146466343977,0.68947167619402661,4,0,1,1
146,49.996928863054507,1232.9621185674955,0.89777525491272347,0.68948262191274357,4,0,1,1
146.09999999999999,49.997116455789396,1233.0073477942713,0.89712209810911114,0.68949356875944079,4,0,1,1
146.20000000000002,49.997291520434743,1233.0499555297699,0.89652473878114802,0.68950451664541401,4,0,1,1
146.30000000000001,49.997455073275951,1233.0900941209693,0.89597657655370022,0.68951546549112008,4,0,1,1
146.40000000000001,49.997608022441639,1233.1279069528482,0.89547228449245464,0.68952641522473357,4,0,1,1
146.5,49.99775117893131,1233.1635290484278,0.89500725030555706,0.68953736578142066,4,0,1,1
146.59999999999999,49.997885272479628,1233.1970876664095,0.89457716549930966,0.68954831710224984,4,0,1,1
146.70000000000002,49.998010962623312,1233.2287025435712,0.89417892918502939,0.68955926913347665,4,0,1,1
146.80000000000001,49.998128846101395,1233.2584864019293,0.89380917036550711,0.68957022182600269,4,0,1,1
146.90000000000001,49.998239466602016,1233.2865454282751,0.89346552534177459,0.6895811751347426,4,0,1,1
147,49.998343319349217,1233.312979642056,0.89314549725198245,0.68959212901830669,4,0,1,1
147.09999999999999,49.998440857998119,1233.337883300102,0.89284712744920225,0.68960308343850329,4,0,1,1
147.20000000000002,49.998532499524977,1233.3613451202552,0.89256859546441925,0.689614038360016,4,0,1,1
147.30000000000001,49.998618627345977,1233.3834486474982,0.89230833703011825,0.68962499375015529,4,0,1,1
147.40000000000001,49.998699595818017,1233.4042725788963,0.89206486108021887,0.689635949578559,4,0,1,1
147.5,49.998775732146605,1233.4238910669176,0.89183699169538777,0.68964690581704957,4,0,1,1
147.59999999999999,49.998847339779253,1233.4423739852741,0.89162341866294148,0.6896578624393791,4,0,1,1
147.70000000000002,49.998914700744464,1233.459787120154,0.89142328653250535,0.68966881942106339,4,0,1,1
147.80000000000001,49.99897807709646,1233.4761924229981,0.89123548434267608,0.68967977673926106,4,0,1,1
147.90000000000001,49.999037713190248,1233.4916482579802,0.89105929752086155,0.6896907343726103,4,0,1,1
148,49.999093836591243,1233.5062096203019,0.89089382588848443,0.68970169230116141,4,0,1,1
148.09999999999999,49.99914665986654,1233.5199283374554,0.89073842551682814,0.6897126505062291,4,0,1,1
148.20000000000002,49.999196381924065,1233.5328532051055,0.89059238162215193,0.68972360897029694,4,0,1,1
148.30000000000001,49.999243188665417,1233.5450301818498,0.89045514904729706,0.68973456767695229,4,0,1,1
148.40000000000001,49.999287254359068,1233.5565025616895,0.8903260911037062,0.68974552661078736,4,0,1,1
148.5,49.999328742047148,1233.5673111465555,0.89020477792531505,0.68975648575736259,4,0,1,1
148.59999999999999,49.999367804669149,1233.5774943842009,0.89009061305946646,0.68976744510311383,4,0,1,1
148.70000000000002,49.999404585845213,1233.5870884796086,0.889983272703327,0.68977840463529139,4,0,1,1
148.80000000000001,49.999439220257706,1233.5961275295269,0.88988222694478414,0.68978936434192106,4,0,1,1
148.90000000000001,49.999471834499829,1233.6046436586485,0.88978718826043568,0.68980032421173909,4,0,1,1
149,49.999502547326188,1233.6126671394679,0.88969770831821671,0.68981128423416993,4,0,1,1
149.09999999999999,49.999531470359834,1233.62022650207,0.88961351362690477,0.68982224439926398,4,0,1,1
149.20000000000002,49.999558708642432,1233.627348609353,0.88953423349965288,0.68983320469765619,4,0,1,1
149.30000000000001,49.999584360831747,1233.6340587641603,0.88945963082407598,0.68984416512053981,4,0,1,1
149.40000000000001,49.999608519811964,1233.6403808026728,0.88938936378787092,0.68985512565962226,4,0,1,1
149.5,49.999631272816877,1233.6463371907098,0.88932324443637589,0.68986608630711022,4,0,1,1
149.59999999999999,49.999652701948669,1233.6519490977994,0.88926094502053032,0.68987704705566555,4,0,1,1
149.70000000000002,49.999672884533759,1233.65723646017,0.88920232542924438,0.68988800789837657,4,0,1,1
149.80000000000001,49.999691893275752,1233.662218053262,0.88914708912437901,0.68989896882873936,4,0,1,1
149.90000000000001,49.999709796663829,1233.6669115676134,0.88909510921873802,0.68990992984062616,4,0,1,1
150,49.999726659076451,1233.6713336738414,0.88904613010398059,0.68992089092827602,4,0,1,1
150.09999999999999,49.999742541128619,1233.6755000838486,0.88900002816296275,0.68993185208626129,4,0,1,1
150.20000000000002,49.999757499950647,1233.6794255914563,0.88895658789009335,0.68994281330946861,4,0,1,1
150.30000000000001,49.999771589270679,1233.6831241321565,0.88891570233636041,0.68995377459308449,4,0,1,1
150.40000000000001,49.999784859732955,1233.686608833548,0.88887717060422966,0.68996473593257235,4,0,1,1
150.5,49.999797358948079,1233.6898920692579,0.88884091006310006,0.68997569732366615,4,0,1,1
150.59999999999999,49.999809131767215,1233.6929854987466,0.88880672706662167,0.68998665876234655,4,0,1,1
150.70000000000002,49.999820220464244,1233.6959001029356,0.88877456315383441,0.68999762024482492,4,0,1,1
150.80000000000001,49.999830664814397,1233.6986462232114,0.88874424171185629,0.69000858176753521,4,0,1,1
150.90000000000001,49.999840502308061,1233.7012336040063,0.88871570996094584,0.6900195433271159,4,0,1,1
151,49.999849768205365,1233.7036714277683,0.88868881386277632,0.69003050492040519,4,0,1,1
151.09999999999999,49.999858495718755,1233.7059683494067,0.88866350118725568,0.69004146654442367,4,0,1,1
151.20000000000002,49.999866716165258,1233.7081325179358,0.88863964017183206,0.69005242819636348,4,0,1,1
151.30000000000001,49.999874459005902,1233.7101716100931,0.88861718669952683,0.69006338987358073,4,0,1,1
151.40000000000001,49.99988175202035,1233.7120928573643,0.88859601742269845,0.69007435157358321,4,0,1,1
151.5,49.999888621329958,1233.7139030763817,0.88857610065236781,0.69008531329402678,4,0,1,1
151.59999999999999,49.999895091549071,1233.7156086901323,0.88855731750310485,0.69009627503270199,4,0,1,1
151.70000000000002,49.999901185881072,1233.7172157482712,0.88853964874263103,0.69010723678752695,4,0,1,1
151.80000000000001,49.999906926162971,1233.7187299479228,0.88852298534056273,0.69011819855654111,4,0,1,1
151.90000000000001,49.999912332979399,1233.7201566577639,0.88850731046788278,0.69012916033789606,4,0,1,1
152,49.999917425694129,1233.7215009366487,0.88849252799681022,0.69014012212985332,4,0,1,1
152.09999999999999,49.99992222254749,1233.7227675531835,0.88847862074877004,0.69015108393077484,4,0,1,1
152.20000000000002,49.999926740741699,1233.7239609970559,0.88846550534015001,0.69016204573911599,4,0,1,1
152.30000000000001,49.999930996459874,1233.725085498121,0.888453168446937,0.69017300755342259,4,0,1,1
152.40000000000001,49.999935004963781,1233.7261450407173,0.88844153180834218,0.69018396937232407,4,0,1,1
152.5,49.999938780604097,1233.7271433809499,0.8884305883711705,0.69019493119453101,4,0,1,1
152.59999999999999,49.999942336905384,1233.7280840578317,0.88842026280890141,0.69020589301882784,4,0,1,1
152.70000000000002,49.999945686616634,1233.7289704050002,0.88841055439346961,0.69021685484406947,4,0,1,1
152.80000000000001,49.999948841737591,1233.7298055616568,0.88840139368273929,0.6902278166691771,4,0,1,1
152.90000000000001,49.999951813579287,1233.7305924863256,0.88839278077686146,0.69023877849313375,4,0,1,1
153,49.999954612783235,1233.7313339666223,0.88838465377842757,0.69024974031498343,4,0,1,1
153.09999999999999,49.999957249372926,1233.7320326305087,0.88837701213137821,0.69026070213382429,4,0,1,1
153.20000000000002,49.999959732802509,1233.73269095207,0.88836980137420574,0.69027166394880657,4,0,1,1
153.30000000000001,49.999962071965427,1233.7333112624806,0.8883630226339172,0.69028262575913035,4,0,1,1
153.40000000000001,49.999964275249745,1233.7338957574393,0.88835662467760779,0.69029358756404124,4,0,1,1
153.5,49.999966350542181,1233.7344465071244,0.88835061166403306,0.69030454936282992,4,0,1,1
153.60000000000002,49.999968305274827,1233.7349654621614,0.8883449343701546,0.6903155111548277,4,0,1,1
153.70000000000002,49.999970146457393,1233.7354544595919,0.88833959989776023,0.69032647293940397,4,0,1,1
153.80000000000001,49.999971880687255,1233.7359152289735,0.8883345632331876,0.69033743471596498,4,0,1,1
153.90000000000001,49.999973514173021,1233.736349402013,0.88832983088841122,0.69034839648395163,4,0,1,1
154,49.99997505276729,1233.7367585154595,0.88832536173145793,0.69035935824283767,4,0,1,1
154.10000000000002,49.999976501982317,1233.7371440172381,0.88832116355255875,0.69037031999212661,4,0,1,1
154.20000000000002,49.99997786701212,1233.7375072707828,0.88831719827538858,0.69038128173135083,4,0,1,1
154.30000000000001,49.999979152748018,1233.7378495611124,0.88831347410023509,0.69039224346006989,4,0,1,1
154.40000000000001,49.999980363794762,1233.7381720990106,0.88830995597836837,0.69040320517786902,4,0,1,1
154.5,49.99998150448841,1233.7384760260632,0.88830665196901837,0.69041416688435775,4,0,1,1
154.60000000000002,49.999982578918974,1233.7387624168728,0.88830353031276188,0.6904251285791676,4,0,1,1
154.70000000000002,49.999983590934207,1233.7390322842275,0.88830059950007789,0.69043609026195218,4,0,1,1
154.80000000000001,49.999984544162942,1233.7392865818517,0.88829782961887194,0.69044705193238398,4,0,1,1
154.90000000000001,49.999985442017106,1233.7395262092127,0.88829522995266463,0.69045801359015568,4,0,1,1
155,49.999986287713035,1233.7397520135341,0.88829277196876932,0.69046897523497763,4,0,1,1
155.10000000000002,49.851771125134547,1228.4910434928463,-7.5985992633703425,0.69048665690287747,2,1,0,0
155.20000000000002,49.654513115830269,1232.0731945205901,-7.2920196837012474,0.69048795031483379,2,1,0,0
155.30000000000001,49.472135161627854,1234.5546226789061,-7.5603558850546086,0.69049009578924025,2,1,0,0
155.40000000000001,49.288435981825415,1232.6897097463591,-7.6221193292195322,0.69049358521642301,2,1,0,0
155.5,49.10363342117703,1231.2146657528967,-7.640625151275537,0.69049692557288056,2,1,0,0
155.60000000000002,48.917960271833763,1229.7613539836991,-7.653940862079061,0.69050027083967846,2,1,0,0
155.70000000000002,48.731566707475828,1228.2851094902458,-7.6606466459192015,0.69050362301698687,2,1,0,0
155.80000000000001,48.5445785516687,1226.7990769190305,-7.6632457068973689,0.69050697204082478,2,1,0,0
155.90000000000001,48.357098738170748,1225.3037256987702,-7.6611934592826021,0.69051031333198898,2,1,0,0
156,48.169214251549811,1223.7997133599256,-7.6596381562267837,0.69051364283188765,2,1,0,0
156.10000000000002,47.980990493280999,1222.287766609566,-7.6525173510982434,0.69051695743728614,2,1,0,0
156.20000000000002,47.792485572785139,1220.7685079469818,-7.642337776794446,0.69052025441169818,2,1,0,0
156.30000000000001,47.603747402280078,1219.2424660892041,-7.6296336747724602,0.69052353149599499,2,1,0,0
156.40000000000001,47.414815516689472,1217.7101084864271,-7.6148394298172928,0.69052678681549662,2,1,0,0
156.5,47.225722532672457,1216.1718414970208,-7.5983148913013423,0.6905300188133755,2,1,0,0
156.60000000000002,47.03649538689772,1214.6280210151592,-7.5803533470690114,0.69053322619113633,2,1,0,0
156.70000000000002,46.84715632908425,1213.0789623675514,-7.5611963538960909,0.69053640786122317,2,1,0,0
156.80000000000001,46.657723750652835,1211.524945999422,-7.5410422920349722,0.69053956290865104,2,1,0,0
156.90000000000001,46.468212865520897,1209.9662231074558,-7.5200536997783241,0.69054269056048156,2,1,0,0
157,46.278636266413749,1208.403020112172,-7.4983645930097369,0.6905457901587172,2,1,0,0
157.10000000000002,46.096841022664179,1206.9450868027081,-7.0100893764709244,0.69054853219062851,2,1,0,0
157.20000000000002,45.916764886383461,1205.4600265606887,-7.0114284213413445,0.69055120768472056,2,1,0,0
157.30000000000001,45.736839355825758,1203.9700736107188,-6.9970593413578639,0.69055385136221314,2,1,0,0
157.40000000000001,45.556906526039199,1202.4775461523632,-6.979684284843513,0.69055646821069527,2,1,0,0
157.5,45.376965597019201,1200.9815981136423,-6.9522870782227271,0.69055905862798772,2,1,0,0
157.60000000000002,45.197027243119123,1199.4824037014318,-6.9305829506237044,0.69056162211757,2,1,0,0
157.70000000000002,45.017085311738455,1197.9800557320027,-6.9264399826339673,0.69056415876359967,2,1,0,0
157.80000000000001,44.837142574302746,1196.4746637659334,-6.9040212508623338,0.69056666836604641,2,1,0,0
157.90000000000001,44.657197396268401,1194.9662925610519,-6.881628532798902,0.69056915088055848,2,1,0,0
158,44.477250007454558,1193.4550537827186,-6.8592315584816328,0.69057160617683078,2,1,0,0
158.10000000000002,44.289445276787646,1191.8327933014732,-7.2316898283818656,0.69057433811478686,2,1,0,0
158.20000000000002,44.099897466549038,1190.2296543233829,-7.1979732043664333,0.69057707700614057,2,1,0,0
158.30000000000001,43.910153024126053,1188.6247578105038,-7.1679505421666416,0.69057978990419377,2,1,0,0
158.40000000000001,43.720379535729151,1187.0161518916552,-7.1515184660165403,0.69058247195633637,2,1,0,0
158.5,43.530583852503419,1185.4049000569194,-7.1205733594919289,0.6905851223463374,2,1,0,0
158.60000000000002,43.340758652698113,1183.791025637287,-7.0948664164744466,0.69058774116801913,2,1,0,0
158.70000000000002,43.150913966003422,1182.1746424360351,-7.0732870994642152,0.69059032799130893,2,1,0,0
158.80000000000001,42.961050143838428,1180.5558450877993,-7.066049532890335,0.69059288265015883,2,1,0,0
158.90000000000001,42.771171312585274,1178.9347292980585,-7.0405345253102993,0.69059540489659399,2,1,0,0
159,42.581278849428308,1177.3113698506468,-7.0149148206431811,0.69059789456152532,2,1,0,0
159.10000000000002,42.391375002328935,1175.6858577282339,-6.9891452587931822,0.69060035144698773,2,1,0,0
159.20000000000002,42.201461414576755,1174.0582626894657,-6.963196294525325,0.6906027753847197,2,1,0,0
159.30000000000001,42.011539134709352,1172.4286589039093,-6.9371692841956332,0.69060516621943591,2,1,0,0
159.40000000000001,41.821609580614215,1170.7971159509912,-6.9109911771910326,0.69060752379140367,2,1,0,0
159.5,41.63167348483681,1169.1636967431275,-6.8847212684414458,0.69060984796120528,2,1,0,0
159.60000000000002,41.441731724121418,1167.5284658178439,-6.8583514717361984,0.69061213858577664,2,1,0,0
159.70000000000002,41.251784993735939,1165.891481293638,-6.8318778656786625,0.69061439553156445,2,1,0,0
159.80000000000001,41.061833797717767,1164.2528008858947,-6.8053250661600897,0.69061661866917778,2,1,0,0
159.90000000000001,40.871878700531219,1162.6124795167077,-6.7786796297057172,0.69061880787086327,2,1,0,0
160,40.681920074292485,1160.9705693345068,-6.7519546335207989,0.69062096301444642,2,1,0,0
160.10000000000002,40.499852909732098,1159.4324756504377,-6.3129905202454015,0.69062283038336891,2,1,0,0
160.20000000000002,40.319468191607285,1157.8737140875071,-6.3054232422010132,0.69062463896832771,2,1,0,0
160.30000000000001,40.139288101212216,1156.3128540559594,-6.2872409301409702,0.69062641213701281,2,1,0,0
160.40000000000001,39.959133335299597,1154.7517316323174,-6.2679552692831813,0.69062815418509782,2,1,0,0
160.5,39.778996237086744,1153.1894442214473,-6.2378582313474933,0.69062986567162399,2,1,0,0
160.60000000000002,39.598885274922296,1151.6260873895828,-6.2320600533304544,0.69063154628968759,2,1,0,0
160.70000000000002,39.418789940744105,1150.0616379352987,-6.2073112366183594,0.69063319623966979,2,1,0,0
160.80000000000001,39.238710767410964,1148.4961564581663,-6.1824308422392535,0.69063481542055327,2,1,0,0
160.90000000000001,39.058644027588677,1146.9296112673458,-6.1575358287238107,0.69063640387167435,2,1,0,0
161,38.87858695732573,1145.3620439996334,-6.1328789335734575,0.69063796156590473,2,1,0,0
161.10000000000002,38.690625568932781,1143.6894420647104,-6.4472944658444984,0.69063971722269113,2,1,0,0
161.20000000000002,38.501013846353317,1142.0338261090433,-6.4129461698567765,0.69064146400845328,2,1,0,0
161.30000000000001,38.311192595354306,1140.3777833856441,-6.3821750859219017,0.69064318008622427,2,1,0,0
161.40000000000001,38.121348906764602,1138.7196577412624,-6.3647023155337621,0.69064486159501959,2,1,0,0
161.5,37.931490103841696,1137.0604376182657,-6.3319753031730892,0.69064650785285087,2,1,0,0
161.60000000000002,37.741606112402273,1135.4000685967042,-6.3255043856939359,0.69064811896235356,2,1,0,0
161.70000000000002,37.551707666787266,1133.7386520626787,-6.2981093565442166,0.69064969458425274,2,1,0,0
161.80000000000001,37.361793561959487,1132.0761771954596,-6.270781484243539,0.69065123463698075,2,1,0,0
161.90000000000001,37.171867605789558,1130.41274378764,-6.243349823338086,0.69065273890576162,2,1,0,0
162,36.981932232985223,1128.7483689875605,-6.2155827625236704,0.69065420724563464,2,1,0,0
162.10000000000002,36.79198752714565,1127.0830941561762,-6.1879123392553268,0.69065563953807263,2,1,0,0
162.20000000000002,36.602036397283932,1125.4169666155324,-6.1599789688555795,0.69065703561892744,2,1,0,0
162.30000000000001,36.41207888790786,1123.7500053756332,-6.1320055259345807,0.6906583953868245,2,1,0,0
162.40000000000001,36.222116286240578,1122.0822528145038,-6.1039530683208447,0.69065971870855791,2,1,0,0
162.5,36.032149518304443,1120.4137330230367,-6.075763164743484,0.69066100547093767,2,1,0,0
162.60000000000002,35.842178801490334,1118.7444737557923,-6.0475461624819582,0.69066225556760397,2,1,0,0
162.70000000000002,35.652205077309844,1117.0745041359473,-6.0192178673671828,0.69066346888034857,2,1,0,0
162.80000000000001,35.462228534138838,1115.4038447980956,-5.990828305693026,0.6906646453106301,2,1,0,0
162.90000000000001,35.272249619451998,1113.7325225094658,-5.9623762381617293,0.69066578475246942,2,1,0,0
163,35.08226870291444,1112.060557567989,-5.9338424651038624,0.69066688710635504,2,1,0,0
163.10000000000002,35.043384508697471,1112.2908632457008,0.22977215775322038,0.69066160310563529,3,1,1,0
163.20000000000002,35.035176908187552,1112.2562744767147,0.22069946023563206,0.69065584200718122,5,1,1,1
163.30000000000001,35.039273214697282,1094.6689133301168,0.84967607611361373,0.69065969943427918,4,0,1,1
163.40000000000001,35.040115257965574,1088.6647712691738,0.13495714696347075,0.69066858581939727,4,0,1,1
163.5,35.034423692691199,1088.7627855193632,0.11398467320239623,0.69067823174745657,4,0,1,1
163.60000000000002,35.029094367140686,1089.4303724545607,0.146051753331367,0.69068791033149624,4,0,1,1
163.70000000000002,35.024620216564898,1090.1138124708857,0.16491931534876342,0.69069756532124116,4,0,1,1
163.80000000000001,35.020894053020761,1090.7686812946772,0.19420741521315371,0.69070719740986453,4,0,1,1
163.90000000000001,35.017789325899997,1091.3927364652616,0.20088201912274981,0.69071681091209547,4,0,1,1
164,35.015199630061211,1091.9870259035929,0.22463109314608212,0.69072640964140075,4,0,1,1
164.10000000000002,35.013032619701811,1092.5529245926541,0.22862629120916864,0.69073599690963106,4,0,1,1
164.20000000000002,35.011219327699202,1093.0916485936971,0.24110247663119772,0.69074557516701074,4,0,1,1
164.30000000000001,35.009698903730602,1093.6044383168319,0.25143480651416472,0.69075514655626569,4,0,1,1
164.40000000000001,35.008421037831205,1094.0924846477913,0.25998344783732596,0.6907647128231551,4,0,1,1
164.5,35.007344356584127,1094.5569394085358,0.26707168310245955,0.69077427537859704,4,0,1,1
164.60000000000002,35.00643465139219,1094.9989029626959,0.27295204387551192,0.69078383536469434,4,0,1,1
164.70000000000002,35.005663709935916,1095.4194339542662,0.27783386914693048,0.69079339369857506,4,0,1,1
164.80000000000001,35.005008253806267,1095.8195455333798,0.28189585647083326,0.69080295111384504,4,0,1,1
164.90000000000001,35.004449019701475,1096.2002064617031,0.28527633735831687,0.69081250819467654,4,0,1,1
165,35.003970119048603,1096.5623446687136,0.28809679383086911,0.6908220654011189,4,0,1,1
165.10000000000002,35.003558389493861,1096.9068452679601,0.29045300558382464,0.69083162309365231,4,0,1,1
165.20000000000002,35.003202946417815,1097.2345545107742,0.29242493335214242,0.69084118155039831,4,0,1,1
165.30000000000001,35.002894776978195,1097.5462797165185,0.29407974864754594,0.69085074098292498,4,0,1,1
165.40000000000001,35.002626401761724,1097.8427909515658,0.29547063027873771,0.69086030154894063,4,0,1,1
165.5,35.002391623098411,1098.1248229614828,0.29664350016774849,0.69086986336212919,4,0,1,1
165.60000000000002,35.002185285901767,1098.3930757776975,0.29763493816614944,0.69087942650115408,4,0,1,1
165.70000000000002,35.002003105213149,1098.6482168529601,0.29847557745239245,0.6908889910162066,4,0,1,1
165.80000000000001,35.00184151183727,1098.8908819987123,0.29919093143346953,0.69089855693487712,4,0,1,1
165.90000000000001,35.001697526221662,1099.1216768729898,0.29980153726671299,0.69090812426680781,4,0,1,1
166,35.001568660468841,1099.3411783940589,0.30032493078896894,0.69091769300738559,4,0,1,1
166.10000000000002,35.001452829371935,1099.5499358217139,0.30077522415561214,0.69092726314098185,4,0,1,1
166.20000000000002,35.001348283970181,1099.7484721950673,0.30116426599939844,0.69093683464336708,4,0,1,1
166.30000000000001,35.001253552844815,1099.9372853963755,0.30150188988150439,0.69094640748382408,4,0,1,1
166.40000000000001,35.001167394572654,1100.1168493564669,0.30179612717545423,0.69095598162680349,4,0,1,1
166.5,35.001088759698121,1100.2876151768917,0.30205378705473351,0.69096555703324714,4,0,1,1
166.60000000000002,35.001016757286145,1100.4500121477836,0.30228041876246686,0.69097513366170893,4,0,1,1
166.70000000000002,35.000950629199714,1100.6044488218959,0.30248069166232511,0.69098471146919505,4,0,1,1
166.80000000000001,35.000889727650346,1100.7513139545151,0.30265849554237284,0.6909942904118791,4,0,1,1
166.90000000000001,35.000833497032524,1100.8909774580554,0.30281704571105755,0.69100387044564937,4,0,1,1
167,35.000781459105696,1101.0237912977675,0.30295907146373918,0.69101345152654181,4,0,1,1
167.10000000000002,35.000733200226691,1101.1500903368353,0.30308682452050084,0.69102303361108741,4,0,1,1
167.20000000000002,35.000688361283927,1101.2701931675288,0.30320221632081246,0.69103261665656879,4,0,1,1
167.30000000000001,35.000646628995135,1101.3844028804313,0.30330684882329373,0.69104220062122368,4,0,1,1
167.40000000000001,35.00060772882987,1101.4930078148905,0.3034020711503792,0.69105178546439294,4,0,1,1
167.5,35.000571419151186,1101.5962822680965,0.30348903183777182,0.69106137114662602,4,0,1,1
167.60000000000002,35.0005374862221,1101.6944871699027,0.30356870005123088,0.6910709576297579,4,0,1,1
167.70000000000002,35.000505740179641,1101.7878707315817,0.30364190415479908,0.6910805448769527,4,0,1,1
167.80000000000001,35.000476011570605,1101.8766690578043,0.30370935333464766,0.69109013285273191,4,0,1,1
167.90000000000001,35.000448148504809,1101.9611067343335,0.30377165256082539,0.69109972152298182,4,0,1,1
168,35.000422014265872,1102.0413973856867,0.30382932816577846,0.69110931085494887,4,0,1,1
168.10000000000002,35.00039748527859,1102.1177442062058,0.3038828306160371,0.69111890081722449,4,0,1,1
168.20000000000002,35.00037444943203,1102.190340467153,0.30393255567670874,0.69112849137972177,4,0,1,1
168.30000000000001,35.000352804634886,1102.259369997792,0.30397884566288191,0.6911380825136465,4,0,1,1
168.40000000000001,35.000332457607989,1102.3250076448403,0.30402200319088984,0.69114767419146173,4,0,1,1
168.5,35.00031332285549,1102.3874197090204,0.30406229300272603,0.69115726638685204,4,0,1,1
168.60000000000002,35.000295321782119,1102.4467643608266,0.30409995122160915,0.69116685907468278,4,0,1,1
168.70000000000002,35.000278381947183,1102.5031920364295,0.30413518592091815,0.69117645223095947,4,0,1,1
168.80000000000001,35.000262436415404,1102.556845814139,0.30416818506267673,0.69118604583278609,4,0,1,1
168.90000000000001,35.000247423202339,1102.607861772974,0.30419911496784358,0.69119563985832233,4,0,1,1
169,35.000233284792387,1102.6563693337416,0.30422812787728193,0.69120523428674208,4,0,1,1
169.10000000000002,35.000219967718685,1102.702491583588,0.30425535907847279,0.69121482909819199,4,0,1,1
169.20000000000002,35.000207422197988,1102.7463455849609,0.30428093375069687,0.69122442427375019,4,0,1,1
169.30000000000001,35.000195601808223,1102.7880426694062,0.30430496370769616,0.69123401979538701,4,0,1,1
169.40000000000001,35.0001844632054,1102.8276887172917,0.30432755332686046,0.69124361564592574,4,0,1,1
169.5,35.000173965872747,1102.8653844241908,0.30434879625548922,0.69125321180899502,4,0,1,1
169.60000000000002,35.000164071895497,1102.9012255529719,0.30436878066695072,0.69126280826901298,4,0,1,1
169.70000000000002,35.000154745763865,1102.9353031750813,0.30438758575477809,0.69127240501115017,4,0,1,1
169.80000000000001,35.000145954199979,1102.9677038938489,0.30440528700940284,0.69128200202127721,4,0,1,1
169.90000000000001,35.000137665964616,1102.9985100851673,0.30442195185188126,0.69129159928594131,4,0,1,1
170,35.000129851756498,1103.027800081162,0.30443764575433108,0.69130119679233659,4,0,1,1
170.10000000000002,35.000122484043281,1103.0556483704795,0.30445242633425412,0.69131079452827171,4,0,1,1
170.20000000000002,35.000115536974327,1103.0821257849657,0.30446635019910179,0.69132039248214194,4,0,1,1
170.30000000000001,35.000108986241798,1103.1072996803684,0.30447946821680394,0.69132999064290201,4,0,1,1
170.40000000000001,35.000102808966957,1103.131234132914,0.30449182876127157,0.69133958900003967,4,0,1,1
170.5,35.000096983652838,1103.153990062176,0.30450347736197192,0.69134918754355046,4,0,1,1
170.60000000000002,35.000091490047055,1103.175625400459,0.30451445500722718,0.69135878626391334,4,0,1,1
170.70000000000002,35.000086309118977,1103.1961952318304,0.30452480213126176,0.69136838515206733,4,0,1,1
170.80000000000001,35.000081422930158,1103.2157519369628,0.30453455552549397,0.69137798419938989,4,0,1,1
170.90000000000001,35.000076814587509,1103.2343453431333,0.30454374925494693,0.69138758339767659,4,0,1,1
171,35.000072468191199,1103.2520228222299,0.30455241754306489,0.69139718273912065,4,0,1,1
171.10000000000002,35.000068368750739,1103.268829421088,0.30456058857299056,0.6914067822162937,4,0,1,1
171.20000000000002,35.000064502165785,1103.2848079711425,0.3045682934777893,0.6914163818221275,4,0,1,1
171.30000000000001,35.000060855134876,1103.2999991998995,0.30457555752040871,0.69142598154989643,4,0,1,1
171.40000000000001,35.000057415122747,1103.3144418486904,0.30458240712469031,0.69143558139320205,4,0,1,1
171.5,35.000054170324461,1103.3281727481815,0.30458886606845709,0.69144518134595656,4,0,1,1
171.60000000000002,35.000051109602879,1103.3412269206788,0.3045949563123812,0.69145478140236838,4,0,1,1
171.70000000000002,35.00004822247876,1103.3536376648678,0.30460069958664981,0.69146438155692636,4,0,1,1
171.80000000000001,35.000045499060676,1103.3654366430032,0.30460611572921575,0.69147398180438802,4,0,1,1
171.90000000000001,35.000042930024826,1103.3766539721562,0.30461122302126303,0.69148358213976568,4,0,1,1
172,35.0000405065867,1103.3873182832986,0.30461604030904565,0.69149318255831449,4,0,1,1
172.10000000000002,35.000038220456716,1103.3974568008437,0.30462058256165531,0.69150278305552049,4,0,1,1
172.20000000000002,35.000036063832688,1103.4070954086799,0.30462486715156262,0.69151238362708956,4,0,1,1
172.30000000000001,35.000034029348377,1103.4162587179235,0.30462890753870553,0.69152198426893574,4,0,1,1
172.40000000000001,35.000032110058726,1103.424970137944,0.30463271849313406,0.69153158497717326,4,0,1,1
172.5,35.000030299419187,1103.4332519223258,0.30463631283336512,0.6915411857481053,4,0,1,1
172.60000000000002,35.000028591252644,1103.4411252308953,0.30463970281637948,0.69155078657821489,4,0,1,1
172.70000000000002,35.000026979744561,1103.4486101809912,0.30464290023070506,0.69156038746415671,4,0,1,1
172.80000000000001,35.000025459404135,1103.4557259002715,0.30464591618862641,0.69156998840274853,4,0,1,1
172.90000000000001,35.000024025054145,1103.4624905818357,0.30464876057458951,0.69157958939096287,4,0,1,1
173,35.00002267181511,1103.4689215201024,0.30465144401549782,0.69158919042592049,4,0,1,1
173.10000000000002,35.000021395081063,1103.4750351590535,0.30465397454968463,0.69159879150488257,4,0,1,1
173.20000000000002,35.000020190515947,1103.4808471321358,0.30465636201506885,0.69160839262524332,4,0,1,1
173.30000000000001,35.000019054024698,1103.4863723033125,0.30465861364360536,0.6916179937845246,4,0,1,1
173.40000000000001,35.000017981745764,1103.4916248099364,0.30466073780917396,0.69162759498036919,4,0,1,1
173.5,35.000016970039418,1103.4966180906574,0.30466274143884248,0.69163719621053477,4,0,1,1
173.60000000000002,35.000016015469548,1103.5013649230154,0.30466463148377071,0.69164679747288871,4,0,1,1
173.70000000000002,35.000015114801279,1103.5058774544204,0.3046664143248462,0.69165639876540241,4,0,1,1
173.80000000000001,35.000014264979193,1103.5101672341273,0.30466809628942343,0.6916660000861462,4,0,1,1
173.90000000000001,35.000013463121974,1103.5142452465084,0.30466968268647032,0.69167560143328499,4,0,1,1
174,35.000012706513587,1103.5181219328265,0.30467117959915624,0.6916852028050734,4,0,1,1
174.10000000000002,35.000011992589776,1103.5218072204532,0.30467259130186564,0.69169480419985097,4,0,1,1
174.20000000000002,35.000011318936316,1103.5253105469819,0.30467392344008287,0.69170440561603852,4,0,1,1
174.30000000000001,35.000010683272748,1103.5286408850711,0.30467517986024428,0.69171400705213426,4,0,1,1
174.40000000000001,35.000010083448451,1103.5318067683181,0.30467636537348491,0.69172360850670989,4,0,1,1
174.5,35.000009517436034,1103.5348163081853,0.30467748367991099,0.69173320997840648,4,0,1,1
174.60000000000002,35.000008983321237,1103.5376772167631,0.30467853878465456,0.69174281146593208,4,0,1,1
174.70000000000002,35.000008479301826,1103.5403968254784,0.30467953409644843,0.69175241296805756,4,0,1,1
174.80000000000001,35.000008003675156,1103.5429821044472,0.30468047327128994,0.6917620144836143,4,0,1,1
174.90000000000001,35.000007554835562,1103.5454396825432,0.30468135912080196,0.6917716160114904,4,0,1,1
175,35.000007131269236,1103.5477758606014,0.30468219517288087,0.69178121755062871,4,0,1,1
175.10000000000002,35.000006731546762,1103.5499966290986,0.30468298365623825,0.69179081910002393,4,0,1,1
175.20000000000002,35.000006354322302,1103.5521076827179,0.30468372786070619,0.69180042065871972,4,0,1,1
175.30000000000001,35.000005998324326,1103.554114435371,0.30468442978094523,0.69181002222580645,4,0,1,1
175.40000000000001,35.000005662353665,1103.556022035812,0.30468509223196594,0.69181962380041939,4,0,1,1
175.5,35.000005345279675,1103.5578353778853,0.30468571714451631,0.69182922538173575,4,0,1,1
175.60000000000002,35.000005046034666,1103.5595591143062,0.3046863068683926,0.69183882696897347,4,0,1,1
175.70000000000002,35.000004763613369,1103.5611976679484,0.30468686318327698,0.69184842856138862,4,0,1,1
175.80000000000001,35.000004497065888,1103.5627552435508,0.30468738824264274,0.69185803015827352,4,0,1,1
175.90000000000001,35.00000424549642,1103.5642358398172,0.30468788349305981,0.69186763175895527,4,0,1,1
176,35.000004008060245,1103.5656432574156,0.3046883510191622,0.69187723336279439,4,0,1,1
176.10000000000002,34.769818774714764,1095.8563373920792,-8.6568681599104398,0.69188967651822553,2,1,0,0
176.20000000000002,34.478932654575281,1097.3678235155064,-8.5293817877752467,0.69188957460477984,2,1,0,0
176.30000000000001,34.198616941495622,1098.5476298920378,-8.643096518729255,0.69189038015887416,2,1,0,0
176.40000000000001,33.916894853498221,1095.8692332900466,-8.6475961532776076,0.69189222889613089,2,1,0,0
176.5,33.633776347656948,1093.5182860259022,-8.6201561718012751,0.69189383937126092,2,1,0,0
176.60000000000002,33.349539794947191,1091.1842784815551,-8.5872890164167881,0.69189534485504267,2,1,0,0
176.70000000000002,33.064381270508406,1088.8268826378694,-8.545742575780185,0.69189675241727144,2,1,0,0
176.80000000000001,32.778459081307162,1086.4580371526965,-8.4895480687335052,0.69189805756891443,2,1,0,0
176.90000000000001,32.491902520563386,1084.0785673197161,-8.4686202997493272,0.69189925974603339,2,1,0,0
177,32.204822158077064,1081.6893670976278,-8.433427909897059,0.6919003583379012,2,1,0,0
177.10000000000002,31.917300676862492,1079.2913208667669,-8.3773503314840436,0.69190135285929688,2,1,0,0
177.20000000000002,31.629411800635999,1076.8851982370666,-8.3184281053053066,0.69190224290538793,2,1,0,0
177.30000000000001,31.34121642811213,1074.4716524733947,-8.2571567387658487,0.69190302814514748,2,1,0,0
177.40000000000001,31.052764954437951,1072.0512548211029,-8.1939319565294024,0.69190370829813153,2,1,0,0
177.5,30.764099034148245,1069.6244987982632,-8.1290860489664531,0.69190428312352215,2,1,0,0
177.60000000000002,30.475253182336221,1067.1918141152953,-8.0628868156597235,0.69190475240920191,2,1,0,0
177.70000000000002,30.186255995035356,1064.753578159208,-7.9955545396236136,0.69190511596322424,2,1,0,0
177.80000000000001,29.897131187158333,1062.3101239420346,-7.9272712367854714,0.6919053736084857,2,1,0,0
177.90000000000001,29.607898463308086,1059.8617471058008,-7.8581842214762991,0.69190552517852355,2,1,0,0
178,29.318574196387502,1057.408711771875,-7.7884159444012866,0.69190557051430279,2,1,0,0
178.10000000000002,29.021159996068867,1054.8527337100447,-7.9277447288824039,0.691905423315754,2,1,0,0
178.20000000000002,28.722177658893632,1052.3066309323915,-7.8409709954403644,0.69190515124396301,2,1,0,0
178.30000000000001,28.422858807178692,1049.755614543662,-7.7739051186726043,0.69190475998458123,2,1,0,0
178.40000000000001,28.12347362638447,1047.199716657781,-7.6901930593969992,0.69190425333379391,2,1,0,0
178.5,27.824029080991586,1044.639999988932,-7.6226137205987801,0.69190363113697029,2,1,0,0
178.60000000000002,27.524517420523907,1042.0765206757192,-7.6023458773542805,0.69190289307758535,2,1,0,0
178.70000000000002,27.224956502466863,1039.5094813479177,-7.5248856847088819,0.69190203914459436,2,1,0,0
178.80000000000001,26.92534775472652,1036.9389924071572,-7.4473967727119925,0.69190106914237914,2,1,0,0
178.90000000000001,26.6257003439054,1034.3652522498642,-7.3695643956319188,0.6918999830006699,2,1,0,0
179,26.326019360459384,1031.7883719613274,-7.2913124718376165,0.69189878057740606,2,1,0,0
179.10000000000002,26.034354219494389,1029.3045180139445,-6.8739363845602899,0.69189758779745592,2,1,0,0
179.20000000000002,25.744111259689266,1026.8060472108707,-6.8323907073086305,0.69189630278486147,2,1,0,0
179.30000000000001,25.454143126966493,1024.3058636062869,-6.7705971703428292,0.69189491469454878,2,1,0,0
179.40000000000001,25.164170095997591,1021.8039634402633,-6.7088713218727953,0.69189341842468521,2,1,0,0
179.5,24.874198614746952,1019.2996922422718,-6.6084146610940033,0.69189181387683074,2,1,0,0
179.60000000000002,24.584238612170065,1016.793171319326,-6.5529310524083755,0.69189010104412862,2,1,0,0
179.70000000000002,24.294285649346044,1014.2844850374859,-6.490494873084697,0.69188827975352396,2,1,0,0
179.80000000000001,24.004336995787703,1011.773670563043,-6.4042063727350893,0.69188634983410302,2,1,0,0
179.90000000000001,23.714391658568648,1009.2607880629616,-6.3194357470903633,0.69188431114296156,2,1,0,0
180,23.424448161579949,1006.7458902433019,-6.2493799905122644,0.69188216353571053,2,1,0,0
180.10000000000002,23.134505575648358,1004.2290320844864,-6.1795130685337005,0.69187990687174572,2,1,0,0
180.20000000000002,22.844563079573483,1001.7102694564395,-6.1004908326574734,0.69187754101289856,2,1,0,0
180.30000000000001,22.554620058559813,999.18965667569739,-6.0205889970699618,0.69187506582594482,2,1,0,0
180.40000000000001,22.264676055490416,996.66724692020341,-5.946662276188369,0.69187248118340083,2,1,0,0
180.5,21.974730709339731,994.14309276442623,-5.8735417070734455,0.69186978695957368,2,1,0,0
180.60000000000002,21.684783760346427,991.617246288768,-5.7961474607464583,0.69186698303110539,2,1,0,0
180.70000000000002,21.394835020030598,989.08975817321846,-5.7178964658908207,0.69186406927814648,2,1,0,0
180.80000000000001,21.104884365812275,986.56067745611381,-5.6429032751961365,0.691861045584653,2,1,0,0
180.90000000000001,20.814931717033193,984.03005229014207,-5.5683336995428103,0.69185791183647494,2,1,0,0
181,20.524977034557278,981.49792989825585,-5.4908449552773817,0.69185466792132344,2,1,0,0
181.10000000000002,20.235020307519964,978.96435598718824,-5.4129769875931917,0.69185131372980169,2,1,0,0
181.20000000000002,19.945061548850362,976.42937447071745,-5.3406449163817946,0.69184784915619135,2,1,0,0
181.30000000000001,19.655100789438819,973.8930290273114,-5.2625500354883945,0.69184427409447724,2,1,0,0
181.40000000000001,19.365138073851863,971.35536174062304,-5.1830721472323864,0.69184058844171414,2,1,0,0
181.5,19.075173455326336,968.81641172434081,-5.1249710626472265,0.69183679210118276,2,1,0,0
181.60000000000002,18.785206997372409,966.27622036287323,-5.0368564692670308,0.69183288496968975,2,1,0,0
181.70000000000002,18.495238769557005,963.73482673387548,-5.0213446493984284,0.69182886694863044,2,1,0,0
181.80000000000001,18.205268841254068,961.19226610914927,-4.9452131823052659,0.69182473794741173,2,1,0,0
181.90000000000001,17.915297276100933,958.64857558010749,-4.8690172993415874,0.6918204978732635,2,1,0,0
182,17.625324153440246,956.10378851653581,-4.7927504498042168,0.69181614663549118,2,1,0,0
182.10000000000002,17.335349549791445,953.55793966183796,-4.7164206340232813,0.69181168414541616,2,1,0,0
182.20000000000002,17.045373520227976,951.01106211558817,-4.6400223933125941,0.69180711031564801,2,1,0,0
182.30000000000001,16.755396147587444,948.46318665367642,-4.5635639267397226,0.69180242506114609,2,1,0,0
182.40000000000001,16.465417507910988,945.91434419741188,-4.4870384633562495,0.69179762829897262,2,1,0,0
182.5,16.175437642261112,943.36456565875915,-4.4104551400053005,0.69179271994675429,2,1,0,0
182.60000000000002,15.885456629135279,940.81387876540191,-4.3338082179195512,0.69178769992481348,2,1,0,0
182.70000000000002,15.595474545285324,938.26231069865923,-4.2571042823516851,0.69178256815566064,2,1,0,0
182.80000000000001,15.305491422838491,935.70989058148632,-4.1803392907389529,0.6917773245622445,2,1,0,0
182.90000000000001,15.015507320388966,933.15664355437457,-4.1035205118672504,0.69177196907000227,2,1,0,0
183,14.725522306176616,930.60259540167237,-4.0266422976873883,0.6917665016064406,2,1,0,0
183.10000000000002,14.435536421424008,928.0477702244134,-3.9497120601100253,0.69176092210015616,2,1,0,0
183.20000000000002,14.145549715579808,925.49219236966883,-3.8727255272180932,0.69175523048185261,2,1,0,0
183.30000000000001,13.855562238209215,922.93588463062622,-3.7956886116177735,0.69174942668388695,2,1,0,0
183.40000000000001,13.565574030125857,920.37886932995821,-3.7185978960738955,0.69174351064019035,2,1,0,0
183.5,13.27558513277371,917.82116865296894,-3.6414588842198956,0.69173748228653553,2,1,0,0
183.60000000000002,12.985595583256313,915.26280306791682,-3.5642684699944982,0.69173134156032046,2,1,0,0
183.70000000000002,12.695605428236718,912.70379270288174,-3.4870318150312918,0.69172508840088021,2,1,0,0
183.80000000000001,12.405614693728852,910.14415792118211,-3.4097458245950047,0.69171872274883328,2,1,0,0
183.90000000000001,12.115623410238332,907.58391760536074,-3.3324161143948503,0.69171224454660374,2,1,0,0
184,11.825631617225206,905.02309025147133,-3.2550392003711059,0.69170565373861759,2,1,0,0
184.10000000000002,11.527418209824205,902.37789281651089,-3.2088995877347672,0.69169862266542037,2,1,0,0
184.20000000000002,11.228011627081015,899.73191079620256,-3.1247852586848981,0.69169144684586448,2,1,0,0
184.30000000000001,10.928244898401937,897.08391304566783,-3.0511589488623225,0.69168413541322427,2,1,0,0
184.40000000000001,10.628451385998405,894.43471852040886,-2.9700542047593612,0.69167670127218894,2,1,0,0
184.5,10.328644038030593,891.78486930354313,-2.9039802509006827,0.69166914536461677,2,1,0,0
184.60000000000002,10.028803521197359,889.13422726626231,-2.8056935423893643,0.69166146701687381,2,1,0,0
184.70000000000002,9.7289424781502536,886.48289892565299,-2.7884597701403924,0.69165366649975624,2,1,0,0
184.80000000000001,9.4290598526759322,883.83089050778563,-2.7056374024709875,0.69164574379383537,2,1,0,0
184.90000000000001,9.1291634681326208,881.17829522789623,-2.6225896884543243,0.6916376991123534,2,1,0,0
185,8.8292519665865274,878.52510803073983,-2.539541962822752,0.69162953234640923,2,1,0,0
185.10000000000002,8.5375877815296946,875.95266277958092,-2.2948510397829929,0.6916216110457668,2,1,0,0
185.20000000000002,8.2470446776281943,873.38229839840892,-2.2244506841664267,0.69161360270536421,2,1,0,0
185.30000000000001,7.9568797192666736,870.81317056587136,-2.1611581457090416,0.69160549746101851,2,1,0,0
185.40000000000001,7.6667339990596686,868.24416267133984,-2.0761623831031413,0.69159728046732538,2,1,0,0
185.5,7.3765887740487184,865.67480067726206,-2.0165776999704725,0.69158895018910982,2,1,0,0
185.60000000000002,7.0864764032225498,863.1053788163174,-1.9227341301935712,0.69158050779084068,2,1,0,0
185.70000000000002,6.7963775005794105,860.53573552033561,-1.9078791694651824,0.69157195266682603,2,1,0,0
185.80000000000001,6.5062982464483294,857.96595579088728,-1.8296171564276811,0.69156328495254449,2,1,0,0
185.90000000000001,6.2162282196849441,855.39593610351062,-1.7514961019540018,0.69155450423343257,2,1,0,0
186,5.926170649280138,852.82571358942346,-1.6733288841112819,0.69154561065941622,2,1,0,0
186.10000000000002,5.6361219169056005,850.25528411090261,-1.59513728564769,0.69153660401316697,2,1,0,0
186.20000000000002,5.3460792817020426,847.68462139613143,-1.5169942838720107,0.69152748421477395,2,1,0,0
186.30000000000001,5.0560442505996388,845.11374995652739,-1.4387937196703453,0.69151825129096967,2,1,0,0
186.40000000000001,4.7660133079267943,842.54264544967657,-1.3606125427869171,0.69150890508116891,2,1,0,0
186.5,4.4759870698675073,839.97131302593129,-1.2824171423130126,0.69149944561620591,2,1,0,0
186.60000000000002,4.1859646290387706,837.39976376783932,-1.2042004761348972,0.69148987282819174,2,1,0,0
186.70000000000002,3.8959446772546995,834.82799183172426,-1.1259890792740122,0.691480186666106,2,1,0,0
186.80000000000001,3.6059277498810514,832.25600643154803,-1.0477554104362743,0.69147038714182185,2,1,0,0
186.90000000000001,3.3159127140990945,829.68380650876998,-0.96951642873218247,0.69146047419681711,1,1,0,0
187,3.0258995245073304,827.11139633696519,-0.89126801167332881,0.69145044783173282,1,1,0,0
187.10000000000002,2.7358880126655181,824.53878280170193,-0.81300716626189629,0.69144030803006173,1,1,0,0
187.20000000000002,2.4458776471981651,821.96596643757744,-0.73474051423748477,0.69143005477013153,1,1,0,0
187.30000000000001,2.1558685453801805,819.39295478600889,-0.65646400659235771,0.69141968805821907,1,1,0,0
187.40000000000001,1.8658603582100066,816.81975096501583,-0.57818038245945957,0.69140920787756899,1,1,0,0
187.5,1.5758529932914156,814.2463594473337,-0.49989080357736149,0.69139861422890558,1,1,0,0
187.60000000000002,1.2858464068928881,811.67278595710786,-0.42159459690867473,0.6913879071143777,1,1,0,0
187.70000000000002,0.9958403958754436,809.09903376958846,-0.34329424371291839,0.69137708653219632,1,1,0,0
187.80000000000001,0.70583497321091559,806.52510850168562,-0.2649895440998476,0.69136615249128452,1,1,0,0
187.90000000000001,0.41583002239683148,803.95101446388765,-0.18668198380237422,0.69135510499506037,0,0,0,0
188,0.12586169019286569,801.37233351848533,-0.10837234919511471,0.69134394567563562,0,0,0,0
188.10000000000002,0.077299437331793022,800.9545807246127,-0.00078962846999499725,0.6913386442782895,0,0,0,0
188.20000000000002,0.060087551281101742,800.81915457242712,-8.9836530294093968e-05,0.69133479771794437,0,0,0,0
188.30000000000001,0.052443590756697855,800.73046653278834,-0.00031452237602735175,0.69133096973883823,0,0,0,0
188.40000000000001,0.046081219731655874,800.65689462349314,-0.00026583188316512427,0.69132713774963961,0,0,0,0
188.5,0.040531234947565782,800.59108899500939,-0.00019893658719064556,0.69132330446756951,0,0,0,0
188.60000000000002,0.03578977402808229,800.53339390474002,-0.00015186758821312041,0.6913194696475452,0,0,0,0
188.70000000000002,0.031745026140960336,800.48283237556973,-0.00011260324528327849,0.69131563334664192,0,0,0,0
188.80000000000001,0.028281801016342235,800.43830170737692,-9.0682716735254368e-05,0.69131179572129142,0,0,0,0
188.90000000000001,0.025303732213652706,800.39890254503166,-6.5814331837737414e-05,0.69130795692075797,0,0,0,0
189,0.02273369943110112,800.36391103035669,-5.3698839161914551e-05,0.69130411707758144,0,0,0,0
189.10000000000002,0.020506284855345794,800.33270406889085,-4.0323729279159204e-05,0.69130027631434499,0,0,0,0
189.20000000000002,0.018567930220543507,800.30476651626327,-3.2668641377749745e-05,0.69129643473901137,0,0,0,0
189.30000000000001,0.016873495661735252,800.27965904864141,-2.5260181352254478e-05,0.69129259244809604,0,0,0,0
189.40000000000001,0.015386023288208279,800.25701695840542,-2.0898425943616843e-05,0.6912887495246326,0,0,0,0
189.5,0.014074169327410568,800.23652635559438,-1.6378139201677228e-05,0.69128490604219706,0,0,0,0
189.60000000000002,0.012912252629198659,800.21792583344245,-1.3713769271216474e-05,0.69128106206344231,0,0,0,0
189.70000000000002,0.011878436104898533,800.2009891156938,-1.0931140379660232e-05,0.69127721764356542,0,0,0,0
189.80000000000001,0.010954764513005812,800.18552650762388,-9.2684429806988197e-06,0.691273372829458,0,0,0,0
189.90000000000001,0.010125912581027526,800.1713726713964,-7.4967553551626429e-06,0.69126952766241834,0,0,0,0
190,0.0093792334188883449,800.15838804595774,-6.4267957724985784e-06,0.69126568217756101,0,0,0,0
190.10000000000002,0.0087038831644593324,800.14645004538409,-5.2672201117173411e-06,0.69126183640589844,0,0,0,0
190.20000000000002,0.0080908721961383614,800.13545440001576,-4.5603885739691831e-06,0.69125799037389779,0,0,0,0
190.30000000000001,0.0075324578809833681,800.12530884405442,-3.796482102473303e-06,0.69125414410502939,0,0,0,0
190.40000000000001,0.0070221648508486008,800.1159339839154,-3.300031721862689e-06,0.69125029761950307,0,0,0,0
190.5,0.006554409749673468,800.10725956649583,-2.7928496787579325e-06,0.69124645093513148,0,0,0,0
190.60000000000002,0.0061244574946505582,800.0992233037465,-2.4016145044423673e-06,0.69124260406795135,0,0,0,0
190.70000000000002,0.0057282410819306864,800.09177090921071,-2.0803587609239003e-06,0.69123875703155624,0,0,0,0
190.80000000000001,0.0053622530854869344,800.08485399132212,-1.8020335354282426e-06,0.6912349098382472,0,0,0,0
190.90000000000001,0.0050234658537554192,800.078429020013,-1.5686370742104666e-06,0.69123106249904342,0,0,0,0
191,0.0047092491182200739,800.07245712370525,-1.3672691733290612e-06,0.69122721502374529,0,0,0,0
191.10000000000002,0.0044173114430507273,800.06690336103577,-1.1952401174780687e-06,0.69122336742114021,0,0,0,0
191.20000000000002,0.004145645685178773,800.06173615735622,-1.0451079661329616e-06,0.69121951969915074,0,0,0,0
191.30000000000001,0.0038924874576351169,800.05692691098534,-9.1469805694255682e-07,0.69121567186493471,0,0,0,0
191.40000000000001,0.0036562780899447463,800.05244961074857,-8.0196909150648368e-07,0.69121182392498737,0,0,0,0
191.5,0.0034356348356446224,800.04828053173401,-7.0386310564939723e-07,0.69120797588522043,0,0,0,0
191.60000000000002,0.0032293253086641588,800.04439796451959,-6.1890321095419046e-07,0.69120412775103357,0,0,0,0
191.70000000000002,0.0030362466815764939,800.04078199543278,-5.4443858840655679e-07,0.69120027952737129,0,0,0,0
191.80000000000001,0.0028554077757284449,800.03741430794321,-4.7982118701266021e-07,0.6911964312187755,0,0,0,0
191.90000000000001,0.002685914355476732,800.03427801972828,-4.2284206437256058e-07,0.69119258282942742,0,0,0,0
192,0.0025269564554334023,800.03135753529216,-3.7333134844247687e-07,0.6911887343631864,0,0,0,0
192.10000000000002,0.0023777978901378138,800.02863842327849,-3.2944665554949819e-07,0.69118488582362136,0,0,0,0
192.20000000000002,0.0022377671901330368,800.02610730513982,-2.9128805919191449e-07,0.69118103721404001,0,0,0,0
192.30000000000001,0.0021062500370254977,800.02375176123212,-2.573123119198126e-07,0.69117718853751198,0,0,0,0
192.40000000000001,0.0019826826997998404,800.02156024520582,-2.2776772555433051e-07,0.69117333979689188,0,0,0,0
192.5,0.0018665465093482656,800.0195220108925,-2.013548199371198e-07,0.69116949099483749,0,0,0,0
192.60000000000002,0.001757363037886613,800.01762704528119,-1.7839809841326978e-07,0.69116564213382592,0,0,0,0
192.70000000000002,0.0016546900038932903,800.01586601061194,-1.5779752510792967e-07,0.69116179321616911,0,0,0,0
192.80000000000001,0.0015581176759448393,800.01423019097592,-1.3991078805915812e-07,0.69115794424402732,0,0,0,0
192.90000000000001,0.0014672657885398414,800.01271144568898,-1.2380206449489277e-07,0.69115409521942028,0,0,0,0
193,0.0013817808137828688,800.01130216603406,-1.0983652689916598e-07,0.6911502461442377,0,0,0,0
193.10000000000002,0.0013013335983094812,800.00999523713733,-9.7214507853053683e-08,0.69114639702024949,0,0,0,0
193.20000000000002,0.0012256172566712932,800.00878400239333,-8.6293455341271493e-08,0.69114254784911378,0,0,0,0
193.30000000000001,0.0011543453284310196,800.00766223185451,-7.6387371209899532e-08,0.6911386986323852,0,0,0,0
193.40000000000001,0.0010872501224722269,800.0066240925762,-6.7837223472268463e-08,0.69113484937152192,0,0,0,0
193.5,0.001024081254245936,800.00566412209059,-6.0052514239670341e-08,0.69113100006789208,0,0,0,0
193.60000000000002,0.00096460432179277438,800.00477720339677,-5.3352991321882858e-08,0.69112715072277997,0,0,0,0
193.70000000000002,0.00090859972494884797,800.00395854246392,-4.7228848593175582e-08,0.69112330133739119,0,0,0,0
193.80000000000001,0.00085586158923987583,800.00320364693209,-4.197638923221444e-08,0.69111945191285817,0,0,0,0
193.90000000000001,0.00080619679764206873,800.00250830686889,-3.7154327841126035e-08,0.69111560245024484,0,0,0,0
194,0.00075942410285103029,800.00186857647839,-3.3034876211351057e-08,0.69111175295055038,0,0,0,0
194.10000000000002,0.00071537332206978962,800.00128075752616,-2.9235189006684977e-08,0.69110790341471429,0,0,0,0
194.20000000000002,0.00067388459497622706,800.00074138352306,-2.6003721252282738e-08,0.69110405384361939,0,0,0,0
194.30000000000001,0.00063480770578852185,800.00024720536783,-2.3007660579668983e-08,0.69110020423809526,0,0,0,0
194.40000000000001,0.00059800145593640541,799.99979517760039,-2.0472637023605697e-08,0.69109635459892194,0,0,0,0
194.5,0.00056333308725616015,799.99938244590487,-1.8108817037416593e-08,0.69109250492683261,0,0,0,0
194.60000000000002,0.000530677746532621,799.99900633511106,-1.612028434048629e-08,0.69108865522251706,0,0,0,0
194.70000000000002,0.00049991799041039086,799.99866433828151,-1.4254233607728441e-08,0.6910848054866231,0,0,0,0
194.80000000000001,0.00047094332471935268,799.9983541061988,-1.2694663725807641e-08,0.69108095571976036,0,0,0,0
194.90000000000001,0.00044364977645046459,799.99807343781231,-1.122075433887186e-08,0.69107710592250216,0,0,0,0
195,0.00041793949485983202,799.99782027100377,-9.9979560255884009e-09,0.69107325609538706,0,0,0,0
