time_s,speed_kmh,engine_rpm,power_kw,soc,mode,motor_enabled,generator_enabled,engine_enabled
0,0,800,0,0.70000000000000007,0,0,0,0
0.10000000000000001,0.009223375526888641,846.36911136330036,0.00017110297146237725,0.69997890806588803,0,0,0,0
0.20000000000000001,0.0078038730475441407,792.46345069836468,-9.173128022788058e-05,0.69999248938237857,0,0,0,0
0.30000000000000004,-0.004313073979575581,793.99841522811505,1.3739148544915894e-05,0.69998770456862436,0,0,0,0
0.40000000000000002,-0.0025954153362861502,794.97865831036177,1.5098323702162306e-06,0.69998367326951416,0,0,0,0
0.5,-0.0021652767914730206,795.02189030003535,-1.1204412420686173e-06,0.6999798941848292,0,0,0,0
0.60000000000000009,-0.0017213962346066094,795.17102708869811,-7.7350770218447475e-07,0.6999760754130504,0,0,0,0
0.70000000000000007,-0.0013300804813536501,795.3200694375538,-4.3938912894769655e-07,0.69997225692364995,0,0,0,0
0.80000000000000004,-0.0010119984735710867,795.46170853673357,-2.8206526641799648e-07,0.69996843962814181,0,0,0,0
0.90000000000000002,-0.00075532899844328735,795.59886454250852,-1.7906726838013954e-07,0.69996462267957515,0,0,0,0
1,-0.00054837226324647831,795.73160217677457,-1.0238629882323037e-07,0.6999608061136694,0,0,0,0
1.1000000000000001,-0.00038194410711167473,795.86008755869545,-6.7178077833594805e-08,0.69995698990571897,0,0,0,0
1.2000000000000002,-0.00024858631963952781,795.98451184620058,-2.8342175073951617e-08,0.69995317402619062,0,0,0,0
1.3,-0.00014270324592645928,796.1050265675334,-1.8563124387272942e-08,0.69994935845420325,0,0,0,0
1.4000000000000001,-5.8783707972016782e-05,796.22179910050875,-1.193566362296065e-08,0.69994554316777935,0,0,0,0
1.5,6.961839019656521e-06,796.33496123464931,-3.7389824154425263e-09,0.69994172815067768,0,0,0,0
1.6000000000000001,5.7924313859540696e-05,796.44464481754187,5.325722376501569e-10,0.6999379133874255,0,0,0,0
1.7000000000000002,9.6901823454487052e-05,796.55097358308467,2.4633126113849581e-09,0.69993409886424818,0,0,0,0
1.8,0.00012616950599244405,796.65406376876729,3.0529973182711964e-09,0.69993028456887874,0,0,0,0
1.9000000000000001,0.00014760640557167447,796.75402529224004,2.9217583955859338e-09,0.69992647049021872,0,0,0,0
2,0.00016274571300833746,796.85096233629906,2.4465450932798574e-09,0.69992265661822317,0,0,0,0
2.1000000000000001,0.00017283946395728607,796.94497391818538,1.8434980914557995e-09,0.6999188429437172,0,0,0,0
2.2000000000000002,0.00017891713267358941,797.03615453246277,1.2390258653234391e-09,0.69991502945825035,0,0,0,0
2.3000000000000003,0.00018181266638027938,797.12459444734043,6.9279988819747579e-10,0.69991121615402418,0,0,0,0
2.4000000000000004,0.00018220955197005814,797.21038016123873,2.3250517177592689e-10,0.69990740302376819,0,0,0,0
2.5,0.00018066311376916001,797.29359468568509,-1.3509062547210492e-10,0.69990359006069158,0,0,0,0
2.6000000000000001,0.00017762278449312159,797.3743177857433,-4.1615550228073951e-10,0.6998997772584159,0,0,0,0
2.7000000000000002,0.00017345489730550824,797.45262626716976,-6.1985912921350863e-10,0.69989596461091408,0,0,0,0
2.8000000000000003,0.00016845347392046314,797.52859413612055,-7.5872964502607397e-10,0.69989215211248235,0,0,0,0
2.9000000000000004,0.00016285611442463496,797.60229278908741,-8.4519517467845261e-10,0.69988833975769416,0,0,0,0
3,0.00015685341837197678,797.67379116484017,-8.8969071913801717e-10,0.69988452754137698,0,0,0,0
3.1000000000000001,0.00015059681962579689,797.74315586642035,-9.0271664242083814e-10,0.69988071545858721,0,0,0,0
3.2000000000000002,0.00014420720689886898,797.81045130107066,-8.9179520339813952e-10,0.6998769035045822,0,0,0,0
3.3000000000000003,0.00013777926241729626,797.87573977589545,-8.6400705130658481e-10,0.69987309167481149,0,0,0,0
3.4000000000000004,0.00013138703815675188,797.93908159455555,-8.2447416687535854e-10,0.6998692799648969,0,0,0,0
3.5,0.00012508777491374549,798.00053514899002,-7.7749340979304402e-10,0.69986546837062091,0,0,0,0
3.6000000000000001,0.00011892470619310114,798.06015699307477,-7.2616613788684269e-10,0.69986165688791513,0,0,0,0
3.7000000000000002,0.00011293023927743846,798.1180019226648,-6.7306131338070846e-10,0.69985784551284824,0,0,0,0
3.8000000000000003,0.00010712768099430857,798.17412304113861,-6.1975513000557277e-10,0.69985403424162207,0,0,0,0
3.9000000000000004,0.00010153318159179658,798.22857181889401,-5.6775108903334952e-10,0.69985022307056299,0,0,0,0
4,9.615722228446672e-05,798.28139815650718,-5.1769194902263813e-10,0.69984641199611508,0,0,0,0
4.1000000000000005,9.1005622872370218e-05,798.33265043652023,-4.7036698513080529e-10,0.69984260101483287,0,0,0,0
4.2000000000000002,8.6080683375125248e-05,798.38237557798436,-4.2592877856517917e-10,0.69983879012337724,0,0,0,0
4.2999999999999998,8.1381850113172429e-05,798.43061908413449,-3.8471382918356546e-10,0.69983497931851091,0,0,0,0
4.4000000000000004,7.6906381526911543e-05,798.47742508909664,-3.466184447427311e-10,0.69983116859709626,0,0,0,0
4.5,7.2649900501874716e-05,798.5228364012977,-3.1173683952134717e-10,0.69982735795608964,0,0,0,0
4.6000000000000005,6.8606748356631777e-05,798.56689454707021,-2.7982782393059912e-10,0.69982354739253605,0,0,0,0
4.7000000000000002,6.477037730630052e-05,798.60963981187206,-2.5087412396798916e-10,0.69981973690356936,0,0,0,0
4.8000000000000007,6.1133592516689791e-05,798.65111127614648,-2.2457559960409772e-10,0.69981592648640734,0,0,0,0
4.9000000000000004,5.7688769091038523e-05,798.69134685533845,-2.0086656991446037e-10,0.69981211613834926,0,0,0,0
5,5.4428042322782514e-05,798.73038333418401,-1.7944110128796371e-10,0.69980830585677267,0,0,0,0
5.1000000000000005,5.1343422228552536e-05,798.76825640282243,-1.6021556025606315e-10,0.69980449563913316,0,0,0,0
5.2000000000000002,4.8426916547647003e-05,798.80500068721153,-1.4290526201017132e-10,0.69980068548295982,0,0,0,0
5.3000000000000007,4.5670608111494924e-05,798.84064978416518,-1.2742702669627804e-10,0.69979687538585211,0,0,0,0
5.4000000000000004,4.3066716051294163e-05,798.87523629185375,-1.135265190968625e-10,0.69979306534548036,0,0,0,0
5.5,4.0607650874225535e-05,798.90879183778111,-1.0113140878672015e-10,0.69978925535958081,0,0,0,0
5.6000000000000005,3.8286042901778015e-05,798.94134711095069,-9.0019384931409424e-11,0.69978544542595755,0,0,0,0
5.7000000000000002,3.6094771851167314e-05,798.97293188658284,-8.0132482325722603e-11,0.69978163554247741,0,0,0,0
5.8000000000000007,3.4026982920578381e-05,799.00357505598197,-7.127957486543403e-11,0.69977782570706804,0,0,0,0
5.9000000000000004,3.2076095886606769e-05,799.03330465248462,-6.3416637487575295e-11,0.69977401591771771,0,0,0,0
6,3.0235812906922519e-05,799.06214787521401,-5.6381387517909927e-11,0.69977020617247176,0,0,0,0
6.1000000000000005,2.8500117651242737e-05,799.0901311165419,-5.0142046254080189e-11,0.69976639646943428,0,0,0,0
6.2000000000000002,2.6863274629519463e-05,799.11727998319384,-4.4561791840042275e-11,0.69976258680676351,0,0,0,0
6.3000000000000007,2.5319824739480207e-05,799.1436193217869,-3.9619193934649547e-11,0.69975877718267032,0,0,0,0
6.4000000000000004,2.3864578586979621e-05,799.16917324107442,-3.5199232149343222e-11,0.69975496759541755,0,0,0,0
6.5,2.2492609702606162e-05,799.1939651322765,-3.1288914041965893e-11,0.69975115804331822,0,0,0,0
6.6000000000000005,2.1199245335005581e-05,799.21801769266347,-2.7791644898548112e-11,0.69974734852473564,0,0,0,0
6.7000000000000002,1.9980057642123122e-05,799.2413529436626,-2.4701038691431974e-11,0.69974353903808006,0,0,0,0
6.8000000000000007,1.8830853950065701e-05,799.2639922527926,-2.1935982404083802e-11,0.6997397295818073,0,0,0,0
6.9000000000000004,1.774766678550794e-05,799.28595635278361,-1.9495076288199456e-11,0.69973592015441821,0,0,0,0
7,1.6726744091342258e-05,799.3072653590533,-1.7310158338433161e-11,0.69973211075445729,0,0,0,0
7.1000000000000005,1.5764539053226681e-05,799.32793878998655,-1.5383477123734775e-11,0.69972830138051212,0,0,0,0
7.2000000000000002,1.4857700504379948e-05,799.34799558251291,-1.3657665877755045e-11,0.69972449203121134,0,0,0,0
7.3000000000000007,1.4003063187767174e-05,799.36745411097047,-1.213755062861092e-11,0.69972068270522259,0,0,0,0
7.4000000000000004,1.3197638477720534e-05,799.3863322035653,-1.0774745102012502e-11,0.69971687340125299,0,0,0,0
7.5,1.243860533231235e-05,799.40464715741109,-9.57581538805153e-12,0.69971306411804701,0,0,0,0
7.6000000000000005,1.172330143599037e-05,799.42241575597996,-8.4998443288776219e-12,0.6997092548543864,0,0,0,0
7.7000000000000002,1.1049214958139088e-05,799.43965428251408,-7.5544939720188535e-12,0.69970544560908887,0,0,0,0
7.8000000000000007,1.041397634705507e-05,799.45637853626033,-6.7050638467443067e-12,0.69970163638100558,0,0,0,0
7.9000000000000004,9.8153507415241067e-06,799.47260384664014,-5.9598215227154605e-12,0.69969782716902174,0,0,0,0
8,9.2512305819231688e-06,799.48834508620041,-5.2892534394984064e-12,0.69969401797205477,0,0,0,0
8.0999999999999996,8.7196285229625499e-06,799.50361668555058,-4.7018649906625005e-12,0.69969020878905441,0,0,0,0
8.2000000000000011,8.2186709269959197e-06,799.51843264537501,-4.1724835977582106e-12,0.6996863996190017,0,0,0,0
8.3000000000000007,7.7465913639117528e-06,799.53280654936361,-3.709582657210867e-12,0.69968259046090697,0,0,0,0
8.4000000000000004,7.301724702600371e-06,799.54675157737279,-3.2916316428330005e-12,0.69967878131380867,0,0,0,0
8.5,6.8825014694035984e-06,799.56028051690009,-2.9268845732925219e-12,0.69967497217677432,0,0,0,0
8.5999999999999996,6.4874422819917082e-06,799.57340577416198,-2.5968706902125599e-12,0.69967116304889909,0,0,0,0
8.7000000000000011,6.1151528628648992e-06,799.58613938628127,-2.3095012218916133e-12,0.69966735392930501,0,0,0,0
8.8000000000000007,5.7643192079004053e-06,799.5984930318549,-2.048884348398635e-12,0.6996635448171391,0,0,0,0
8.9000000000000004,5.4337029564129839e-06,799.61047804168629,-1.8225045990824352e-12,0.69965973571157292,0,0,0,0
9,5.1221371445156217e-06,799.62210540941362,-1.6166541862600419e-12,0.69965592661180354,0,0,0,0
9.0999999999999996,4.8285220696156777e-06,799.63338580068239,-1.4383420572130433e-12,0.69965211751705125,0,0,0,0
9.2000000000000011,4.5518214294657164e-06,799.64432956371604,-1.2757142669521519e-12,0.6996483084265599,0,0,0,0
9.3000000000000007,4.2910587542941919e-06,799.65494673838953,-1.1352823514859558e-12,0.69964449933959483,0,0,0,0
9.4000000000000004,4.0453139124689392e-06,799.66524706550035,-1.0067695464075087e-12,0.69964069025544273,0,0,0,0
9.5,3.8137199039275874e-06,799.6752399958765,-8.9618652842955853e-13,0.69963688117341183,0,0,0,0
9.6000000000000014,3.5954597988412585e-06,799.68493469835096,-7.9460359087424715e-13,0.69963307209283121,0,0,0,0
9.7000000000000011,3.3897638060370267e-06,799.69434006854328,-7.0753899518962017e-13,0.69962926301304917,0,0,0,0
9.8000000000000007,3.1959066406383369e-06,799.70346473729001,-6.2721746414664496e-13,0.69962545393343289,0,0,0,0
9.9000000000000004,3.0132049314128888e-06,799.7123170782412,-5.5868192063999925e-13,0.69962164485336853,0,0,0,0
10,2.8410147534981715e-06,799.72090521513815,-4.9514889136084938e-13,0.69961783577226111,0,0,0,0
10.100000000000001,2.6787294005059622e-06,799.72923702980938,-4.412104888424568e-13,0.69961402668953254,0,0,0,0
10.200000000000001,2.5257772349400886e-06,799.73732016910412,-3.9093704094657737e-13,0.69961021760462194,0,0,0,0
10.300000000000001,2.3816196448456005e-06,799.74516205194857,-3.4849690774991893e-13,0.69960640851698419,0,0,0,0
10.4,2.2457491585714925e-06,799.75276987631526,-3.0869819720574275e-13,0.69960259942609127,0,0,0,0
10.5,2.117687626431118e-06,799.76015062525119,-2.7531445027402403e-13,0.69959879033143058,0,0,0,0
10.600000000000001,1.9969845147229833e-06,799.76731107380886,-2.4379261173750377e-13,0.69959498123250485,0,0,0,0
10.700000000000001,1.8832153499540044e-06,799.77425779500265,-2.1754122729531129e-13,0.69959117212883126,0,0,0,0
10.800000000000001,1.7759801811640176e-06,799.78099716589395,-1.9256140119174145e-13,0.69958736301994096,0,0,0,0
10.9,1.6749021756015171e-06,799.78753537356772,-1.7192623797760881e-13,0.69958355390537885,0,0,0,0
11,1.5796262808791284e-06,799.79387842033179,-1.5211887941023038e-13,0.69957974478470453,0,0,0,0
11.100000000000001,1.4898179409977139e-06,799.8000321296671,-1.3590539939823582e-13,0.69957593565748966,0,0,0,0
11.200000000000001,1.4051619535821101e-06,799.80600215136087,-1.2018916010223101e-13,0.69957212652331879,0,0,0,0
11.300000000000001,1.3253613236338786e-06,799.81179396673258,-1.074562627154178e-13,0.69956831738178826,0,0,0,0
11.4,1.2501362166627539e-06,799.81741289377806,-9.4977036874287959e-14,0.69956450823250682,0,0,0,0
11.5,1.1792229724649321e-06,799.82286409164078,-8.4983368470069965e-14,0.69956069907509522,0,0,0,0
11.600000000000001,1.1123731424326908e-06,799.82815256572917,-7.5066473628243195e-14,0.69955688990918508,0,0,0,0
11.700000000000001,1.0493526496980044e-06,799.83328317212897,-6.7228080567696051e-14,0.69955308073441869,0,0,0,0
11.800000000000001,9.8994093364977843e-07,799.83826062210085,-5.9340422878662359e-14,0.6995492715504491,0,0,0,0
11.9,9.3393017330398535e-07,799.84308948650232,-5.3197300220614049e-14,0.6995454623569396,0,0,0,0
12,8.8112455603628208e-07,799.84777419963268,-4.6917552519748103e-14,0.69954165315356354,0,0,0,0
12.100000000000001,8.3133956001783949e-07,799.8523190636339,-4.2107437556834463e-14,0.69953784394000429,0,0,0,0
12.200000000000001,7.8440133459183444e-07,799.85672825228585,-3.7102502440454944e-14,0.69953403471595399,0,0,0,0
12.300000000000001,7.4014606375998616e-07,799.86100581487176,-3.3340140121314564e-14,0.69953022548111421,0,0,0,0
12.4,6.9841938821416728e-07,799.86515567998231,-2.9346533058228268e-14,0.69952641623519518,0,0,0,0
12.5,6.5907586566277266e-07,799.86918165882093,-2.6407349456470869e-14,0.69952260697791602,0,0,0,0
12.600000000000001,6.2197843306311353e-07,799.87308744898883,-2.3216610581436849e-14,0.69951879770900416,0,0,0,0
12.700000000000001,5.8699795244540871e-07,799.87687663774648,-2.0923837149561172e-14,0.69951498842819504,0,0,0,0
12.800000000000001,5.5401273504224359e-07,799.88055270533914,-1.8370968229580726e-14,0.69951117913523164,0,0,0,0
12.9,5.2290811339166126e-07,799.88411902826635,-1.6585464557997392e-14,0.69950736982986483,0,0,0,0
13,4.9357604036111379e-07,799.88757888212501,-1.4539810992088659e-14,0.69950356051185314,0,0,0,0
13.100000000000001,4.6591468915699039e-07,799.89093544486263,-1.3152109165880157e-14,0.69949975118096175,0,0,0,0
13.200000000000001,4.3982811795567274e-07,799.89419179958179,-1.1510158635899762e-14,0.6994959418369634,0,0,0,0
13.300000000000001,4.1522591609549926e-07,799.8973509373991,-1.0434158786337392e-14,0.69949213247963671,0,0,0,0
13.4,3.9202288545076899e-07,799.90041576025726,-9.113837027967333e-15,0.69948832310876752,0,0,0,0
13.5,3.7013874494034993e-07,799.90338908336776,-8.2818454165674559e-15,0.6994845137241481,0,0,0,0
13.600000000000001,3.4949782978719008e-07,799.90627363800854,-7.2180525182013247e-15,0.69948070432557663,0,0,0,0
13.700000000000001,3.3002884716368398e-07,799.90907207393582,-6.5768683975024106e-15,0.69947689491285725,0,0,0,0
13.800000000000001,3.1166461060113115e-07,799.91178696184045,-5.7179320977991876e-15,0.69947308548580001,0,0,0,0
13.9,2.9434180477142764e-07,799.91442079576564,-5.2257517534529221e-15,0.69946927604422049,0,0,0,0
14,2.7800076537976235e-07,799.91697599520853,-4.5306288115933809e-15,0.69946546658793973,0,0,0,0
14.100000000000001,2.6258525579874182e-07,799.91945490752403,-4.1546328431482686e-15,0.69946165711678443,0,0,0,0
14.200000000000001,2.4804228651002519e-07,799.92185980999739,-3.5906960036923192e-15,0.69945784763058627,0,0,0,0
14.300000000000001,2.3432191794571971e-07,799.92419291195733,-3.3051338816867568e-15,0.69945403812918161,0,0,0,0
14.4,2.2137708476360843e-07,799.92645635685426,-2.8464148412088035e-15,0.69945022861241168,0,0,0,0
14.5,2.0916343432109634e-07,799.92865222406579,-2.6310984894237469e-15,0.69944641908012306,0,0,0,0
14.600000000000001,1.9763915782709549e-07,799.93078253096405,-2.2569154541744251e-15,0.69944260953216619,0,0,0,0
14.700000000000001,1.8676485990533937e-07,799.93284923469673,-2.096031383835525e-15,0.69943879996839642,0,0,0,0
14.800000000000001,1.7650340961953462e-07,799.93485423400443,-1.7898946455489178e-15,0.69943499038867285,0,0,0,0
14.9,1.6681981161791364e-07,799.93679937100649,-1.6710632273461711e-15,0.69943118079285937,0,0,0,0
15,1.5768108505346695e-07,799.93868643275312,-1.4198106490820826e-15,0.69942737118082354,0,0,0,0
15.100000000000001,1.4905613846778443e-07,799.94051715300179,-1.3333561099906602e-15,0.6994235615524369,0,0,0,0
15.200000000000001,1.409156734117651e-07,799.94229321374996,-1.1264682957114309e-15,0.69941975190757499,0,0,0,0
15.300000000000001,1.332320740715567e-07,799.94401624679585,-1.0648380783223576e-15,0.69941594224611681,0,0,0,0
15.4,1.2597931038592023e-07,799.94568783527279,-8.9389258546426766e-16,0.69941213256794499,0,0,0,0
15.5,1.1913284996850967e-07,799.94730951498502,-8.5120129768934355e-16,0.69940832287294574,0,0,0,0
15.600000000000001,1.1266956254076643e-07,799.94888277593463,-7.0944732413481947e-16,0.69940451316100849,0,0,0,0
15.700000000000001,1.0656765148604026e-07,799.95040906363738,-6.8111732401022076e-16,0.69940070343202632,0,0,0,0
15.800000000000001,1.0080656955111848e-07,799.95188978046508,-5.6313481110802581e-16,0.69939689368589508,0,0,0,0
15.9,9.536694841059126e-08,799.95332628696542,-5.4561119312340619e-16,0.69939308392251376,0,0,0,0
16,9.0230532102469062e-08,799.95471990300894,-4.470410581929841e-16,0.69938927414178442,0,0,0,0
16.100000000000001,8.5380106614919266e-08,799.9560719091013,-4.3757209488487349e-16,0.69938546434361215,0,0,0,0
16.199999999999999,8.0799449023245385e-08,799.95738354751563,-3.5490185480970453e-16,0.69938165452790468,0,0,0,0
16.300000000000001,7.6473265659474489e-08,799.95865602345179,-3.5136387224337714e-16,0.69937784469457254,0,0,0,0
16.400000000000002,7.2387137134749527e-08,799.95989050613252,-2.8175588477820576e-16,0.699374034843529,0,0,0,0
16.5,6.8527473080153984e-08,799.96108812988246,-2.8251626772924336e-16,0.69937022497468948,0,0,0,0
16.600000000000001,6.4881457050220902e-08,799.96224999513424,-2.2367427647318982e-16,0.6993664150879727,0,0,0,0
16.699999999999999,6.1437007196972888e-08,799.96337716948972,-2.2748293533084665e-16,0.69936260518329885,0,0,0,0
16.800000000000001,5.818273540837534e-08,799.96447068870634,-1.7754470901312356e-16,0.69935879526059141,0,0,0,0
16.900000000000002,5.5107902565485927e-08,799.96553155757169,-1.8344897241146746e-16,0.69935498531977536,0,0,0,0
17,5.2202383175114459e-08,799.96656075093244,-1.4089983315313725e-16,0.69935117536077829,0,0,0,0
17.100000000000001,4.9456632196817415e-08,799.96755921447743,-1.481795700703343e-16,0.69934736538352982,0,0,0,0
17.199999999999999,4.6861646322473079e-08,799.96852786569377,-1.1178422481599658e-16,0.69934355538796167,0,0,0,0
17.300000000000001,4.4408940178076102e-08,799.96946759469415,-1.1989893095354169e-16,0.69933974537400778,0,0,0,0
17.400000000000002,4.209051127931903e-08,799.97037926497853,-8.8647369977992359e-17,0.69933593534160365,0,0,0,0
17.5,3.9898811917890861e-08,799.97126371431318,-9.719515958522876e-17,0.69933212529068689,0,0,0,0
17.600000000000001,3.7826727637492442e-08,799.97212175540926,-7.0259450438152718e-17,0.69932831522119709,0,0,0,0
17.699999999999999,3.5867546079470287e-08,799.97295417673683,-7.8945655496825953e-17,0.69932450513307576,0,0,0,0
17.800000000000001,3.4014939943444157e-08,799.97376174324245,-5.5644554674504696e-17,0.69932069502626537,0,0,0,0
17.900000000000002,3.2262942393532027e-08,799.97454519700193,-6.4256937104977808e-17,0.69931688490071087,0,0,0,0
18,3.0605923078320863e-08,799.97530525797458,-4.4028016235151324e-17,0.69931307475635851,0,0,0,0
18.100000000000001,2.9038575744830974e-08,799.97604262458674,-5.2417415546784078e-17,0.69930926459315612,0,0,0,0
18.199999999999999,2.7555891960907184e-08,799.97675797443264,-3.4795080716522765e-17,0.69930545441105341,0,0,0,0
18.300000000000001,2.6153150700052376e-08,799.97745196489052,-4.2859922816797619e-17,0.69930164421000096,0,0,0,0
18.400000000000002,2.4825898806279668e-08,799.97812523368316,-2.7457471528478835e-17,0.69929783398995138,0,0,0,0
18.5,2.3569933707663626e-08,799.97877839952639,-3.5132086347962255e-17,0.69929402375085858,0,0,0,0
18.600000000000001,2.2381293827698293e-08,799.9794120626309,-2.1627246716902533e-17,0.69929021349267728,0,0,0,0
18.699999999999999,2.1256239566844654e-08,799.98002680530419,-2.8873027087105806e-17,0.69928640321536417,0,0,0,0
18.800000000000001,2.0191244870505458e-08,799.98062319248083,-1.6996076541590856e-17,0.69928259291887718,0,0,0,0
18.900000000000002,1.9182983969746606e-08,799.98120177220233,-2.3794439095920628e-17,0.69927878260317511,0,0,0,0
19,1.8228316428008337e-08,799.98176307617678,-1.3318815542947177e-17,0.69927497226821811,0,0,0,0
19.100000000000001,1.7324282489600886e-08,799.98230762020876,-1.966580157931158e-17,0.69927116191396776,0,0,0,0
19.200000000000003,1.6468086629366702e-08,799.98283590471522,-1.0400652316266832e-17,0.69926735154038644,0,0,0,0
19.300000000000001,1.5657093668963341e-08,799.98334841519431,-1.6302618129222478e-17,0.69926354114743761,0,0,0,0
19.400000000000002,1.4888816686921535e-08,799.98384562260821,-8.0865807869590127e-18,0.69925973073508629,0,0,0,0
19.5,1.4160906028711816e-08,799.98432798388171,-1.355706949781856e-17,0.69925592030329808,0,0,0,0
19.600000000000001,1.3471148433619349e-08,799.98479594230366,-6.2533053920675333e-18,0.69925210985203978,0,0,0,0
19.700000000000003,1.2817453387915661e-08,799.9852499279076,-1.1310728298298953e-17,0.69924829938127886,0,0,0,0
19.800000000000001,1.2197846635833416e-08,799.9856903579099,-4.8025578671836847e-18,0.69924448889098412,0,0,0,0
19.900000000000002,1.1610467738346341e-08,799.98611763704832,-9.4685202103638532e-18,0.69924067838112536,0,0,0,0
20,1.1053557382730393e-08,799.98653215798697,-3.6562210772101528e-18,0.69923686785167283,0,0,0,0
20.100000000000001,0.24974319966110634,802.22462565841499,0.070767944788115336,0.69922391869304223,0,0,0,0
20.200000000000003,0.53175630582630162,804.75759849921167,0.14572676181383176,0.69921138786105541,1,1,0,0
20.300000000000001,0.82376112128237178,807.3435021591639,0.22843609991628377,0.69919816904570031,1,1,0,0
20.400000000000002,1.1171556245988561,809.94577916078572,0.31030320680355133,0.69918470242035047,1,1,0,0
20.5,1.4113449278474635,812.55590207659588,0.39005250360121224,0.69917104334507141,1,1,0,0
20.600000000000001,1.7063831799306022,815.17473805706777,0.46502897785276143,0.69915718962690943,1,1,0,0
20.700000000000003,2.0021526415751425,817.80121657050609,0.55063380999875688,0.69914314687036017,1,1,0,0
20.800000000000001,2.2985310720091192,820.43416031876075,0.62819108227315545,0.69912892147448846,1,1,0,0
20.900000000000002,2.5954183707818395,823.07262546473817,0.70710619443961265,0.6991145187785458,1,1,0,0
21,2.8927326075715643,825.71583291894706,0.80273655774430175,0.69909994316734658,1,1,0,0
21.100000000000001,3.1904060374226515,828.36313109023183,0.87026262625516404,0.69908519826935478,1,1,0,0
21.200000000000003,3.488381951343595,831.01396863627474,0.97130765219037107,0.69907028712022368,1,1,0,0
21.300000000000001,3.7866135619747316,833.66788444821645,1.0411043331670291,0.69905521221656641,1,1,0,0
21.400000000000002,4.0850616514585578,836.32448721220646,1.1353126871464636,0.69903997563905562,1,1,0,0
21.5,4.3836936588950373,838.98344691015723,1.2264769682975236,0.69902457909797688,1,1,0,0
21.600000000000001,4.6824825606414215,841.6444845692647,1.3001171516954972,0.69900902399414977,1,1,0,0
21.700000000000003,4.9814055155084027,844.30736020970892,1.3766541565554131,0.6989933114896022,1,1,0,0
21.800000000000001,5.2804435257782165,846.97187009428455,1.4805351701239533,0.69897744252687788,1,1,0,0
21.900000000000002,5.5795807891679754,849.63784064731999,1.5619989810022996,0.69896141786541477,1,1,0,0
22,5.8788038296709511,852.30512106994126,1.6357526624048946,0.69894523812693465,1,1,0,0
22.100000000000001,6.1781014029877381,854.97358104495083,1.7098534961430274,0.69892890380219241,1,1,0,0
22.200000000000003,6.4774639750723351,857.64310803353044,1.8126492275568886,0.69891241528062575,1,1,0,0
22.300000000000001,6.7768835914266816,860.313604883587,1.8867164130865639,0.69889577285905302,1,1,0,0
22.400000000000002,7.0763533620014956,862.98498488892858,1.9828052693170741,0.69887897676634991,1,1,0,0
22.5,7.3758675211279918,865.657173138757,2.0558470590626667,0.69886202716604107,1,1,0,0
22.600000000000001,7.6754210514790806,868.3301022987647,2.1538814360170653,0.69884492417174016,1,1,0,0
22.700000000000003,7.9750097448734234,871.00371385018229,2.2196825672447127,0.69882766785082906,1,1,0,0
22.800000000000001,8.2746298814966597,873.67795433294782,2.3253003916256101,0.69881025823444409,1,1,0,0
22.900000000000002,8.5742783560470031,876.35277739064236,2.3993345466028551,0.69879269532141308,1,1,0,0
23,8.8739523676524659,879.02814005262383,2.4794794748283571,0.69877497908316999,1,1,0,0
23.100000000000001,9.1736495219837781,881.70400357073822,2.5437242474780564,0.69875710946661773,1,1,0,0
23.200000000000003,9.4733677374186005,884.38033382129129,2.6361703178914362,0.69873908640060478,1,1,0,0
23.300000000000001,9.7731051592175398,887.05709895848202,2.7348031121447187,0.69872090979404033,1,1,0,0
23.400000000000002,10.072860192056892,889.73427073624794,2.8174516392175697,0.69870257954469406,1,1,0,0
23.5,10.372631398708517,892.41182288573077,2.8955330012116893,0.69868409553596122,1,1,0,0
23.600000000000001,10.672417478643887,895.08973102330583,2.9816061877995579,0.69866545763804833,1,1,0,0
23.700000000000003,10.972217279120555,897.76797281746269,3.0713639190963411,0.69864666571119727,1,1,0,0
23.800000000000001,11.272029774825905,900.44652782987157,3.1565507522600011,0.69862771960813153,1,1,0,0
23.900000000000002,11.571854037515095,903.12537710460015,3.2392744052774463,0.69860861917331085,1,1,0,0
24,11.871689220866125,905.80450300331938,3.3244837211064051,0.69858936424293694,1,1,0,0
24.100000000000001,12.171534557914619,908.48388914932627,3.4115188076999736,0.69856995464665017,1,1,0,0
24.200000000000003,12.471389352486078,911.1635203428973,3.497185368303882,0.69855039020877085,1,1,0,0
24.300000000000001,12.77125296728043,913.84338242678632,3.5816862497121402,0.69853067074812403,1,1,0,0
24.400000000000002,13.071124815845851,916.5234621800995,3.6670060610500745,0.69851079607795841,1,1,0,0
24.5,13.371004359142596,919.20374724511862,3.7532034127776388,0.698490766006716,1,1,0,0
24.600000000000001,13.670891101114785,921.88422607044629,3.839002099499953,0.69847058033870468,1,1,0,0
24.700000000000003,13.970784583206028,924.56488784979081,3.9242834908213431,0.69845023887410063,1,1,0,0
24.800000000000001,14.270684380091749,927.24572245936429,4.0098638031270264,0.69842974140889824,1,1,0,0
24.900000000000002,14.570590097180396,929.92672040244474,4.0958826913267083,0.698409087735265,1,1,0,0
25,14.870501368061801,932.60787276816416,4.1818106425796016,0.69838827764190825,1,1,0,0
25.100000000000001,14.925376319507066,932.74010176451907,0.15911106135257319,0.69838126788953248,1,1,0,0
25.200000000000003,14.941105360874193,932.86008340298531,0.067340272040917845,0.69837627985364492,1,1,0,0
25.300000000000001,14.948532189992941,932.95864538510273,0.1186177522377606,0.69837152117360457,1,1,0,0
25.400000000000002,14.954845798032009,933.0349468707675,0.10841730607049277,0.69836680169881593,1,1,0,0
25.5,14.960306249163505,933.10273571409516,0.094992693924121074,0.69836210472512816,1,1,0,0
25.600000000000001,14.964960198023988,933.16267018939561,0.083530435376175327,0.69835742848201066,1,1,0,0
25.700000000000003,14.968928294782463,933.21563242133118,0.078763570314777959,0.69835276989384143,1,1,0,0
25.800000000000001,14.972327223349389,933.26269114233276,0.068760331299134794,0.69834812593735596,1,1,0,0
25.900000000000002,14.975251007469298,933.30470961813512,0.067469660354032887,0.69834349416193686,1,1,0,0
26,14.977769131017277,933.34232762857391,0.057725455561861996,0.69833887277506024,1,1,0,0
26.100000000000001,14.979953094583367,933.37621268818066,0.05636221027220651,0.69833425993495923,1,1,0,0
26.200000000000003,14.981852427974083,933.40683252219617,0.052097763243503542,0.69832965437477135,1,1,0,0
26.300000000000001,14.983511514616799,933.43461238757288,0.048493847100509073,0.69832505495796926,1,1,0,0
26.400000000000002,14.984967391974923,933.45991143819424,0.045456850150351669,0.69832046074172383,1,1,0,0
26.5,14.986250536991058,933.48303116389388,0.042873395560690614,0.69831587094898218,1,1,0,0
26.600000000000001,14.987386684872245,933.50423026437818,0.040679127443692724,0.69831128492483308,1,1,0,0
26.700000000000003,14.988397113840946,933.52372707871064,0.038806670924521433,0.69830670212858392,1,1,0,0
26.800000000000001,14.98929965654929,933.5417088957081,0.037199747106400227,0.69830212210589926,1,1,0,0
26.900000000000002,14.990109320734291,933.5583366995769,0.035820966639994033,0.69829754447526104,1,1,0,0
27,14.990838592063477,933.57374828546097,0.03462838980369988,0.6982929689183901,1,1,0,0
27.100000000000001,15.171252626452549,935.45937760382481,3.0870971424456748,0.69827909786063447,1,1,0,0
27.200000000000003,15.380164945138928,937.3493076229679,3.1762614680059347,0.6982648675739439,1,1,0,0
27.300000000000001,15.595235052497399,939.25447650931505,3.1703020911736663,0.69825015770296861,1,1,0,0
27.400000000000002,15.811092829685021,941.17550614457116,3.2212169622864377,0.69823529415574603,1,1,0,0
27.5,16.027504047299246,943.10187735896511,3.2657200425992245,0.69822030636742682,1,1,0,0
27.600000000000001,16.244463898956326,945.03330279366685,3.3108344687191535,0.69820519578057316,1,1,0,0
27.700000000000003,16.461908123202544,946.96941000234847,3.3793212765427341,0.69818996564818947,1,1,0,0
27.800000000000001,16.679735613920489,948.90929260323526,3.4247382084786433,0.69817462222282178,1,1,0,0
27.900000000000002,16.897891268115803,950.85243795815427,3.438194262731193,0.69815916893756524,1,1,0,0
28,17.116316153513075,952.79832353922632,3.4885730812854354,0.69814360942190379,1,1,0,0
28.100000000000001,17.334970145608349,954.74658413626889,3.5385113005437439,0.69812794610022044,1,1,0,0
28.200000000000003,17.553814109112409,956.69685487558911,3.5880002300299174,0.69811218144360054,1,1,0,0
28.300000000000001,17.772816712239514,958.64885309822603,3.6369903903521403,0.6980963173085255,1,1,0,0
28.400000000000002,17.991954246109717,960.60235202134993,3.6857798728187503,0.69808035515348565,1,1,0,0
28.5,18.211203623028137,962.55713531664696,3.7342247460121576,0.69806429636493694,1,1,0,0
28.600000000000001,18.430548490576733,964.51304646107451,3.7824812716833138,0.69804814188171382,1,1,0,0
28.700000000000003,18.649973877280079,966.46993822253751,3.8305821708487575,0.69803189258899778,1,1,0,0
28.800000000000001,18.869467310977605,968.42768932270201,3.8785046479378353,0.69801554917446096,1,1,0,0
28.900000000000002,19.089019248083307,970.38620242786374,3.9263533952950436,0.69799911215625376,1,1,0,0
29,19.308620685721163,972.34538587156726,3.9740933541584988,0.69798258200931063,1,1,0,0
29.100000000000001,19.536418121613469,974.3938241648932,4.2702343649906709,0.69796529005064289,1,1,0,0
29.200000000000003,19.765527712977654,976.43897989037498,4.3057987245233189,0.69794785094570333,1,1,0,0
29.300000000000001,19.995023274984909,978.48608772995988,4.3381794292162592,0.69793028364202048,1,1,0,0
29.400000000000002,20.22456141907546,980.53441049673006,4.3915009687190167,0.69791261388882431,1,1,0,0
29.5,20.454139320283396,982.58329202430468,4.4372041576725714,0.69789484317862005,1,1,0,0
29.600000000000001,20.683770602175517,984.63281594381658,4.5057246712230166,0.69787697046341779,1,1,0,0
29.700000000000003,20.913441081554033,986.68289692566327,4.5360107141467623,0.69785899641218607,1,1,0,0
29.800000000000001,21.143147434961691,988.73347116180878,4.5956148270127191,0.69784092122682906,1,1,0,0
29.900000000000002,21.372884104549634,990.78449169676935,4.615274748729945,0.69782274508256892,1,1,0,0
30,21.602647123063743,992.83590896699957,4.6674751962788932,0.69780446815737762,1,1,0,0
30.100000000000001,21.824303703710964,994.79736639728924,4.5334490711712228,0.69778678762200397,1,1,0,0
30.200000000000003,22.044662742670106,996.76453266766339,4.6060863332858277,0.69776906954564877,1,1,0,0
30.300000000000001,22.26470822311796,998.73069711452388,4.6643235890324526,0.69775128583610579,1,1,0,0
30.400000000000002,22.484749565861257,1000.6962694013746,4.7069387152378122,0.69773341215758844,1,1,0,0
30.5,22.704783480202973,1002.6618864438133,4.7455832802155671,0.69771544718325984,1,1,0,0
30.600000000000001,22.9248020652261,1004.6274791626861,4.7859100316799665,0.69769739135399889,1,1,0,0
30.700000000000003,23.144808001321689,1006.5930389560631,4.8399784336773601,0.69767924440507989,1,1,0,0
30.800000000000001,23.364805432957102,1008.5586026913321,4.8942597711639007,0.69766100586870239,1,1,0,0
30.900000000000002,23.5847954816021,1010.5241752639231,4.9385520852518185,0.69764267551618275,1,1,0,0
31,23.804780259560722,1012.4897706813001,4.9829557432203249,0.69762425304657105,1,1,0,0
31.100000000000001,24.024760982117215,1014.4553960165376,5.033578238815374,0.69760573821569183,1,1,0,0
31.200000000000003,24.244738784066257,1016.4210571688537,5.0845664934123116,0.69758713079144652,1,1,0,0
31.300000000000001,24.464714532904235,1018.3867587418781,5.1313771936982002,0.69756843055979956,1,1,0,0
31.400000000000002,24.684688928346027,1020.3525035808923,5.1778540321168149,0.69754963731857178,1,1,0,0
31.5,24.904662542142916,1022.3182937773196,5.2274147780273319,0.6975307508723948,1,1,0,0
31.600000000000001,25.124635811981804,1024.2841304009562,5.2774086879910929,0.69751177103655981,1,1,0,0
31.700000000000003,25.344609084470367,1026.2500140193345,5.3251187321019362,0.69749269763373467,1,1,0,0
31.800000000000001,25.564582628351012,1028.2159445979828,5.3725926944311189,0.69747353049088912,1,1,0,0
31.900000000000002,25.784556650504562,1030.181921780116,5.4220052486060162,0.69745426943808808,1,1,0,0
32,26.004531310032608,1032.1479446805415,5.4717857101576612,0.69743491430887217,1,1,0,0
32.100000000000001,26.224506715337114,1034.1140123701841,5.5202210028648055,0.69741546494100892,1,1,0,0
32.200000000000003,26.444482950512764,1036.0801237818378,5.5686164570896803,0.69739592117266069,1,1,0,0
32.300000000000004,26.664460068136599,1038.0462776301033,5.618430004899464,0.69737628284302899,1,1,0,0
32.399999999999999,26.88443810202299,1040.0124726106653,5.6651708323804408,0.69735654979437134,1,1,0,0
32.5,27.104417068111552,1041.9787073149357,5.717019449952498,0.69733672186532358,1,1,0,0
32.600000000000001,27.324396969914083,1043.9449803978321,5.7567260076096458,0.69731679890312703,1,1,0,0
32.700000000000003,27.544377799740559,1045.9112903733767,5.81402298688797,0.69729678074184154,1,1,0,0
32.800000000000004,27.764359543291544,1047.8776359046574,5.8575808163210752,0.697276667229205,1,1,0,0
32.899999999999999,27.984342177625166,1049.8440155167327,5.8701855419636688,0.69725645819638093,1,1,0,0
33,28.204325678363457,1051.8104279928291,5.9191530901432845,0.69723615349184709,1,1,0,0
33.100000000000001,28.432369768777367,1053.8714889747728,6.2919622324483857,0.69721497073440986,1,1,0,0
33.200000000000003,28.661848623841742,1055.9236156214777,6.3308122296384042,0.69719361044477046,1,1,0,0
33.300000000000004,28.891605192068013,1057.9762684614866,6.3759780180275216,0.69717212071547796,1,1,0,0
33.399999999999999,29.121392507423664,1060.0299453229468,6.4247991772272366,0.69715052284550949,1,1,0,0
33.5,29.351201199787013,1062.0838626889204,6.4703930878350251,0.69712881861543652,1,1,0,0
33.600000000000001,29.581039002262184,1064.1380493777779,6.5358336879145904,0.69710700728506947,1,1,0,0
33.700000000000003,29.810898941482399,1066.1924973821024,6.5972089443957005,0.69708508910681077,1,1,0,0
33.800000000000004,30.040777736320521,1068.2471520035986,6.6409398831919884,0.69706306426964371,1,1,0,0
33.899999999999999,30.27067252815425,1070.3019973712469,6.694951819765663,0.69704093278924906,1,1,0,0
34,30.500580459398783,1072.3570025915319,6.7596629891870483,0.69701869473762768,1,1,0,0
34.100000000000001,30.722473261798878,1074.3162350458535,6.5278672401504565,0.69699715941533302,1,1,0,0
34.200000000000003,30.942888063238705,1076.2854443690039,6.5747005872295352,0.69697561021109722,1,1,0,0
34.300000000000004,31.16305243231724,1078.2546897524417,6.6273834342487685,0.69695398587826729,1,1,0,0
34.399999999999999,31.383194098206289,1080.223007811883,6.6820069744753186,0.69693226670007191,1,1,0,0
34.5,31.603322186324796,1082.1912132757968,6.7159581099639913,0.69691045055373424,1,1,0,0
34.600000000000001,31.823425771507281,1084.1592508656938,6.7782351908867877,0.69688853811926477,1,1,0,0
34.700000000000003,32.043513570708193,1086.1271331880205,6.8274056725677656,0.69686652862697718,1,1,0,0
34.800000000000004,32.263586507458534,1088.0948990380764,6.8788970528761393,0.69684442172272998,1,1,0,0
34.899999999999999,32.483647965356504,1090.0625617792266,6.9206359210575519,0.69682221698821578,1,1,0,0
35,32.703699607647962,1092.0301442684154,6.935748351499063,0.69679991405847763,1,1,0,0
35.100000000000001,32.923743263237512,1093.9976574648817,6.9858138289231322,0.6967775126170459,1,1,0,0
35.200000000000003,33.143780010156121,1095.9651129720694,7.0359565990269051,0.6967550123822488,1,1,0,0
35.300000000000004,33.363811258922468,1097.9325228058076,7.0862200537753441,0.69673241304939837,1,1,0,0
35.399999999999999,33.583837780495791,1099.8998927704711,7.1365764533797282,0.69670971437198947,1,1,0,0
35.5,33.803860391635254,1101.8672313593925,7.1870179310592244,0.69668691609208022,1,1,0,0
35.600000000000001,34.023879778532574,1103.8345436108762,7.2375606726919717,0.69666401796867305,1,1,0,0
35.700000000000003,34.24389639148847,1105.8018341264685,7.2881779582609534,0.69664101977682946,1,1,0,0
35.800000000000004,34.463910740378161,1107.7691075132982,7.3388872355095325,0.6966179212866942,1,1,0,0
35.899999999999999,34.683923149890212,1109.7363664508707,7.3896747363709787,0.69659472228526442,1,1,0,0
36,34.903933929831311,1111.7036141684971,7.4405440966207355,0.69657142255848026,1,1,0,0
36.100000000000001,34.948687408110146,1111.4914515141334,0.46626934833427802,0.69656266006677214,1,1,0,0
36.200000000000003,34.95837529813523,1111.5575873139635,0.40179679400828139,0.69655592730642246,1,1,0,0
36.300000000000004,34.963431575982362,1111.6316962972467,0.46126961637207176,0.6965494585712203,1,1,0,0
36.399999999999999,34.967807427038274,1111.6854138355238,0.4416299115131283,0.69654303888703473,1,1,0,0
36.5,34.97156975100161,1111.7329402651526,0.41926693186224123,0.69653665398597564,1,1,0,0
36.600000000000001,34.974783115766392,1111.7752953714053,0.4008781250975853,0.69653029979228975,1,1,0,0
36.700000000000003,34.97753284058183,1111.8129618208761,0.39591008364179248,0.6965239716074676,1,1,0,0
36.800000000000004,34.979896110426822,1111.8466231114794,0.37822002066111121,0.69651766511197366,1,1,0,0
36.899999999999999,34.981937282208605,1111.8768704191853,0.37514517389439939,0.69651137665921004,1,1,0,0
37,34.98370529082392,1111.9041362529415,0.3656152049320795,0.69650510351327766,1,1,0,0
37.100000000000001,34.985243036395431,1111.928816867887,0.3575573192327538,0.69649884325942457,1,1,0,0
37.200000000000003,34.986586812939898,1111.951247391672,0.35079674980595432,0.69649259386617579,1,1,0,0
37.300000000000004,34.987766195024925,1111.9717056720199,0.34507104116504383,0.69648635367746026,1,1,0,0
37.399999999999999,34.988806086993655,1111.9904320793601,0.34021336512717876,0.69648012129610692,1,1,0,0
37.5,34.989727201658575,1112.0076275098124,0.3360936458573735,0.69647389556534156,1,1,0,0
37.600000000000001,34.990546684876307,1112.0234642491557,0.33256620542787946,0.69646767552406863,1,1,0,0
37.700000000000003,34.991279049226151,1112.0380902737934,0.32955241380115097,0.69646146036054424,1,1,0,0
37.800000000000004,34.991936303389593,1112.0516313138221,0.32695851958411676,0.69645524940253178,1,1,0,0
37.899999999999999,34.992528593535098,1112.06419705852,0.32471756658643797,0.69644904208103076,1,1,0,0
38,34.993064453435586,1112.0758817007297,0.32277770314141235,0.69644283791835693,1,1,0,0
38.100000000000001,35.144946199644885,1113.9706754227605,6.5912822821017611,0.69642425129101737,3,1,1,0
38.200000000000003,35.326964462544822,1115.6224163826969,6.52304849948578,0.69640442190405738,5,1,1,1
38.300000000000004,35.520481063117806,1098.9113236486612,7.2856507599684504,0.69639422382026439,4,0,1,1
38.400000000000006,35.712738331765905,1093.9964076927859,6.5053382299217404,0.69639121917837887,4,0,1,1
38.5,35.897357760115902,1095.7482340301644,6.5162470903514382,0.69638981670656708,4,0,1,1
38.600000000000001,36.082251340738765,1098.1185980427081,6.5808126796407862,0.69638845587661091,4,0,1,1
38.700000000000003,36.267988543924794,1100.5057220036581,6.6513533608767368,0.69638700923792551,4,0,1,1
38.800000000000004,36.45446467675491,1102.8615123690254,6.6886274153514336,0.69638547687086161,4,0,1,1
38.900000000000006,36.641548825486474,1105.1836850828972,6.7186562388571902,0.69638386741304092,4,0,1,1
39,36.829140521588819,1107.4733154851319,6.7756195383184989,0.69638218792595252,4,0,1,1
39.100000000000001,37.017150924922454,1109.7319095941816,6.8296051303519052,0.69638044468928473,4,0,1,1
39.200000000000003,37.205506248420924,1111.9608799879113,6.8811398679290177,0.69637864292755691,4,0,1,1
39.300000000000004,37.394145668176208,1114.161612937713,6.9305930997724383,0.69637678691922422,4,0,1,1
39.400000000000006,37.58301956154439,1116.335446344023,6.9784112711650916,0.69637488014970361,4,0,1,1
39.5,37.772086524710943,1118.4836418890322,7.0248245820504343,0.69637292550045271,4,0,1,1
39.600000000000001,37.961312879420383,1120.6074351227103,7.0701173982689847,0.69637092529285793,4,0,1,1
39.700000000000003,38.150670678618596,1122.7079891664034,7.1144886446985671,0.69636888143195519,4,0,1,1
39.800000000000004,38.340136923579969,1124.7864262858805,7.1580933047059521,0.69636679545588098,4,0,1,1
39.900000000000006,38.529692769579299,1126.8438182090472,7.2010941288864956,0.69636466860172053,4,0,1,1
40,38.719322552307965,1128.8811833830846,7.2435874922203425,0.69636250186987936,4,0,1,1
40.100000000000001,38.901081425896614,1130.6319969072367,6.9791726401941547,0.69636094273508775,4,0,1,1
40.200000000000003,39.081254173399813,1132.5419778721778,6.9983327409974976,0.69635947786752272,4,0,1,1
40.300000000000004,39.261274516083219,1134.4485274466026,7.0396943168616906,0.69635799692288725,4,0,1,1
40.400000000000006,39.441287282844641,1136.3390830699964,7.0701518415909206,0.69635648688468255,4,0,1,1
40.5,39.621299934768075,1138.2134746304673,7.1010231329831281,0.69635494669412168,4,0,1,1
40.600000000000001,39.801312776291681,1140.072483626466,7.1472661743368189,0.69635337610183656,4,0,1,1
40.700000000000003,39.981324638575948,1141.9167769807552,7.1819880651564656,0.69635177502615608,4,0,1,1
40.800000000000004,40.161336133610455,1143.7471510087557,7.1894772351076615,0.69635014325768541,4,0,1,1
40.900000000000006,40.341346920697383,1145.5642558345551,7.2259365008112022,0.69634848066505528,4,0,1,1
41,40.521357219288952,1147.3687670381298,7.2624702312247544,0.69634678707703668,4,0,1,1
41.100000000000001,40.709284311832619,1149.4300112365677,7.6983991800691864,0.69634439458595754,4,0,1,1
41.200000000000003,40.89886760437075,1151.3012547929034,7.7503524618021737,0.69634183217647405,4,0,1,1
41.300000000000004,41.088641208391927,1153.1479798983901,7.7840973780369662,0.69633921570733204,4,0,1,1
41.400000000000006,41.278456140129293,1154.9840330301208,7.831640598650381,0.69633655902276448,4,0,1,1
41.5,41.468298820715312,1156.8109195608499,7.8616546450022398,0.6963338633852475,4,0,1,1
41.600000000000001,41.658164588201416,1158.6291694017214,7.9083086380502001,0.69633112907849637,4,0,1,1
41.700000000000003,41.848050112308819,1160.4392389745794,7.9169877752622035,0.69632835624162637,4,0,1,1
41.800000000000004,42.037952026872347,1162.2415056333489,7.9584842459651757,0.6963255450094552,4,0,1,1
41.900000000000006,42.227867826394807,1164.0363592551284,7.9999632068508051,0.69632269545352699,4,0,1,1
42,42.417795113342926,1165.8241534737626,8.0414077938019712,0.69631980763401358,4,0,1,1
42.100000000000001,42.607732105098847,1167.6052412629665,8.0828441637001731,0.6963168815627323,4,0,1,1
42.200000000000003,42.797677255998131,1169.3799484046117,8.1242928875499363,0.69631391723587821,4,0,1,1
42.300000000000004,42.987629253243718,1171.1485885188711,8.1657465544334755,0.69631091462938688,4,0,1,1
42.400000000000006,43.177587086547348,1172.9114615949588,8.2072334913362361,0.69630787369717684,4,0,1,1
42.5,43.367549831339517,1174.6688490663676,8.2487452497635427,0.69630479438580495,4,0,1,1
42.600000000000001,43.557516781050047,1176.4210228340294,8.2902977601613426,0.69630167662643727,4,0,1,1
42.700000000000003,43.747487316223889,1178.1682386827244,8.3318918384444203,0.69629852034390682,4,0,1,1
42.800000000000004,43.937460919616676,1179.910741240443,8.3735325084939802,0.69629532545463402,4,0,1,1
42.900000000000006,44.127437176622941,1181.6487631974931,8.4152238424968306,0.6962920918681228,4,0,1,1
43,44.317415717431999,1183.3825250030454,8.4569690646266995,0.69628881949062849,4,0,1,1
43.100000000000001,44.507396248681857,1185.1122374433905,8.498769164988321,0.6962855082228443,4,0,1,1
43.200000000000003,44.697378513713694,1186.8381000518129,8.5406293416522434,0.69628215796316384,4,0,1,1
43.300000000000004,44.887362297706147,1188.5603030879756,8.5825475023635072,0.69627876860691762,4,0,1,1
43.400000000000006,45.077347421607314,1190.279027370867,8.6245296417238588,0.69627534004717417,4,0,1,1
43.5,45.267333728164338,1191.9944446492113,8.6665728316844906,0.69627187217551934,4,0,1,1
43.600000000000001,45.457321088175377,1193.7067185327801,8.7086822712174143,0.69626836488175103,4,0,1,1
43.700000000000003,45.647309387530633,1195.4160043042768,8.7508554664941034,0.69626481805483142,4,0,1,1
43.800000000000004,45.83729852921217,1197.122449840484,8.7930965211226315,0.69626123158257647,4,0,1,1
43.900000000000006,46.027288430409001,1198.8261955531777,8.8354033240182783,0.69625760535195991,4,0,1,1
44,46.21727901777583,1200.5273750561146,8.8777795125791652,0.69625393924938461,4,0,1,1
44.100000000000001,46.399406122580942,1201.9536464998805,8.5414952211180069,0.69625096790643937,4,0,1,1
44.200000000000003,46.579804423087765,1203.5594090989025,8.5709000597143277,0.69624811562662003,4,0,1,1
44.300000000000004,46.760025304103301,1205.1771653043172,8.6044324927077263,0.69624524636293206,4,0,1,1
44.400000000000006,46.940206926034442,1206.7932551326312,8.6390780358053583,0.69624234568028553,4,0,1,1
44.5,47.120361339289182,1208.4067650566042,8.6698163257800616,0.69623941208616413,4,0,1,1
44.600000000000001,47.300493319246932,1210.017788926923,8.717611948273337,0.69623644499679249,4,0,1,1
44.700000000000003,47.480605831357927,1211.6264056464229,8.7256206011740147,0.69623344402571252,4,0,1,1
44.800000000000004,47.660702396273308,1213.2327626607037,8.7638671483735919,0.6962304087628941,4,0,1,1
44.900000000000006,47.840785348131341,1214.8369612202378,8.8022703395188255,0.69622733888882349,4,0,1,1
45,48.020857003316451,1216.4391291596057,8.8408391080685629,0.69622423408582523,4,0,1,1
45.100000000000001,48.208767573067526,1218.3130803455426,9.3510774903807121,0.6962203391298708,4,0,1,1
45.200000000000003,48.398420057189469,1220.0021949660006,9.4022340979710339,0.69621624300703033,4,0,1,1
45.300000000000004,48.588240900464967,1221.6753619080403,9.4457324037007417,0.69621208725151407,4,0,1,1
45.400000000000006,48.778094830012954,1223.3464344770723,9.4791157357804714,0.69620788656162935,4,0,1,1
45.5,48.967971483450441,1225.0165440646585,9.5171725114724275,0.69620364212073671,4,0,1,1
45.600000000000001,49.157866678771164,1226.6857853967108,9.5757694207071822,0.69619935424220913,4,0,1,1
45.700000000000003,49.347778090030943,1228.3542387068092,9.6133611441305913,0.69619502304303793,4,0,1,1
45.800000000000004,49.537702507803957,1230.0219262470646,9.6262859410596704,0.69619064868910119,4,0,1,1
45.900000000000006,49.727638055480163,1231.6888859680982,9.6705295958722193,0.69618623124885148,4,0,1,1
46,49.917582778947562,1233.3551439607211,9.714747651401769,0.69618177078528976,4,0,1,1
46.100000000000001,49.958960486720898,1229.797923292349,1.3166173922921636,0.69618952226755915,4,0,1,1
46.200000000000003,49.966267574504819,1229.7297491051013,1.0762117851158934,0.69619988972254543,4,0,1,1
46.300000000000004,49.970452920872845,1229.9404155614552,1.0615512852144489,0.69621048630833315,4,0,1,1
46.400000000000006,49.973937888228129,1230.1615295576376,1.0366612357256497,0.69622113285391252,4,0,1,1
46.5,49.97690899754538,1230.3713616918997,1.0151570611247085,0.69623181351358288,4,0,1,1
46.600000000000001,49.979450625667013,1230.5687874898638,1.0001572356421446,0.69624252247226392,4,0,1,1
46.700000000000003,49.981634522964235,1230.7544619206294,0.98269888326090904,0.69625325507082525,4,0,1,1
46.800000000000004,49.983514644363844,1230.9290456011652,0.9723635845333618,0.69626400783441489,4,0,1,1
46.900000000000006,49.985143633621576,1231.09330027643,0.96822827384334187,0.69627477737467436,4,0,1,1
47,49.986558826926263,1231.2478261107105,0.95757454549067833,0.696285561280506,4,0,1,1
47.100000000000001,49.987793849211428,1231.3932272535214,0.94861253155607705,0.69629635737942819,4,0,1,1
47.200000000000003,49.988876516178479,1231.5300596445175,0.94104458960925697,0.69630716386875446,4,0,1,1
47.300000000000004,49.989829991208879,1231.6588466361252,0.93463543377301139,0.69631797924255612,4,0,1,1
47.400000000000006,49.99067355256318,1231.780074407842,0.92919461060527175,0.69632880224365212,4,0,1,1
47.5,49.991423244883336,1231.8941975992602,0.92455415634591598,0.6963396318202294,4,0,1,1
47.600000000000001,49.992092497780646,1232.0016426071136,0.92058668729346016,0.69635046708850878,4,0,1,1
47.700000000000003,49.992692520113387,1232.1028071426579,0.91717861330142614,0.69636130730658241,4,0,1,1
47.800000000000004,49.99323272373573,1232.1980651697854,0.91423989754224,0.6963721518476208,4,0,1,1
47.900000000000006,49.993721013961256,1232.2877665306019,0.91169576668033436,0.69638300018168109,4,0,1,1
48,49.994164046954332,1232.3722396663725,0.90948229501753541,0.69639385185905556,4,0,1,1
48.100000000000001,50.111878126734702,1236.5801685018932,7.6386360519683549,0.69639570808512641,4,0,1,1
48.200000000000003,50.256416327472941,1238.020604625171,7.8254737595955914,0.69639554330416209,4,0,1,1
48.300000000000004,50.403428030637812,1239.2378626229709,7.8529278284970996,0.69639509881843265,4,0,1,1
48.400000000000006,50.550969461564556,1240.4426658461316,7.8965787594505876,0.69639457716324504,4,0,1,1
48.5,50.698893690028314,1241.6521268868239,7.9362387123087066,0.69639399603394136,4,0,1,1
48.600000000000001,50.847135425409654,1242.8673285971902,7.9830453877848973,0.6963933616127338,4,0,1,1
48.700000000000003,50.995641594970444,1244.0879941133398,7.9941608212075383,0.69639267862523757,4,0,1,1
48.800000000000004,51.144370258381841,1245.3138092791896,8.034457080396642,0.69639195074405091,4,0,1,1
48.900000000000006,51.293284637506872,1246.5444203386153,8.0730633097627749,0.69639118121927279,4,0,1,1
49,51.442353764668113,1247.779500903707,8.1101462835244362,0.69639037276203652,4,0,1,1
49.100000000000001,51.599370183261605,1249.2949040170201,8.643723590737423,0.69638878084159328,4,0,1,1
49.200000000000003,51.758288789957433,1250.6290630282165,8.6928087730127359,0.69638698635295004,4,0,1,1
49.300000000000004,51.917466153902325,1251.9524213974059,8.7278795996130203,0.69638513593436269,4,0,1,1
49.400000000000006,52.076757824838019,1253.2787350121578,8.7593827432096454,0.69638324515721484,4,0,1,1
49.5,52.236141301167905,1254.6088511677106,8.7906153322317326,0.69638131635543687,4,0,1,1
49.600000000000001,52.395601909600941,1255.9425815056338,8.8371684668483415,0.69637935085794977,4,0,1,1
49.700000000000003,52.555128935263561,1257.2797533394387,8.8680450571864462,0.69637734960050868,4,0,1,1
49.800000000000004,52.714711429463698,1258.6201262589263,8.8784759516146554,0.69637531351643467,4,0,1,1
49.900000000000006,52.874341776740373,1259.9635198191866,8.9142805789961006,0.69637324324838634,4,0,1,1
50,53.0340129163299,1261.3097437913361,8.9497815449664397,0.69637113937835327,4,0,1,1
50.100000000000001,53.185917844246255,1262.3814899172003,8.5374668152633646,0.69636976902732617,4,0,1,1
50.200000000000003,53.336039617150696,1263.6417831551528,8.5597536451237541,0.69636853962724599,4,0,1,1
50.300000000000004,53.486022829933411,1264.9190273405138,8.5890568856451548,0.6963673001817996,4,0,1,1
50.400000000000006,53.635991095432743,1266.1989399458707,8.6212238937344896,0.69636603674812636,4,0,1,1
50.5,53.785952399272176,1267.4803374687183,8.6296243987145242,0.6963647481878158,4,0,1,1
50.600000000000001,53.935908743870286,1268.7630829582636,8.6755972039665075,0.69636343419666136,4,0,1,1
50.700000000000003,54.085861233776633,1270.0470516953274,8.682685467753398,0.69636209458379339,4,0,1,1
50.800000000000004,54.235811441254256,1271.3321951548319,8.7129319256194151,0.69636072913221658,4,0,1,1
50.900000000000006,54.385760243372474,1272.6184328124855,8.7432725308417023,0.69635933768292591,4,0,1,1
51,54.53570853154477,1273.9057098108422,8.7737084212495215,0.69635792007440844,4,0,1,1
51.100000000000001,54.693445816361972,1275.4721680662581,9.327226032207216,0.69635569262274599,4,0,1,1
51.200000000000003,54.853013462712653,1276.8525262274193,9.3716513337087406,0.69635325918618718,4,0,1,1
51.300000000000004,55.012744733946505,1278.2190774876794,9.4046464534674357,0.69635077618369412,4,0,1,1
51.400000000000006,55.172513964409134,1279.5859757032611,9.4356468379316905,0.69634825820655932,4,0,1,1
51.5,55.332311378816421,1280.9542293135471,9.4651667973544704,0.69634570646153426,4,0,1,1
51.600000000000001,55.492132448513644,1282.3238074415883,9.5102150550811739,0.69634312134335252,4,0,1,1
51.700000000000003,55.651974375043153,1283.6946726920457,9.5349917827466744,0.69634050305303097,4,0,1,1
51.800000000000004,55.811833604907136,1285.0667272446617,9.549769015235885,0.69633785183703512,4,0,1,1
51.900000000000006,55.971707963844644,1286.439908428566,9.5851372112953825,0.69633516782976912,4,0,1,1
52,56.131595255854428,1287.8141438014875,9.6204414887263638,0.6963324511568304,4,0,1,1
52.100000000000001,56.283719177331236,1288.9101171752945,9.1853530965710082,0.69633050487353232,4,0,1,1
52.200000000000003,56.434004165750196,1290.1949868115389,9.1984279709727268,0.69632871168308963,4,0,1,1
52.300000000000004,56.584138060343072,1291.4954910690076,9.2333094818069181,0.69632690898365179,4,0,1,1
52.400000000000006,56.734243108828217,1292.7973041096895,9.2558391267377296,0.69632508219544409,4,0,1,1
52.5,56.884328193636001,1294.0993062074492,9.2833907792484158,0.69632323002587471,4,0,1,1
52.600000000000001,57.034397249637244,1295.4014316828129,9.2962566963535949,0.69632135196370726,4,0,1,1
52.700000000000003,57.184452532808727,1296.7036378340401,9.3269150638866574,0.69631944770107612,4,0,1,1
52.800000000000004,57.334496820810642,1298.0059440407124,9.3577929775772102,0.69631751688170385,4,0,1,1
52.900000000000006,57.48453205055101,1299.3083326116823,9.3888449505526257,0.69631555923375632,4,0,1,1
53,57.634559858573887,1300.6108061925584,9.4200228497572933,0.6963135745074428,4,0,1,1
53.100000000000001,57.784581722095993,1301.9133623696225,9.4513583560533192,0.69631156247741754,4,0,1,1
53.200000000000003,57.934598653508395,1303.2159932104796,9.4827929626289702,0.69630952295656201,4,0,1,1
53.300000000000004,58.084611657632614,1304.5187004686131,9.5143452794163341,0.69630745576231956,4,0,1,1
53.400000000000006,58.234621448886926,1305.8214766650899,9.5459942603045498,0.69630536074021465,4,0,1,1
53.5,58.384628649816683,1307.1243205857404,9.5777306021260191,0.69630323774360914,4,0,1,1
53.600000000000001,58.53463378310996,1308.4272285255829,9.6095573117852968,0.69630108663746382,4,0,1,1
53.700000000000003,58.684637237090406,1309.7301966082523,9.6414587585952027,0.69629890729812627,4,0,1,1
53.800000000000004,58.834639370221588,1311.0332228870841,9.6734390929893141,0.69629669960578311,4,0,1,1
53.900000000000006,58.984640444389647,1312.3363033546686,9.7054905059597072,0.69629446344984691,4,0,1,1
54,59.134640687967334,1313.639435848065,9.7376112061298201,0.69629219872293391,4,0,1,1
54.100000000000001,59.292389083480693,1315.2239099574415,10.341180221183556,0.69628906824226333,4,0,1,1
54.200000000000003,59.452019579013829,1316.6186446168381,10.380134457972305,0.69628571124782201,4,0,1,1
54.300000000000004,59.611804317717066,1317.998479482274,10.418844411457075,0.6962823015475661,4,0,1,1
54.400000000000006,59.771624247543379,1319.3778708482589,10.442822992648606,0.69627885421224445,4,0,1,1
54.5,59.931470042379807,1320.7578875408551,10.480091750645526,0.6962753704737864,4,0,1,1
54.600000000000001,60.091337150792967,1322.1385449926113,10.495709029636833,0.69627185074729869,4,0,1,1
54.700000000000003,60.251222759862891,1323.5198412239993,10.533057209157407,0.69626829524491496,4,0,1,1
54.800000000000004,60.411123658506902,1324.9017162269463,10.570275984789806,0.69626470420692643,4,0,1,1
54.900000000000006,60.57103748918594,1326.2841466830598,10.607413249298572,0.69626107778183921,4,0,1,1
55,60.730962259990307,1327.6670931513645,10.644520896083968,0.69625741608700364,4,0,1,1
55.100000000000001,60.883160832465045,1328.7681043555085,10.150985358275889,0.69625457587521156,4,0,1,1
55.200000000000003,61.033467406667441,1330.0604327043848,10.185887080993622,0.69625190436306938,4,0,1,1
55.300000000000004,61.183628106383956,1331.3681637469604,10.222725252883524,0.69624922159084424,4,0,1,1
55.400000000000006,61.333759552966896,1332.6767915575763,10.239869992474793,0.69624651242276359,4,0,1,1
55.5,61.483869931649124,1333.9852118460601,10.274981095325765,0.69624377555509454,4,0,1,1
55.600000000000001,61.633963145714311,1335.2933828375033,10.287854874543012,0.69624101044139342,4,0,1,1
55.700000000000003,61.784041571226098,1336.6012861354418,10.320154505553674,0.69623821674126296,4,0,1,1
55.800000000000004,61.934107900512544,1337.9089588013362,10.352675438686866,0.6962353940779431,4,0,1,1
55.900000000000006,62.084164145583209,1339.2164060206812,10.385392532943156,0.69623254215100705,4,0,1,1
56,62.234211933889171,1340.5236458635204,10.418245423682372,0.69622966069207681,4,0,1,1
56.100000000000001,62.384252770406803,1341.8306945306433,10.451266459610196,0.69622674945438945,4,0,1,1
56.200000000000003,62.53428771281321,1343.1375601072739,10.484400387827174,0.69622380823176122,4,0,1,1
56.300000000000004,62.684317779812012,1344.4442590433246,10.517659136117782,0.69622083682464553,4,0,1,1
56.400000000000006,62.834343737067634,1345.750798953123,10.551026066034558,0.69621783506051926,4,0,1,1
56.5,62.984366236019717,1347.0571914536911,10.58448857242449,0.69621480277790637,4,0,1,1
56.600000000000001,63.134385838103171,1348.3634459949053,10.618049872016494,0.69621173982622697,4,0,1,1
56.700000000000003,63.284402971610312,1349.6695705853792,10.651694633708475,0.6962086460671183,4,0,1,1
56.800000000000004,63.434418028144734,1350.9755744604574,10.685425444432711,0.69620552136688252,4,0,1,1
56.900000000000006,63.584431309778786,1352.2814643770837,10.719235359990588,0.69620236560120374,4,0,1,1
57,63.734443078401803,1353.5872480115934,10.753121577538248,0.69619917864990966,4,0,1,1
57.100000000000001,63.892162573883006,1355.1772883198132,11.398419235240913,0.69619506972902956,4,0,1,1
57.200000000000003,64.051815776919724,1356.5747495100445,11.442691790595017,0.69619071271493238,4,0,1,1
57.300000000000004,64.211614940940422,1357.9568508626389,11.480191676901127,0.69618629959644052,4,0,1,1
57.400000000000006,64.371447711857499,1359.3383842831292,11.520995049796545,0.69618184583105858,4,0,1,1
57.5,64.531305145097875,1360.7204294615092,11.549433050340237,0.69617735266808811,4,0,1,1
57.600000000000001,64.691182995016987,1362.1030026207766,11.600377643416902,0.69617282052292806,4,0,1,1
57.700000000000003,64.85107850419287,1363.4861083041151,11.625541103256577,0.6961682496129753,4,0,1,1
57.800000000000004,65.010988323535685,1364.869696826478,11.643779154025077,0.69616364019385857,4,0,1,1
57.900000000000006,65.170910407537605,1366.253745233274,11.682923092210405,0.69615899239990542,4,0,1,1
58,65.330842726115861,1367.6382210134364,11.722002918468943,0.69615430635203113,4,0,1,1
58.100000000000001,65.483088938839401,1368.7377300446271,11.193735884389593,0.69615049237985827,4,0,1,1
58.200000000000003,65.633388690509051,1370.0309699665472,11.226940009269089,0.69614686341588028,4,0,1,1
58.300000000000004,65.783550780349657,1371.3399473999166,11.261491078819624,0.69614322083508284,4,0,1,1
58.400000000000006,65.933684082905486,1372.6497706016107,11.292214307074723,0.69613954920785792,4,0,1,1
58.5,66.083796641577877,1373.9593223346963,11.321982149655463,0.69613584717859922,4,0,1,1
58.600000000000001,66.23389217376193,1375.2685657410143,11.334015722959533,0.69613211418702559,4,0,1,1
58.700000000000003,66.383973041278665,1376.5774893978082,11.368140352663037,0.69612834986791261,4,0,1,1
58.800000000000004,66.534041876500467,1377.8861311714402,11.402504125123325,0.69612455382535809,4,0,1,1
58.900000000000006,66.684100637346717,1379.194499591041,11.437068922098728,0.69612072574197736,4,0,1,1
59,66.83415094764834,1380.5026163326581,11.471785037412403,0.69611686533112127,4,0,1,1
59.100000000000001,66.991877216865262,1382.0969703506573,12.155272051157649,0.69611204541056437,4,0,1,1
59.200000000000003,67.151566065631101,1383.4966712462208,12.19406936514293,0.69610696293043817,4,0,1,1
59.300000000000004,67.311392415008385,1384.8807729958476,12.232615360938288,0.69610182230217432,4,0,1,1
59.400000000000006,67.471248288290681,1386.2641715527302,12.26934206394116,0.69609663922519927,4,0,1,1
59.5,67.631125649936124,1387.6479748950053,12.305544592978455,0.69609141488874759,4,0,1,1
59.600000000000001,67.791020720659418,1389.0322119261518,12.319438540018131,0.696086149658248,4,0,1,1
59.700000000000003,67.950931061205566,1390.4168870912815,12.3600823466513,0.69608084371985035,4,0,1,1
59.800000000000004,68.110853997240397,1391.8019566954906,12.400620344239043,0.69607549727570217,4,0,1,1
59.900000000000006,68.270787515441086,1393.1874058206479,12.441088505301343,0.69607011044719203,4,0,1,1
60,68.430729952122505,1394.5732074128048,12.481539777122061,0.69606468332147542,4,0,1,1
60.100000000000001,68.58301141448959,1395.6719078707129,11.924590233785432,0.69606016246373059,4,0,1,1
60.200000000000003,68.733311066214327,1396.9660929100842,11.962376597078238,0.69605583781575608,4,0,1,1
60.300000000000004,68.883477109117138,1398.276159325445,12.000585628362334,0.69605149793925525,4,0,1,1
60.400000000000006,69.033614173737405,1399.5870193661444,12.023339951069797,0.69604712715397365,4,0,1,1
60.5,69.183730339075936,1400.8975525654114,12.059263601013242,0.69604272405462508,4,0,1,1
60.600000000000001,69.333829278807627,1402.2077265246332,12.072657312301972,0.69603828806131018,4,0,1,1
60.700000000000003,69.483913368129222,1403.517533339631,12.108072224700951,0.69603381879080406,4,0,1,1
60.800000000000004,69.633985246931729,1404.8270134150098,12.143738539226046,0.69602931582844374,4,0,1,1
60.900000000000006,69.784046879967192,1406.136177767044,12.179615098044936,0.69602477884120872,4,0,1,1
61,69.934099904344308,1407.4450508823847,12.215651540019206,0.69602020752772575,4,0,1,1
61.100000000000001,69.969493392331415,1404.426566288002,2.8310509830828163,0.69602832786947433,4,0,1,1
61.200000000000003,69.974505052098039,1404.3431791798002,2.6372035161004432,0.69603953885341185,4,0,1,1
61.300000000000004,69.977549841804404,1404.501032735815,2.6160040148414492,0.69605097745977274,4,0,1,1
61.400000000000006,69.980109477491354,1404.6680670681606,2.5959588035566923,0.69606246682085082,4,0,1,1
61.5,69.982297547755365,1404.8263926094544,2.5716036244026736,0.69607399206063425,4,0,1,1
61.600000000000001,69.984178785967671,1404.9753335132004,2.566882319018688,0.69608554671763256,4,0,1,1
61.700000000000003,69.985797177532618,1405.1153205406997,2.5365904360934057,0.69609712657111678,4,0,1,1
61.800000000000004,69.98719870210698,1405.2469522954534,2.533439516076057,0.69610872725771333,4,0,1,1
61.900000000000006,69.988416155448576,1405.3707266007575,2.5206256193972023,0.69612034565050518,4,0,1,1
62,69.98947860504731,1405.4871319346994,2.5098698344618513,0.69613197898761359,4,0,1,1
62.100000000000001,69.990409966681739,1405.5966156501916,2.5007773833678182,0.69614362498923565,4,0,1,1
62.200000000000003,69.991230254789244,1405.6996051964197,2.493089494587907,0.69615528174862629,4,0,1,1
62.300000000000004,69.991956041858771,1405.7964916134276,2.4865629132286173,0.69616694768506449,4,0,1,1
62.400000000000006,69.992601150322258,1405.8876454702377,2.480997749088163,0.69617862147739462,4,0,1,1
62.5,69.993177139576559,1405.9734118888598,2.4762443683159607,0.69619030202098287,4,0,1,1
62.600000000000001,69.993693637633882,1406.0541134805303,2.4721591482612872,0.69620198839258218,4,0,1,1
62.700000000000003,69.994158748094677,1406.1300542719227,2.4686401297686928,0.69621367981460891,4,0,1,1
62.800000000000004,69.994579254224774,1406.2015175250538,2.4655928057513132,0.69622537563437903,4,0,1,1
62.900000000000006,69.994960879004125,1406.2687703364072,2.4629424522885386,0.69623707529988399,4,0,1,1
63,69.995308455665949,1406.3320626821428,2.4606282811903539,0.69624877834398657,4,0,1,1
63.100000000000001,69.995626072961556,1406.3916294180017,2.4585963997837483,0.69626048437005938,4,0,1,1
63.200000000000003,69.995917213361238,1406.4476913394137,2.4568057717396461,0.69627219303951604,4,0,1,1
63.300000000000004,69.996184841264082,1406.5004555421287,2.455219394031237,0.69628390406304297,4,0,1,1
63.400000000000006,69.996431498415433,1406.5501169732045,2.4538079833680482,0.69629561719176525,4,0,1,1
63.5,69.996659368481076,1406.5968586594959,2.4525466853294144,0.69630733221111518,4,0,1,1
63.600000000000001,69.996870335999816,1406.6408527767369,2.4514143677000302,0.69631904893515673,4,0,1,1
63.700000000000003,69.997066036068048,1406.68226122289,2.4503939545034492,0.69633076720200626,4,0,1,1
63.800000000000004,69.997247891226053,1406.7212362267292,2.4494704807264966,0.69634248687021039,4,0,1,1
63.900000000000006,69.997417146987857,1406.7579210126239,2.4486317399152711,0.69635420781542845,4,0,1,1
64,69.997574897652115,1406.792450232623,2.4478672595116082,0.69636592992796997,4,0,1,1
64.100000000000009,69.997722109399689,1406.8249506554253,2.4471681492936321,0.69637765311061162,4,0,1,1
64.200000000000003,69.997859639229887,1406.8555415543892,2.4465269154534681,0.6963893772767813,4,0,1,1
64.299999999999997,69.997988250859351,1406.8843351289422,2.4459370730073129,0.69640110234901875,4,0,1,1
64.400000000000006,69.998108627914888,1406.9114369429174,2.4453931903587733,0.69641282825773398,4,0,1,1
64.5,69.998221384716857,1406.9369463501303,2.4448904470331385,0.69642455494016764,4,0,1,1
64.600000000000009,69.998327075705305,1406.9609568898113,2.44442481501931,0.69643628233949995,4,0,1,1
64.700000000000003,69.998426203162779,1406.9835565669262,2.4439926648003114,0.69644801040408,4,0,1,1
64.799999999999997,69.998519224003473,1407.0048282183745,2.4435909712999515,0.69645973908679137,4,0,1,1
64.900000000000006,69.998606554970976,1407.0248497956152,2.443216964749459,0.69647146834453622,4,0,1,1
65,69.998688577707185,1407.0436946799252,2.4428682863709774,0.69648319813774795,4,0,1,1
65.100000000000009,69.998765642455467,1407.0614319574547,2.4425428245620764,0.69649492843004213,4,0,1,1
65.200000000000003,69.998838071652969,1407.0781266462684,2.4422386749096621,0.69650665918783916,4,0,1,1
65.299999999999997,69.99890616302234,1407.0938399478284,2.4419542117058541,0.69651839038008656,4,0,1,1
65.400000000000006,69.998970191738792,1407.1086294612539,2.441687899470891,0.69653012197802455,4,0,1,1
65.5,69.999030413045233,1407.1225494142207,2.4414384082241387,0.69654185395494117,4,0,1,1
65.600000000000009,69.999087063771952,1407.1356508610031,2.4412045291437314,0.6965535862860226,4,0,1,1
65.700000000000003,69.999140364248817,1407.1479818550008,2.4409851222218721,0.69656531894814844,4,0,1,1
65.799999999999997,69.999190519781706,1407.1595876291219,2.4407792358415099,0.69657705191975994,4,0,1,1
65.900000000000006,69.999237721723148,1407.1705107564699,2.440585902551712,0.69658878518073764,4,0,1,1
66,69.999282148896668,1407.1807913190412,2.4404043194626448,0.6966005187122688,4,0,1,1
66.100000000000009,69.999323968326138,1407.1904670535125,2.4402336959590429,0.69661225249677261,4,0,1,1
66.200000000000003,69.999363336333062,1407.1995734799541,2.4400733186398025,0.69662398651777935,4,0,1,1
66.299999999999997,69.999400399343799,1407.2081440328393,2.4399225470150809,0.69663572075985969,4,0,1,1
66.400000000000006,69.999435294476044,1407.216210181937,2.4397807577128363,0.69664745520855331,4,0,1,1
66.5,69.999468150401867,1407.2238015545327,2.439647395468842,0.6966591898502893,4,0,1,1
66.600000000000009,69.999499087739991,1407.2309460451065,2.4395219412628659,0.69667092467234359,4,0,1,1
66.700000000000003,69.999528219750445,1407.2376699088243,2.4394038893636152,0.69668265966276177,4,0,1,1
66.799999999999997,69.999555652820973,1407.2439978595551,2.439292814511103,0.69669439481031659,4,0,1,1
66.900000000000006,69.999581486830323,1407.2499531582207,2.4391882654951664,0.69670613010446214,4,0,1,1
67,69.999605815708449,1407.2555577039479,2.4390898691552074,0.6967178655352817,4,0,1,1
67.100000000000009,69.999628727678981,1407.2608321142995,2.4389972430840507,0.6967296010934616,4,0,1,1
67.200000000000003,69.999650305722554,1407.265795795312,2.4389100431578594,0.69674133677023853,4,0,1,1
67.299999999999997,69.999670627901864,1407.2704670129158,2.4388279512410755,0.69675307255737073,4,0,1,1
67.400000000000006,69.99968976759844,1407.2748629593746,2.4387506577090354,0.69676480844710809,4,0,1,1
67.5,69.999707793903141,1407.2789998195169,2.438677880229132,0.69677654443215564,4,0,1,1
67.600000000000009,69.999724771773003,1407.2828928312063,2.4386093556267898,0.69678828050565589,4,0,1,1
67.700000000000003,69.999740762360148,1407.2865563360433,2.4385448215616807,0.69680001666115121,4,0,1,1
67.799999999999997,69.999755823234551,1407.2900038331802,2.4384840592131076,0.6968117528925647,4,0,1,1
67.900000000000006,69.999770008552176,1407.2932480275226,2.4384268308803225,0.69682348919417847,4,0,1,1
68,69.999783369330558,1407.2963008795746,2.4383729420067968,0.69683522556060751,4,0,1,1
68.100000000000009,69.99979595356092,1407.2991736493386,2.4383221887777715,0.69684696198678753,4,0,1,1
68.200000000000003,69.999807806442178,1407.3018769346045,2.4382743897646324,0.69685869846794779,4,0,1,1
68.299999999999997,69.999818970543643,1407.3044207099501,2.4382293738935488,0.69687043499959711,4,0,1,1
68.400000000000006,69.999829485922533,1407.3068143631799,2.4381869765826258,0.69688217157750854,4,0,1,1
68.5,69.999839390327267,1407.3090667314143,2.4381470449175162,0.69689390819770014,4,0,1,1
68.600000000000009,69.999848719275079,1407.3111861343011,2.4381094382595534,0.69690564485642625,4,0,1,1
68.700000000000003,69.999857506225553,1407.3131804016109,2.4380740137267969,0.6969173815501577,4,0,1,1
68.799999999999997,69.999865782696659,1407.3150569027687,2.4380406539860684,0.69692911827557158,4,0,1,1
68.900000000000006,69.999873578352862,1407.316822573134,2.4380092290103037,0.69694085502953984,4,0,1,1
69,69.999880921151885,1407.3184839413284,2.437979634125925,0.69695259180911562,4,0,1,1
69.100000000000009,69.999887837403534,1407.3200471531879,2.4379517574422933,0.69696432861152635,4,0,1,1
69.200000000000003,69.999894351895279,1407.3215179927513,2.4379255010437295,0.69697606543415969,4,0,1,1
69.299999999999997,69.999900487979517,1407.322901903525,2.4379007707237217,0.69698780227455592,4,0,1,1
69.400000000000006,69.99990626763632,1407.3242040084733,2.43787747748364,0.6969995391303988,4,0,1,1
69.5,69.999911711583749,1407.3254291296885,2.437855536930484,0.69701127599950663,4,0,1,1
69.600000000000009,69.999916839318985,1407.3265818066232,2.4378348729557637,0.6970230128798266,4,0,1,1
69.700000000000003,69.999921669213066,1407.3276663111012,2.4378154065902855,0.69703474976942437,4,0,1,1
69.799999999999997,69.999926218573478,1407.3286866635294,2.4377970743460642,0.69704648666647828,4,0,1,1
69.900000000000006,69.999930503692198,1407.3296466472052,2.4377798042640206,0.69705822356927327,4,0,1,1
70,69.999934539925491,1407.330549823316,2.4377635396739468,0.69706996047619385,4,0,1,1
70.100000000000009,69.999938341726107,1407.3313995439837,2.4377482185623291,0.69708169738571957,4,0,1,1
70.200000000000003,69.999941922711585,1407.3321989637798,2.4377337878712626,0.69709343429641824,4,0,1,1
70.299999999999997,69.99994529571218,1407.3329510513031,2.4377201952934646,0.69710517120694027,4,0,1,1
70.400000000000006,69.999948472804945,1407.3336586001533,2.4377073925995139,0.69711690811601612,4,0,1,1
70.5,69.999951465374181,1407.334324239637,2.4376953328777606,0.69712864502244887,4,0,1,1
70.600000000000009,69.999954284133892,1407.3349504447822,2.4376839749145085,0.69714038192511285,4,0,1,1
70.700000000000003,69.999956939179739,1407.3355395444912,2.4376732748098013,0.69715211882294714,4,0,1,1
70.799999999999997,69.999959440023261,1407.3360937304401,2.4376631982181785,0.69716385571495243,4,0,1,1
70.900000000000006,69.999961795618233,1407.3366150648653,2.4376537051095712,0.69717559260018813,4,0,1,1
71,69.999964014404426,1407.3371054887918,2.437644764857156,0.69718732947776818,4,0,1,1
71.100000000000009,69.999966104325267,1407.3375668291269,2.4376363429087982,0.69719906634685869,4,0,1,1
71.200000000000003,69.9999680728653,1407.3380008049871,2.4376284105773278,0.69721080320667417,4,0,1,1
71.299999999999997,69.999969927076549,1407.3384090339866,2.4376209386851801,0.6972225400564741,4,0,1,1
71.400000000000006,69.999971673597045,1407.3387930382662,2.4376139011548137,0.69723427689556261,4,0,1,1
71.5,69.999973318684312,1407.33915425031,2.4376072717983934,0.69724601372328299,4,0,1,1
71.600000000000009,69.999974868227412,1407.3394940184489,2.4376010283664988,0.69725775053901773,4,0,1,1
71.700000000000003,69.999976327775627,1407.3398136112821,2.4375951463456604,0.69726948734218497,4,0,1,1
71.799999999999997,69.999977702557203,1407.3401142225657,2.4375896072388596,0.69728122413223692,4,0,1,1
71.900000000000006,69.999978997493898,1407.3403969754349,2.4375843886841926,0.69729296090865744,4,0,1,1
72,69.999980217224888,1407.3406629269311,2.4375794741918373,0.6973046976709607,4,0,1,1
72.100000000000009,69.999981366116643,1407.3409130718464,2.4375748444443115,0.69731643441868929,4,0,1,1
72.200000000000003,69.999982448283291,1407.3411483462032,2.4375704839921442,0.69732817115141243,4,0,1,1
72.299999999999997,69.999983467601382,1407.3413696306618,2.4375663764889435,0.69733990786872413,4,0,1,1
72.400000000000006,69.999984427719781,1407.3415777538366,2.4375625078990524,0.69735164457024257,4,0,1,1
72.5,69.999985332078325,1407.3417734954523,2.4375588635434511,0.6973633812556076,4,0,1,1
72.600000000000009,69.999986183914146,1407.3419575893658,2.4375554314659191,0.69737511792448093,4,0,1,1
72.700000000000003,69.999986986277833,1407.3421307259603,2.4375521979276713,0.69738685457654304,4,0,1,1
72.799999999999997,69.999987742043331,1407.3422935548335,2.4375491530195603,0.69739859121149361,4,0,1,1
72.900000000000006,69.999988453916174,1407.3424466870842,2.4375462841925715,0.69741032782904999,4,0,1,1
73,69.9999891244466,1407.3425906977982,2.4375435826397234,0.69742206442894539,4,0,1,1
73.100000000000009,69.999989756034878,1407.3427261281329,2.4375410374925006,0.69743380101092911,4,0,1,1
73.200000000000003,69.999990350942625,1407.3428534872312,2.4375386404954806,0.69744553757476502,4,0,1,1
73.299999999999997,69.999990911300799,1407.3429732540599,2.4375363824400447,0.6974572741202304,4,0,1,1
73.400000000000006,69.999991439115277,1407.3430858792433,2.4375342558199584,0.69746901064711597,4,0,1,1
73.5,69.999991936276999,1407.343191786764,2.4375322523687029,0.69748074715522435,4,0,1,1
73.600000000000009,69.999992404565461,1407.3432913756264,2.4375303657060732,0.69749248364437,4,0,1,1
73.700000000000003,69.999992845657616,1407.3433850211518,2.4375285880887652,0.69750422011437763,4,0,1,1
73.799999999999997,69.999993261133312,1407.3434730764563,2.4375269142560869,0.6975159565650827,4,0,1,1
73.900000000000006,69.999993652479887,1407.3435558736826,2.4375253371330166,0.69752769299633033,4,0,1,1
74,69.999994021099226,1407.3436337253709,2.43752385204855,0.69753942940797398,4,0,1,1
74.100000000000009,69.999994368310823,1407.343706925584,2.437522452858401,0.69755116579987675,4,0,1,1
74.200000000000003,69.999994695357927,1407.3437757509621,2.4375211351909587,0.69756290217190853,4,0,1,1
74.299999999999997,69.999995003411996,1407.3438404617129,2.437519893826011,0.69757463852394774,4,0,1,1
74.400000000000006,69.999995293575665,1407.3439013026216,2.437518724790011,0.69758637485587971,4,0,1,1
74.5,69.999995566888458,1407.3439585039682,2.437517623388533,0.69759811116759585,4,0,1,1
74.600000000000009,69.999995824328607,1407.3440122824484,2.4375165862571659,0.69760984745899446,4,0,1,1
74.700000000000003,69.999996066817999,1407.3440628418628,2.4375156090075971,0.69762158372998007,4,0,1,1
74.799999999999997,69.99999629522506,1407.3441103739362,2.437514688872096,0.69763331998046196,4,0,1,1
74.900000000000006,69.999996510367467,1407.3441550589787,2.4375138218406978,0.69764505621035522,4,0,1,1
75,69.999996713015847,1407.3441970666418,2.4375130054611249,0.69765679241958001,4,0,1,1
75.100000000000009,69.999996903895578,1407.3442365565234,2.4375122362482915,0.69766852860806083,4,0,1,1
75.200000000000003,69.999997083690118,1407.3442736787476,2.4375115119030664,0.69768026477572664,4,0,1,1
75.299999999999997,69.999997253043404,1407.3443085745021,2.4375108294476071,0.69769200092251082,4,0,1,1
75.400000000000006,69.999997412561655,1407.3443413765895,2.4375101868111106,0.6977037370483502,4,0,1,1
75.5,69.999997562816262,1407.3443722099234,2.4375095812987246,0.69771547315318572,4,0,1,1
75.600000000000009,69.999997704345034,1407.3444011920378,2.4375090111712763,0.69772720923696152,4,0,1,1
75.700000000000003,69.999997837654732,1407.3444284334519,2.4375084739131716,0.6977389452996251,4,0,1,1
75.799999999999997,69.99999796322281,1407.3444540381272,2.4375079680972123,0.69775068134112705,4,0,1,1
75.900000000000006,69.999998081498731,1407.3444781038149,2.4375074914338972,0.69776241736142053,4,0,1,1
76,69.999998192906105,1407.3445007224823,2.4375070426532734,0.69777415336046222,4,0,1,1
76.100000000000009,69.999998297843746,1407.3445219806295,2.4375066197642137,0.6977858893382104,4,0,1,1
76.200000000000003,69.999998396687317,1407.3445419596117,2.4375062215780212,0.6977976252946263,4,0,1,1
76.299999999999997,69.999998489790897,1407.3445607359295,2.4375058463835941,0.6978093612296733,4,0,1,1
76.400000000000006,69.999998577487702,1407.3445783815296,2.4375054931145321,0.69782109714331708,4,0,1,1
76.5,69.999998660091833,1407.3445949640741,2.4375051602176621,0.69783283303552512,4,0,1,1
76.600000000000009,69.999998737898949,1407.3446105472201,2.4375048468099423,0.69784456890626678,4,0,1,1
76.700000000000003,69.999998811187652,1407.3446251908126,2.4375045514358678,0.6978563047555133,4,0,1,1
76.800000000000011,69.999998880220389,1407.3446389511357,2.437504273380986,0.6978680405832377,4,0,1,1
76.900000000000006,69.999998945244272,1407.3446518811122,2.4375040113216486,0.69787977638941445,4,0,1,1
77,69.999999006492146,1407.3446640305299,2.4375037646178548,0.69789151217401957,4,0,1,1
77.100000000000009,69.999999064183271,1407.3446754461806,2.4375035321148024,0.69790324793703018,4,0,1,1
77.200000000000003,69.999999118524229,1407.3446861720799,2.4375033132332891,0.69791498367842564,4,0,1,1
77.300000000000011,69.999999169709568,1407.3446962496234,2.4375031069541961,0.69792671939818529,4,0,1,1
77.400000000000006,69.999999217922507,1407.3447057177329,2.437502912752382,0.69793845509629071,4,0,1,1
77.5,69.999999263335695,1407.3447146130009,2.4375027297323832,0.69795019077272369,4,0,1,1
77.600000000000009,69.999999306111732,1407.3447229698372,2.4375025574413849,0.69796192642746779,4,0,1,1
77.700000000000003,69.999999346403783,1407.34473082059,2.4375023950552639,0.69797366206050726,4,0,1,1
77.800000000000011,69.999999384356045,1407.3447381956928,2.4375022421999444,0.69798539767182732,4,0,1,1
77.900000000000006,69.99999942010443,1407.3447451237464,2.4375020981177831,0.69799713326141388,4,0,1,1
78,69.999999453776908,1407.3447516316485,2.4375019625044625,0.69800886882925384,4,0,1,1
78.100000000000009,69.99999948549403,1407.344757744678,2.4375018346716035,0.69802060437533497,4,0,1,1
78.200000000000003,69.999999515369382,1407.3447634866106,2.4375017143525377,0.69803233989964553,4,0,1,1
78.300000000000011,69.999999543509887,1407.3447688797976,2.4375016009364043,0.69804407540217439,4,0,1,1
78.400000000000006,69.999999570016271,1407.3447739452567,2.4375014941803714,0.69805581088291169,4,0,1,1
78.5,69.999999594983493,1407.3447787027403,2.437501393557266,0.6980675463418472,4,0,1,1
78.600000000000009,69.99999961850088,1407.3447831708188,2.4375012988445452,0.69807928177897216,4,0,1,1
78.700000000000003,69.999999640652661,1407.344787366949,2.437501209562166,0.69809101719427757,4,0,1,1
78.800000000000011,69.999999661518117,1407.344791307549,2.4375011255372421,0.69810275258775589,4,0,1,1
78.900000000000006,69.999999681171943,1407.3447950080454,2.4375010463168096,0.69811448795939901,4,0,1,1
79,69.999999699684508,1407.3447984829447,2.4375009717697811,0.69812622330919993,4,0,1,1
79.100000000000009,69.999999717122108,1407.3448017458747,2.4375009014838982,0.698137958637152,4,0,1,1
79.200000000000003,69.999999733547128,1407.3448048096536,2.4375008353412011,0.69814969394324866,4,0,1,1
79.300000000000011,69.9999997490184,1407.3448076863269,2.4375007729848446,0.69816142922748403,4,0,1,1
79.400000000000006,69.999999763591291,1407.3448103872186,2.4375007143003744,0.69817316448985256,4,0,1,1
79.5,69.999999777317967,1407.3448129229696,2.4375006589725632,0.69818489973034858,4,0,1,1
79.600000000000009,69.999999790247585,1407.3448153035829,2.437500606909472,0.69819663494896755,4,0,1,1
79.700000000000003,69.999999802426444,1407.3448175384563,2.4375005578189142,0.69820837014570458,4,0,1,1
79.800000000000011,69.999999813898086,1407.3448196364297,2.4375005116291701,0.69822010532055545,4,0,1,1
79.900000000000006,69.999999824703636,1407.3448216058064,2.4375004680706329,0.69823184047351561,4,0,1,1
80,69.999999834881734,1407.3448234543912,2.4375004270932839,0.69824357560458139,4,0,1,1
80.100000000000009,69.999999844468817,1407.3448251895159,2.4375003884445214,0.69825531071374902,4,0,1,1
80.200000000000003,69.999999853499247,1407.3448268180748,2.4375003520886454,0.69826704580101506,4,0,1,1
80.300000000000011,69.999999862005311,1407.3448283465434,2.4375003177995835,0.6982787808663764,4,0,1,1
80.400000000000006,69.999999870017461,1407.3448297810112,2.4375002855410615,0.69829051590982971,4,0,1,1
80.5,69.999999877564363,1407.3448311271961,2.4375002551186467,0.69830225093137233,4,0,1,1
80.600000000000009,69.999999884673102,1407.3448323904731,2.4375002265000139,0.69831398593100136,4,0,1,1
80.700000000000003,69.999999891369043,1407.3448335758894,2.4375001995071552,0.69832572090871425,4,0,1,1
80.800000000000011,69.99999989767619,1407.3448346881939,2.4375001741154194,0.69833745586450879,4,0,1,1
80.900000000000006,69.999999903617123,1407.3448357318434,2.4375001501668287,0.69834919079838242,4,0,1,1
81,69.999999909213102,1407.3448367110266,2.4375001276391077,0.69836092571033337,4,0,1,1
81.100000000000009,69.999999914484135,1407.344837629679,2.4375001063877058,0.69837266060035941,4,0,1,1
81.200000000000003,69.999999919449138,1407.3448384914989,2.4375000864036167,0.69838439546845865,4,0,1,1
81.300000000000011,69.999999924125859,1407.344839299958,2.4375000675484673,0.69839613031462944,4,0,1,1
81.400000000000006,69.999999928531011,1407.3448400583227,2.4375000498150712,0.6984078651388701,4,0,1,1
81.5,69.999999932680396,1407.3448407696565,2.4375000330878365,0.69841959994117886,4,0,1,1
81.600000000000009,69.99999993658885,1407.3448414368397,2.4375000173549379,0.6984313347215545,4,0,1,1
81.700000000000003,69.999999940270385,1407.3448420625773,2.4375000025128974,0.69844306947999546,4,0,1,1
81.800000000000011,69.99999994373816,1407.3448426494108,2.4374999885558393,0.69845480421650052,4,0,1,1
81.900000000000006,69.999999947004582,1407.3448431997265,2.4374999753841005,0.69846653893106847,4,0,1,1
82,69.999999950081332,1407.3448437157681,2.4374999630024297,0.69847827362369819,4,0,1,1
82.100000000000009,69.999999952979465,1407.3448441996391,2.4374999513161297,0.69849000829438834,4,0,1,1
82.200000000000003,69.999999955709328,1407.3448446533175,2.4374999403314632,0.69850174294313816,4,0,1,1
82.300000000000011,69.999999958280668,1407.344845078662,2.4374999299615703,0.69851347756994675,4,0,1,1
82.400000000000006,69.999999960702752,1407.3448454774157,2.4374999202172329,0.69852521217481311,4,0,1,1
82.5,69.999999962984177,1407.3448458512162,2.4374999110151347,0.69853694675773625,4,0,1,1
82.600000000000009,69.999999965133142,1407.344846201604,2.4374999023670179,0.69854868131871573,4,0,1,1
82.700000000000003,69.999999967157351,1407.3448465300216,2.4374998942065829,0.69856041585775031,4,0,1,1
82.800000000000011,69.999999969064021,1407.3448468378269,2.4374998865330384,0.69857215037483966,4,0,1,1
82.900000000000006,69.999999970860017,1407.3448471262923,2.4374998792913369,0.69858388486998313,4,0,1,1
83,69.999999972551706,1407.3448473966143,2.4374998724835475,0.69859561934317993,4,0,1,1
83.100000000000009,69.999999974145197,1407.3448476499163,2.4374998660583862,0.69860735379442962,4,0,1,1
83.200000000000003,69.999999975646176,1407.3448478872506,2.4374998600203797,0.69861908822373153,4,0,1,1
83.300000000000011,69.999999977059971,1407.3448481096084,2.4374998543153117,0.69863082263108522,4,0,1,1
83.400000000000006,69.999999978391727,1407.3448483179197,2.4374998489612545,0.69864255701649014,4,0,1,1
83.5,69.999999979646148,1407.3448485130541,2.4374998439004725,0.69865429137994595,4,0,1,1
83.600000000000009,69.999999980827738,1407.3448486958328,2.4374998391463194,0.69866602572145231,4,0,1,1
83.700000000000003,69.999999981940732,1407.3448488670224,2.4374998346596004,0.69867776004100868,4,0,1,1
83.800000000000011,69.999999982989095,1407.3448490273454,2.4374998304407813,0.6986894943386146,4,0,1,1
83.900000000000006,69.999999983976608,1407.3448491774789,2.4374998264572603,0.69870122861426998,4,0,1,1
84,69.999999984906793,1407.3448493180581,2.4374998227175264,0.69871296286797413,4,0,1,1
84.100000000000009,69.999999985782964,1407.344849449679,2.4374998191820554,0.69872469709972718,4,0,1,1
84.200000000000003,69.999999986608259,1407.3448495729019,2.4374998158629189,0.69873643130952856,4,0,1,1
84.300000000000011,69.999999987385664,1407.3448496882518,2.4374998127273346,0.69874816549737817,4,0,1,1
84.400000000000006,69.999999988117921,1407.3448497962211,2.4374998097824165,0.69875989966327567,4,0,1,1
84.5,69.999999988807687,1407.344849897273,2.4374998069979834,0.69877163380722063,4,0,1,1
84.600000000000009,69.999999989457393,1407.3448499918411,2.4374998043891511,0.69878336792921336,4,0,1,1
84.700000000000003,69.999999990069355,1407.3448500803329,2.4374998019156728,0.69879510202925299,4,0,1,1
84.800000000000011,69.999999990645833,1407.3448501631299,2.4374997996011962,0.69880683610733996,4,0,1,1
84.900000000000006,69.999999991188815,1407.3448502405897,2.4374997974086625,0.69881857016347371,4,0,1,1
85,69.999999991700292,1407.3448503130508,2.4374997953520685,0.69883030419765424,4,0,1,1
85.100000000000009,69.999999992182069,1407.3448503808261,2.4374997934104932,0.69884203820988122,4,0,1,1
85.200000000000003,69.999999992635878,1407.3448504442115,2.4374997915837673,0.69885377220015477,4,0,1,1
85.300000000000011,69.999999993063327,1407.3448505034862,2.4374997898580522,0.69886550616847443,4,0,1,1
85.400000000000006,69.999999993465991,1407.3448505589099,2.4374997882423695,0.69887724011484043,4,0,1,1
85.5,69.999999993845265,1407.3448506107247,2.4374997867109829,0.69888897403925243,4,0,1,1
85.600000000000009,69.999999994202497,1407.3448506591617,2.4374997852730353,0.69890070794171044,4,0,1,1
85.700000000000003,69.999999994539039,1407.3448507044343,2.4374997839178918,0.69891244182221413,4,0,1,1
85.800000000000011,69.999999994856012,1407.3448507467435,2.4374997826415368,0.69892417568076359,4,0,1,1
85.900000000000006,69.999999995154582,1407.3448507862797,2.4374997814360384,0.69893590951735884,4,0,1,1
86,69.999999995435843,1407.3448508232177,2.4374997803080873,0.69894764333199955,4,0,1,1
86.100000000000009,69.999999995700762,1407.3448508577237,2.4374997792359596,0.69895937712468614,4,0,1,1
86.200000000000003,69.99999999595029,1407.3448508899553,2.4374997782357726,0.69897111089541797,4,0,1,1
86.300000000000011,69.999999996185366,1407.344850920055,2.4374997772868583,0.69898284464419502,4,0,1,1
86.400000000000006,69.999999996406771,1407.3448509481611,2.4374997763954647,0.69899457837101775,4,0,1,1
86.5,69.99999999661533,1407.3448509744026,2.4374997755548096,0.69900631207588559,4,0,1,1
86.600000000000009,69.999999996811781,1407.3448509988964,2.43749977476674,0.69901804575879878,4,0,1,1
86.700000000000003,69.99999999699682,1407.3448510217577,2.4374997740160929,0.69902977941975719,4,0,1,1
86.800000000000011,69.99999999717113,1407.3448510430912,2.4374997733199515,0.69904151305876083,4,0,1,1
86.900000000000006,69.999999997335323,1407.3448510629939,2.437499772654474,0.69905324667580959,4,0,1,1
87,69.999999997489979,1407.3448510815615,2.4374997720319751,0.69906498027090347,4,0,1,1
87.100000000000009,69.999999997635655,1407.3448510988785,2.4374997714464164,0.69907671384404235,4,0,1,1
87.200000000000003,69.999999997772889,1407.3448511150259,2.4374997708957999,0.69908844739522646,4,0,1,1
87.300000000000011,69.999999997902137,1407.3448511300799,2.4374997703724652,0.69910018092445569,4,0,1,1
87.400000000000006,69.999999998023895,1407.3448511441125,2.4374997698842913,0.69911191443172982,4,0,1,1
87.5,69.999999998138591,1407.3448511571894,2.4374997694211475,0.69912364791704906,4,0,1,1
87.600000000000009,69.999999998246622,1407.3448511693744,2.4374997689859428,0.6991353813804132,4,0,1,1
87.700000000000003,69.999999998348386,1407.3448511807246,2.4374997685766093,0.69914711482182246,4,0,1,1
87.800000000000011,69.999999998444224,1407.3448511912948,2.4374997681903481,0.69915884824127661,4,0,1,1
87.900000000000006,69.999999998534534,1407.3448512011375,2.4374997678265315,0.69917058163877588,4,0,1,1
88,69.999999998619572,1407.3448512102991,2.4374997674843839,0.69918231501432004,4,0,1,1
88.100000000000009,69.999999998699693,1407.3448512188259,2.4374997671593204,0.69919404836790922,4,0,1,1
88.200000000000003,69.999999998775152,1407.3448512267594,2.4374997668598488,0.69920578169954339,4,0,1,1
88.300000000000011,69.999999998846221,1407.3448512341386,2.4374997665693034,0.69921751500922258,4,0,1,1
88.400000000000006,69.999999998913196,1407.3448512410007,2.4374997663033606,0.69922924829694677,4,0,1,1
88.5,69.999999998976264,1407.3448512473794,2.4374997660472157,0.69924098156271597,4,0,1,1
88.600000000000009,69.99999999903568,1407.3448512533084,2.4374997658075457,0.69925271480653028,4,0,1,1
88.700000000000003,69.999999999091628,1407.3448512588172,2.4374997655822224,0.6992644480283895,4,0,1,1
88.800000000000011,69.99999999914435,1407.3448512639332,2.4374997653723534,0.69927618122829371,4,0,1,1
88.900000000000006,69.999999999194003,1407.344851268683,2.4374997651706156,0.69928791440624305,4,0,1,1
89,69.999999999240771,1407.3448512730927,2.4374997649824506,0.69929964756223739,4,0,1,1
89.100000000000009,69.999999999284839,1407.3448512771836,2.4374997648063266,0.69931138069627696,4,0,1,1
89.200000000000003,69.999999999326334,1407.3448512809773,2.4374997646376166,0.69932311380836143,4,0,1,1
89.300000000000011,69.999999999365428,1407.3448512844959,2.437499764479738,0.69933484689849101,4,0,1,1
89.400000000000006,69.999999999402249,1407.3448512877567,2.4374997643338232,0.69934657996666572,4,0,1,1
89.5,69.999999999436938,1407.3448512907771,2.437499764192288,0.69935831301288565,4,0,1,1
89.600000000000009,69.999999999469608,1407.3448512935736,2.4374997640619434,0.69937004603715058,4,0,1,1
89.700000000000003,69.999999999500389,1407.3448512961625,2.437499763936382,0.69938177903946075,4,0,1,1
89.800000000000011,69.999999999529379,1407.3448512985578,2.4374997638209805,0.69939351201981592,4,0,1,1
89.900000000000006,69.999999999556678,1407.3448513007725,2.4374997637101181,0.69940524497821643,4,0,1,1
90,69.999999999582414,1407.3448513028193,2.4374997636078333,0.69941697791466217,4,0,1,1
90.100000000000009,69.999999999606644,1407.3448513047099,2.4374997635095923,0.69942871082915314,4,0,1,1
90.200000000000003,69.999999999629452,1407.3448513064557,2.4374997634177333,0.69944044372168934,4,0,1,1
90.300000000000011,69.999999999650967,1407.3448513080662,2.4374997633322226,0.69945217659227088,4,0,1,1
90.400000000000006,69.999999999671203,1407.3448513095509,2.4374997632502011,0.69946390944089754,4,0,1,1
90.5,69.999999999690303,1407.3448513109192,2.4374997631728696,0.69947564226756964,4,0,1,1
90.600000000000009,69.999999999708265,1407.3448513121784,2.4374997631007971,0.6994873750722872,4,0,1,1
90.700000000000003,69.99999999972519,1407.3448513133383,2.4374997630308739,0.69949910785504998,4,0,1,1
90.800000000000011,69.999999999741135,1407.3448513144044,2.4374997629698334,0.69951084061585822,4,0,1,1
90.900000000000006,69.999999999756156,1407.344851315383,2.4374997629065409,0.69952257335471191,4,0,1,1
91,69.999999999770296,1407.3448513162821,2.4374997628510178,0.69953430607161082,4,0,1,1
91.100000000000009,69.999999999783626,1407.3448513171061,2.4374997627962425,0.69954603876655541,4,0,1,1
91.200000000000003,69.999999999796188,1407.3448513178612,2.4374997627472577,0.69955777143954534,4,0,1,1
91.300000000000011,69.999999999808011,1407.3448513185519,2.4374997626984558,0.69956950409058083,4,0,1,1
91.400000000000006,69.999999999818954,1407.3448513191679,2.4374997626438328,0.69958123671328576,4,0,1,1
91.5,69.999999999829456,1407.3448513197461,2.4374997626119055,0.69959296932041237,4,0,1,1
91.600000000000009,69.999999999839346,1407.3448513202732,2.43749976257318,0.69960470190558455,4,0,1,1
91.700000000000003,69.999999999848669,1407.3448513207527,2.4374997625358459,0.69961643446880217,4,0,1,1
91.800000000000011,69.999999999857465,1407.3448513211888,2.4374997625006278,0.69962816701006547,4,0,1,1
91.900000000000006,69.999999999865722,1407.3448513215849,2.4374997624660431,0.69963989952937444,4,0,1,1
92,69.999999999873523,1407.3448513219437,2.4374997624357007,0.69965163202672909,4,0,1,1
92.100000000000009,69.999999999880856,1407.3448513222679,2.4374997624059547,0.69966336450212951,4,0,1,1
92.200000000000003,69.999999999887763,1407.3448513225617,2.4374997623774242,0.69967509695557573,4,0,1,1
92.300000000000011,69.999999999894285,1407.3448513228248,2.4374997623528678,0.6996868293870675,4,0,1,1
92.400000000000006,69.99999999990041,1407.3448513230612,2.4374997623248014,0.69969856179660528,4,0,1,1
92.5,69.99999999990618,1407.3448513232745,2.4374997623041232,0.69971029418418862,4,0,1,1
92.600000000000009,69.999999999911623,1407.3448513234634,2.4374997622831667,0.69972202654981797,4,0,1,1
92.700000000000003,69.999999999916753,1407.3448513236317,2.4374997622605092,0.69973375889349332,4,0,1,1
92.800000000000011,69.999999999921585,1407.3448513237811,2.4374997622427412,0.69974549121521434,4,0,1,1
92.900000000000006,69.999999999926132,1407.3448513239125,2.4374997622229113,0.69975722351498149,4,0,1,1
93,69.999999999930424,1407.3448513240282,2.4374997622063148,0.69976895579279441,4,0,1,1
93.100000000000009,69.99999999993446,1407.3448513241292,2.4374997621905767,0.69978068804865345,4,0,1,1
93.200000000000003,69.999999999938254,1407.3448513242161,2.4374997621743928,0.69979242028255839,4,0,1,1
93.300000000000011,69.999999999941835,1407.3448513242911,2.4374997621609351,0.69980415249450945,4,0,1,1
93.400000000000006,69.999999999945217,1407.3448513243545,2.4374997621466949,0.69981588468450651,4,0,1,1
93.5,69.999999999948386,1407.3448513244075,2.4374997621343502,0.69982761685254968,4,0,1,1
93.600000000000009,69.99999999995137,1407.3448513244516,2.4374997621216776,0.69983934899863898,4,0,1,1
93.700000000000003,69.999999999954198,1407.3448513244871,2.4374997621108392,0.6998510811227745,4,0,1,1
93.800000000000011,69.999999999956856,1407.3448513245144,2.4374997620991765,0.69986281322495603,4,0,1,1
93.900000000000006,69.999999999959357,1407.3448513245355,2.4374997620898196,0.69987454530518378,4,0,1,1
94,69.99999999996173,1407.3448513245494,2.4374997620813477,0.69988627736345776,4,0,1,1
94.100000000000009,69.999999999963947,1407.344851324558,2.4374997620708463,0.69989800939977809,4,0,1,1
94.200000000000003,69.999999999966022,1407.3448513245617,2.4374997620623842,0.69990974141414475,4,0,1,1
94.300000000000011,69.999999999967997,1407.3448513245605,2.437499762054649,0.69992147340655753,4,0,1,1
94.400000000000006,69.999999999969845,1407.3448513245553,2.4374997620466834,0.69993320537701664,4,0,1,1
94.5,69.999999999971621,1407.3448513245464,2.4374997620406242,0.69994493732552232,4,0,1,1
94.600000000000009,69.999999999973255,1407.3448513245346,2.4374997620330565,0.69995666925207434,4,0,1,1
94.700000000000003,69.99999999997479,1407.3448513245196,2.4374997620245868,0.69996840115465464,4,0,1,1
94.800000000000011,69.999999999976254,1407.3448513245021,2.4374997620168393,0.69998013303729933,4,0,1,1
94.900000000000006,69.999999999977646,1407.3448513244821,2.437499762012211,0.6999918648979907,4,0,1,1
95,69.999999999978925,1407.3448513244607,2.4374997620102703,0.70000359673672852,4,0,1,1
95.100000000000009,69.999999999980147,1407.3448513244375,2.4374997620052472,0.70001532855351289,4,0,1,1
95.200000000000003,69.999999999981299,1407.3448513244132,2.437499762002687,0.70002706034834394,4,0,1,1
95.300000000000011,69.999999999982393,1407.344851324387,2.4374997619968357,0.70003879212122144,4,0,1,1
95.400000000000006,69.999999999983402,1407.34485132436,2.4374997619928571,0.70005052387214561,4,0,1,1
95.5,69.999999999984368,1407.3448513243327,2.4374997619890553,0.70006225560111646,4,0,1,1
95.600000000000009,69.999999999985278,1407.3448513243043,2.4374997619858245,0.70007398730813397,4,0,1,1
95.700000000000003,69.99999999998613,1407.3448513242749,2.4374997619824348,0.70008571899319805,4,0,1,1
95.800000000000011,69.999999999986926,1407.3448513242461,2.4374997619784153,0.70009745065630913,4,0,1,1
95.900000000000006,69.999999999987693,1407.3448513242167,2.4374997619760781,0.70010918229746699,4,0,1,1
96,69.999999999988418,1407.3448513241865,2.4374997619729264,0.70012091391667142,4,0,1,1
96.100000000000009,69.999999999989072,1407.3448513241574,2.4374997619680792,0.70013264551392274,4,0,1,1
96.200000000000003,69.999999999989711,1407.3448513241281,2.4374997619690943,0.70014437708922106,4,0,1,1
96.300000000000011,69.999999999990308,1407.344851324098,2.437499761965392,0.70015610864256617,4,0,1,1
96.400000000000006,69.999999999990877,1407.3448513240687,2.4374997619630041,0.70016784017395806,4,0,1,1
96.5,69.999999999991388,1407.3448513240401,2.4374997619597321,0.70017957168339706,4,0,1,1
96.600000000000009,69.9999999999919,1407.3448513240112,2.4374997619591827,0.70019130317088296,4,0,1,1
96.700000000000003,69.999999999992369,1407.3448513239828,2.4374997619573766,0.70020303463641587,4,0,1,1
96.800000000000011,69.999999999992795,1407.3448513239559,2.4374997619547054,0.70021476607999578,4,0,1,1
96.900000000000006,69.999999999993236,1407.3448513239277,2.4374997619555234,0.70022649750162291,4,0,1,1
97,69.999999999993619,1407.3448513239007,2.4374997619511829,0.70023822890129694,4,0,1,1
97.100000000000009,69.999999999993989,1407.3448513238748,2.4374997619499736,0.70024996027901809,4,0,1,1
97.200000000000003,69.999999999994344,1407.3448513238484,2.4374997619504701,0.70026169163478647,4,0,1,1
97.300000000000011,69.999999999994671,1407.3448513238229,2.4374997619466199,0.70027342296860184,4,0,1,1
97.400000000000006,69.999999999994984,1407.3448513237984,2.4374997619462482,0.70028515428046467,4,0,1,1
97.5,69.999999999995268,1407.344851323774,2.4374997619438901,0.70029688557037462,4,0,1,1
97.600000000000009,69.999999999995538,1407.3448513237508,2.4374997619448253,0.70030861683833179,4,0,1,1
97.700000000000003,69.999999999995794,1407.3448513237272,2.4374997619435907,0.70032034808433641,4,0,1,1
97.800000000000011,69.999999999996035,1407.3448513237054,2.4374997619415031,0.70033207930838814,4,0,1,1
97.900000000000006,69.999999999996263,1407.3448513236838,2.4374997619423606,0.70034381051048744,4,0,1,1
98,69.99999999999649,1407.3448513236619,2.4374997619405958,0.70035554169063385,4,0,1,1
98.100000000000009,69.999999999996689,1407.3448513236417,2.4374997619389407,0.70036727284882783,4,0,1,1
98.200000000000003,69.999999999996888,1407.3448513236217,2.4374997619392729,0.70037900398506925,4,0,1,1
98.300000000000011,69.999999999997058,1407.3448513236019,2.4374997619370462,0.70039073509935801,4,0,1,1
98.400000000000006,69.999999999997243,1407.3448513235835,2.4374997619380099,0.70040246619169444,4,0,1,1
98.5,69.999999999997399,1407.3448513235651,2.4374997619369108,0.70041419726207832,4,0,1,1
98.600000000000009,69.999999999997542,1407.3448513235473,2.4374997619356438,0.70042592831050965,4,0,1,1
98.700000000000003,69.999999999997698,1407.3448513235303,2.4374997619370089,0.70043765933698865,4,0,1,1
98.800000000000011,69.999999999997812,1407.3448513235135,2.4374997619331613,0.70044939034151543,4,0,1,1
98.900000000000006,69.999999999997954,1407.344851323498,2.4374997619356167,0.70046112132408955,4,0,1,1
99,69.999999999998067,1407.3448513234821,2.4374997619338683,0.70047285228471157,4,0,1,1
99.100000000000009,69.999999999998181,1407.3448513234669,2.4374997619332723,0.70048458322338103,4,0,1,1
99.200000000000003,69.99999999999828,1407.3448513234518,2.4374997619325036,0.70049631414009839,4,0,1,1
99.300000000000011,69.99999999999838,1407.3448513234389,2.4374997619316172,0.70050804503486352,4,0,1,1
99.400000000000006,69.999999999998479,1407.3448513234255,2.4374997619333882,0.70051977590767633,4,0,1,1
99.5,69.999999999998565,1407.3448513234118,2.4374997619326475,0.70053150675853704,4,0,1,1
99.600000000000009,69.99999999999865,1407.3448513233996,2.4374997619315422,0.70054323758744563,4,0,1,1
99.700000000000003,69.999999999998721,1407.3448513233875,2.437499761930602,0.70055496839440201,4,0,1,1
99.800000000000011,69.999999999998806,1407.3448513233757,2.4374997619325822,0.70056669917940628,4,0,1,1
99.900000000000006,69.999999999998863,1407.3448513233645,2.4374997619304342,0.70057842994245845,4,0,1,1
100,69.999999999998934,1407.3448513233541,2.4374997619307974,0.70059016068355873,4,0,1,1
100.10000000000001,69.999999999999005,1407.3448513233429,2.4374997619308134,0.70060189140270679,4,0,1,1
100.2,69.999999999999048,1407.3448513233329,2.4374997619285064,0.70061362209990308,4,0,1,1
100.30000000000001,69.999999999999105,1407.3448513233236,2.4374997619299221,0.70062535277514726,4,0,1,1
100.40000000000001,69.999999999999162,1407.3448513233143,2.4374997619300265,0.70063708342843956,4,0,1,1
100.5,69.999999999999218,1407.3448513233054,2.4374997619297827,0.70064881405977997,4,0,1,1
100.60000000000001,69.999999999999261,1407.3448513232968,2.4374997619294003,0.70066054466916849,4,0,1,1
100.7,69.999999999999304,1407.3448513232884,2.4374997619292085,0.70067227525660525,4,0,1,1
100.80000000000001,69.999999999999346,1407.3448513232802,2.437499761927683,0.70068400582209012,4,0,1,1
100.90000000000001,69.999999999999375,1407.3448513232731,2.4374997619288701,0.70069573636562321,4,0,1,1
101,69.999999999999417,1407.3448513232656,2.4374997619292866,0.70070746688720464,4,0,1,1
101.10000000000001,69.999999999999446,1407.3448513232584,2.4374997619280743,0.70071919738683419,4,0,1,1
101.2,69.999999999999474,1407.344851323252,2.4374997619285348,0.70073092786451219,4,0,1,1
101.30000000000001,69.999999999999517,1407.3448513232449,2.4374997619292063,0.70074265832023841,4,0,1,1
101.40000000000001,69.999999999999545,1407.3448513232386,2.4374997619270511,0.70075438875401308,4,0,1,1
101.5,69.999999999999559,1407.3448513232327,2.4374997619272398,0.70076611916583598,4,0,1,1
101.60000000000001,69.999999999999588,1407.3448513232267,2.4374997619276457,0.70077784955570754,4,0,1,1
101.7,69.999999999999602,1407.3448513232217,2.4374997619262238,0.70078957992362745,4,0,1,1
101.80000000000001,69.999999999999645,1407.3448513232165,2.4374997619297494,0.70080131026959591,4,0,1,1
101.90000000000001,69.999999999999645,1407.3448513232113,2.4374997619260932,0.70081304059361293,4,0,1,1
102,69.999999999999673,1407.344851323207,2.4374997619274565,0.7008247708956783,4,0,1,1
102.10000000000001,69.999999999999702,1407.3448513232015,2.4374997619292689,0.70083650117579221,4,0,1,1
102.2,69.999999999999716,1407.344851323197,2.4374997619250114,0.70084823143395503,4,0,1,1
102.30000000000001,69.99999999999973,1407.3448513231933,2.4374997619277434,0.70085996167016618,4,0,1,1
102.40000000000001,69.999999999999744,1407.344851323189,2.4374997619278238,0.70087169188442622,4,0,1,1
102.5,69.999999999999758,1407.3448513231851,2.437499761926758,0.70088342207673482,4,0,1,1
102.60000000000001,69.999999999999773,1407.3448513231813,2.4374997619274619,0.7008951522470922,4,0,1,1
102.7,69.999999999999787,1407.3448513231774,2.4374997619270609,0.70090688239549825,4,0,1,1
102.80000000000001,69.999999999999801,1407.3448513231745,2.4374997619272833,0.7009186125219532,4,0,1,1
102.90000000000001,69.999999999999815,1407.3448513231708,2.4374997619269219,0.70093034262645693,4,0,1,1
103,69.999999999999815,1407.3448513231674,2.4374997619265826,0.70094207270900943,4,0,1,1
103.10000000000001,69.999999999999829,1407.3448513231649,2.4374997619265089,0.70095380276961083,4,0,1,1
103.2,69.999999999999844,1407.3448513231617,2.4374997619281036,0.70096553280826102,4,0,1,1
103.30000000000001,69.999999999999858,1407.344851323159,2.4374997619268712,0.70097726282496031,4,0,1,1
103.40000000000001,69.999999999999858,1407.3448513231563,2.4374997619267482,0.7009889928197085,4,0,1,1
103.5,69.999999999999858,1407.3448513231538,2.4374997619267411,0.70100072279250558,4,0,1,1
103.60000000000001,69.999999999999872,1407.3448513231515,2.4374997619280876,0.70101245274335167,4,0,1,1
103.7,69.999999999999886,1407.3448513231488,2.4374997619270782,0.70102418267224698,4,0,1,1
103.80000000000001,69.999999999999886,1407.3448513231467,2.4374997619261141,0.70103591257919118,4,0,1,1
103.90000000000001,69.999999999999901,1407.3448513231447,2.4374997619272567,0.70104764246418461,4,0,1,1
104,69.999999999999901,1407.3448513231422,2.4374997619259409,0.70105937232722715,4,0,1,1
104.10000000000001,69.999999999999901,1407.3448513231406,2.4374997619262144,0.7010711021683188,4,0,1,1
104.2,69.999999999999915,1407.344851323139,2.4374997619269863,0.70108283198745969,4,0,1,1
104.30000000000001,69.999999999999915,1407.3448513231369,2.4374997619268512,0.70109456178464979,4,0,1,1
104.40000000000001,69.999999999999915,1407.3448513231349,2.4374997619263361,0.70110629155988924,4,0,1,1
104.5,69.999999999999929,1407.3448513231333,2.4374997619263623,0.70111802131317791,4,0,1,1
104.60000000000001,69.999999999999929,1407.3448513231317,2.4374997619259018,0.7011297510445158,4,0,1,1
104.7,69.999999999999943,1407.3448513231303,2.4374997619264431,0.70114148075390303,4,0,1,1
104.80000000000001,69.999999999999943,1407.3448513231285,2.4374997619264422,0.7011532104413396,4,0,1,1
104.90000000000001,69.999999999999943,1407.3448513231276,2.4374997619252428,0.70116494010682573,4,0,1,1
105,69.999999999999943,1407.3448513231265,2.4374997619270382,0.70117666975036119,4,0,1,1
105.10000000000001,69.999999999999957,1407.3448513231249,2.437499761926047,0.70118839937194621,4,0,1,1
105.2,69.999999999999957,1407.3448513231235,2.4374997619263925,0.70120012897158068,4,0,1,1
105.30000000000001,69.999999999999957,1407.3448513231224,2.4374997619258698,0.70121185854926449,4,0,1,1
105.40000000000001,69.999999999999957,1407.3448513231215,2.4374997619256922,0.70122358810499796,4,0,1,1
105.5,69.999999999999957,1407.3448513231208,2.4374997619268797,0.70123531763878089,4,0,1,1
105.60000000000001,69.999999999999957,1407.3448513231197,2.4374997619255505,0.70124704715061359,4,0,1,1
105.7,69.999999999999972,1407.3448513231187,2.4374997619274965,0.70125877664049596,4,0,1,1
105.80000000000001,69.999999999999972,1407.3448513231176,2.4374997619258352,0.70127050610842789,4,0,1,1
105.90000000000001,69.999999999999957,1407.3448513231169,2.4374997619255603,0.70128223555440961,4,0,1,1
106,69.999999999999972,1407.3448513231162,2.4374997619276395,0.70129396497844088,4,0,1,1
106.10000000000001,69.999999999999972,1407.3448513231151,2.4374997619256482,0.70130569438052204,4,0,1,1
106.2,69.999999999999972,1407.3448513231142,2.4374997619250007,0.70131742376065287,4,0,1,1
106.30000000000001,69.999999999999972,1407.3448513231137,2.437499761926599,0.7013291531188337,4,0,1,1
106.40000000000001,69.999999999999972,1407.3448513231133,2.4374997619268273,0.70134088245506421,4,0,1,1
106.5,69.999999999999972,1407.3448513231128,2.43749976192619,0.7013526117693446,4,0,1,1
106.60000000000001,69.999999999999986,1407.3448513231117,2.4374997619270418,0.701364341061675,4,0,1,1
106.7,69.999999999999972,1407.344851323111,2.4374997619249528,0.7013760703320554,4,0,1,1
106.80000000000001,69.999999999999986,1407.3448513231106,2.4374997619259737,0.70138779958048558,4,0,1,1
106.90000000000001,69.999999999999986,1407.3448513231099,2.4374997619266607,0.70139952880696566,4,0,1,1
107,69.999999999999972,1407.3448513231097,2.4374997619255288,0.70141125801149595,4,0,1,1
107.10000000000001,69.999999999999986,1407.3448513231092,2.4374997619273504,0.70142298719407625,4,0,1,1
107.2,69.999999999999986,1407.3448513231085,2.4374997619263135,0.70143471635470667,4,0,1,1
107.30000000000001,69.999999999999986,1407.3448513231083,2.4374997619256527,0.70144644549338708,4,0,1,1
107.40000000000001,69.999999999999986,1407.3448513231078,2.4374997619269312,0.70145817461011772,4,0,1,1
107.5,69.999999999999986,1407.3448513231074,2.437499761926043,0.70146990370489859,4,0,1,1
107.60000000000001,69.999999999999986,1407.3448513231072,2.4374997619265826,0.70148163277772968,4,0,1,1
107.7,69.999999999999986,1407.3448513231067,2.43749976192588,0.70149336182861088,4,0,1,1
107.80000000000001,69.999999999999986,1407.344851323106,2.437499761926933,0.70150509085754242,4,0,1,1
107.90000000000001,69.999999999999986,1407.3448513231058,2.4374997619267211,0.70151681986452408,4,0,1,1
108,69.999999999999986,1407.3448513231058,2.4374997619267784,0.70152854884955618,4,0,1,1
108.10000000000001,69.999999999999986,1407.3448513231053,2.4374997619262633,0.70154027781263861,4,0,1,1
108.2,69.999999999999986,1407.3448513231053,2.4374997619262895,0.7015520067537715,4,0,1,1
108.30000000000001,69.999999999999986,1407.3448513231049,2.4374997619272598,0.70156373567295471,4,0,1,1
108.40000000000001,69.999999999999986,1407.3448513231046,2.4374997619265226,0.70157546457018838,4,0,1,1
108.5,69.999999999999986,1407.344851323104,2.4374997619272203,0.70158719344547249,4,0,1,1
108.60000000000001,69.999999999999986,1407.344851323104,2.4374997619263099,0.70159892229880716,4,0,1,1
108.7,70,1407.3448513231035,2.437499761925404,0.70161065113019239,4,0,1,1
108.80000000000001,69.999999999999986,1407.3448513231033,2.4374997619256913,0.70162237993962806,4,0,1,1
108.90000000000001,69.999999999999986,1407.3448513231033,2.4374997619261412,0.7016341087271144,4,0,1,1
109,70,1407.3448513231033,2.4374997619269165,0.7016458374926513,4,0,1,1
109.10000000000001,70,1407.3448513231031,2.4374997619263259,0.70165756623623876,4,0,1,1
109.2,70,1407.3448513231024,2.4374997619258223,0.70166929495787711,4,0,1,1
109.30000000000001,70,1407.3448513231024,2.4374997619255105,0.70168102365756613,4,0,1,1
109.40000000000001,70,1407.3448513231024,2.4374997619259449,0.70169275233530581,4,0,1,1
109.5,70,1407.3448513231019,2.4374997619259351,0.70170448099109617,4,0,1,1
109.60000000000001,70,1407.3448513231017,2.4374997619256473,0.70171620962493764,4,0,1,1
109.7,70,1407.3448513231017,2.4374997619265675,0.70172793823682966,4,0,1,1
109.80000000000001,70,1407.3448513231017,2.4374997619254155,0.70173966682677247,4,0,1,1
109.90000000000001,69.999999999999986,1407.3448513231017,2.4374997619268131,0.70175139539476639,4,0,1,1
110,70,1407.3448513231015,2.4374997619270826,0.70176312394081108,4,0,1,1
110.10000000000001,69.999999999999986,1407.3448513231012,2.4374997619245544,0.70177485246490678,4,0,1,1
110.2,69.999999999999986,1407.3448513231017,2.4374997619266692,0.70178658096705337,4,0,1,1
110.30000000000001,70,1407.3448513231012,2.4374997619271461,0.70179830944725108,4,0,1,1
110.40000000000001,70,1407.3448513231006,2.4374997619256646,0.70181003790549978,4,0,1,1
110.5,70,1407.3448513231008,2.4374997619259013,0.70182176634179949,4,0,1,1
110.60000000000001,69.999999999999986,1407.3448513231006,2.4374997619259222,0.70183349475615031,4,0,1,1
110.7,70,1407.3448513231008,2.4374997619263472,0.70184522314855236,4,0,1,1
110.80000000000001,70,1407.3448513231003,2.4374997619256811,0.70185695151900551,4,0,1,1
110.90000000000001,70,1407.3448513231006,2.4374997619256438,0.70186867986750967,4,0,1,1
111,70,1407.3448513231003,2.4374997619259888,0.70188040819406528,4,0,1,1
111.10000000000001,69.809660151306502,1400.0834427698589,-13.169474292859556,0.70190583110640037,2,1,0,0
111.2,69.551443448415668,1407.6231247063679,-12.797693804727992,0.70191162766815784,2,1,0,0
111.30000000000001,69.310646580170456,1410.6819621699017,-13.263389962447212,0.70191957544157957,2,1,0,0
111.40000000000001,69.067796057872485,1408.1281888677888,-13.339972833716111,0.70192930183071267,2,1,0,0
111.5,68.823751047567612,1406.141185478933,-13.373700440407251,0.7019388241523814,2,1,0,0
111.60000000000001,68.578730872055687,1404.1782454596935,-13.397657321406593,0.70194836445003772,2,1,0,0
111.7,68.332895273877355,1402.1876941977555,-13.415911097461995,0.70195792077633445,2,1,0,0
111.80000000000001,68.08638698467449,1400.1867426584449,-13.421745222876742,0.70196747770687029,2,1,0,0
111.90000000000001,67.839323685261462,1398.175638235057,-13.421989802829478,0.70197702744888502,2,1,0,0
112,67.591794496354197,1396.1549642739324,-13.417691700487678,0.70198656382781777,2,1,0,0
112.10000000000001,67.343884675523213,1394.1256501166447,-13.414693157710769,0.70199608083095966,2,1,0,0
112.2,67.095654722323644,1392.0883160745896,-13.403076014582108,0.70200557419718024,2,1,0,0
112.30000000000001,66.847158617614596,1390.0435385956082,-13.387429319839216,0.70201504010289906,2,1,0,0
112.40000000000001,66.598440901812566,1387.9918271043484,-13.368437687379595,0.70202447536022849,2,1,0,0
112.5,66.349538349141923,1385.9336248292145,-13.346662440736743,0.70203387730366473,2,1,0,0
112.60000000000001,66.100481342068534,1383.8693210912108,-13.322564211848231,0.70204324369375626,2,1,0,0
112.7,65.851294998072845,1381.7992612165322,-13.296521185503424,0.70205257263926624,2,1,0,0
112.80000000000001,65.602000101490205,1379.7237529361855,-13.268844141739075,0.70206186253402081,2,1,0,0
112.90000000000001,65.352613865511415,1377.6430721179279,-13.239787797975803,0.7020711120053944,2,1,0,0
113,65.10315056071299,1375.5574679247461,-13.209562362919533,0.70208031987205555,2,1,0,0
113.10000000000001,64.853622032978677,1373.467166672029,-13.178339683254787,0.70208948510960467,2,1,0,0
113.2,64.604038127091314,1371.3723751923017,-13.146262115045127,0.70209860682252523,2,1,0,0
113.30000000000001,64.354407038114985,1369.2732836208954,-13.113446002103935,0.70210768422116998,2,1,0,0
113.40000000000001,64.104735598269428,1367.170067664119,-13.079987924209316,0.70211671660305064,2,1,0,0
113.5,63.855029514697812,1365.0628905172641,-13.045966928560841,0.70212570333747126,2,1,0,0
113.60000000000001,63.605293563668596,1362.9519045412371,-13.01144876827891,0.70213464385299718,2,1,0,0
113.7,63.355531751640356,1360.8372524978897,-12.976487429071895,0.70214353762716797,2,1,0,0
113.80000000000001,63.10574744875619,1358.7190686726262,-12.941127889712812,0.70215238417806547,2,1,0,0
113.90000000000001,62.855943496248869,1356.5974798935383,-12.905407047886717,0.70216118305749964,2,1,0,0
114,62.606122296593838,1354.4726061634869,-12.869356100361717,0.70216993384583348,2,1,0,0
114.10000000000001,62.356285889373567,1352.3445617588586,-12.833000428742993,0.70217863614578491,2,1,0,0
114.2,62.106436009843833,1350.2134552428649,-12.796361648796118,0.70218728957975118,2,1,0,0
114.30000000000001,61.856574140438191,1348.0793901235515,-12.759457630208049,0.702195893787666,2,1,0,0
114.40000000000001,61.606701554067442,1345.9424655288733,-12.722303474534955,0.70220444842282104,2,1,0,0
114.5,61.356819346034499,1343.8027762749507,-12.684911670068148,0.70221295315073451,2,1,0,0
114.60000000000001,61.106928464276464,1341.6604135170846,-12.647293215264286,0.70222140764628338,2,1,0,0
114.7,60.857029732274306,1339.5154645476637,-12.609456853353185,0.70222981159301445,2,1,0,0
114.80000000000001,60.607123868489076,1337.3680132881691,-12.571410688938739,0.70223816468271094,2,1,0,0
114.90000000000001,60.357211503414291,1335.2181406012937,-12.533161030823756,0.70224646661326007,2,1,0,0
115,60.107293191800814,1333.065924262065,-12.494713873258382,0.70225471708848586,2,1,0,0
115.10000000000001,59.857369425047594,1330.9114394042551,-12.456073998779175,0.70226291581677724,2,1,0,0
115.2,59.607440639840789,1328.7547582998775,-12.417245841274225,0.70227106251101046,2,1,0,0
115.30000000000001,59.357507225967368,1326.5959507136488,-12.378233155629681,0.70227915688850784,2,1,0,0
115.40000000000001,59.107569533521939,1324.4350840471736,-12.33903933310498,0.70228719866996514,2,1,0,0
115.5,58.857627877253272,1322.2722233347863,-12.29966731629615,0.70229518757950804,2,1,0,0
115.60000000000001,58.607682542166842,1320.1074315374151,-12.260119890715304,0.70230312334400491,2,1,0,0
115.7,58.357733786751311,1317.9407693659953,-12.220399346098391,0.70231100569312221,2,1,0,0
115.80000000000001,58.107781846638829,1315.7722955212032,-12.180508053646049,0.70231883435936393,2,1,0,0
115.90000000000001,57.857826937231117,1313.6020668231786,-12.140447841227981,0.70232660907752531,2,1,0,0
116,57.60786925569812,1311.4301381621567,-12.100220769536385,0.70233432958476416,2,1,0,0
116.10000000000001,57.357908983691132,1309.2565627431361,-12.059828401776306,0.70234199562022825,2,1,0,0
116.2,57.107946288404541,1307.0813919315758,-12.019272469736602,0.70234960692513659,2,1,0,0
116.30000000000001,56.85798132441964,1304.9046754534934,-11.978554413338832,0.70235716324281772,2,1,0,0
116.40000000000001,56.608014235009797,1302.7264614621731,-11.93767570235528,0.70236466431840594,2,1,0,0
116.5,56.358045152836901,1300.5467965233183,-11.896637655250046,0.70237210989890542,2,1,0,0
116.60000000000001,56.108074201360971,1298.3657258058461,-11.855441612424961,0.7023794997329732,2,1,0,0
116.7,55.858101495364728,1296.1832929407885,-11.81408874436152,0.70238683357097997,2,1,0,0
116.80000000000001,55.608127142164612,1293.9995401792962,-11.772580311996405,0.70239411116503658,2,1,0,0
116.90000000000001,55.358151241704931,1291.8145084781677,-11.730917336519656,0.70240133226882995,2,1,0,0
117,55.108173887242515,1289.6282374457123,-11.689101065330016,0.70240849663765259,2,1,0,0
117.10000000000001,54.858195166254866,1287.4407655243833,-11.647132422736941,0.70241560402827452,2,1,0,0
117.2,54.608215160384823,1285.2521298576964,-11.605012555079494,0.70242265419899275,2,1,0,0
117.30000000000001,54.358233946399423,1283.0623664387795,-11.562742388939629,0.70242964690963461,2,1,0,0
117.40000000000001,54.108251596152769,1280.871510154843,-11.520322938452139,0.70243658192146707,2,1,0,0
117.5,53.858268176921534,1278.6795947600028,-11.477755153568069,0.70244345899721272,2,1,0,0
117.60000000000001,53.608283751942423,1276.4866530351705,-11.435039975786555,0.70245027790097336,2,1,0,0
117.7,53.358298380422063,1274.2927166499594,-11.39217831319816,0.70245703839826135,2,1,0,0
117.80000000000001,53.108312118486204,1272.0978162919523,-11.349171089462871,0.70246374025598268,2,1,0,0
117.90000000000001,52.858325018455531,1269.9019817341459,-11.306019106885422,0.70247038324240818,2,1,0,0
118,52.608337129447577,1267.7052417735324,-11.262723365883268,0.70247696712716168,2,1,0,0
118.10000000000001,52.358348497887654,1265.5076243908254,-11.219284584426543,0.70248349168118496,2,1,0,0
118.2,52.108359167137472,1263.3091566164599,-11.175703720336807,0.70248995667676029,2,1,0,0
118.30000000000001,51.858369178474959,1261.1098646561697,-11.131981522443338,0.70249636188746689,2,1,0,0
118.40000000000001,51.608378570418033,1258.9097739305453,-11.08811883164074,0.70250270708819496,2,1,0,0
118.5,51.358387379131102,1256.7089090314714,-11.044116483111086,0.70250899205511919,2,1,0,0
118.60000000000001,51.108395638769252,1254.5072938736027,-10.999975243243847,0.70251521656569638,2,1,0,0
118.7,50.858403381227582,1252.3049515479202,-10.955695933731977,0.7025213803986704,2,1,0,0
118.80000000000001,50.608410637242464,1250.1019044347472,-10.911279330432189,0.70252748333401172,2,1,0,0
118.90000000000001,50.35841743518035,1247.8981742684389,-10.866726142772306,0.7025335251529683,2,1,0,0
119,50.108423801662596,1245.6937820643145,-10.822037272794004,0.7025395056380217,2,1,0,0
119.10000000000001,50.053381607923107,1246.2730613207302,0.79679611269598305,0.7025334838533146,3,1,1,0
119.2,50.044102953013947,1246.2466813685701,0.7079013797290048,0.70252606463637135,5,1,1,1
119.30000000000001,50.045723905490135,1226.2582436174814,1.816194916836972,0.70252896861070568,4,0,1,1
119.40000000000001,50.048302547227344,1218.7979604140814,0.5975604430303092,0.702538536735136,4,0,1,1
119.5,50.041715682380605,1218.780767617571,0.57328059552188049,0.70254962752010164,4,0,1,1
119.60000000000001,50.035521074971165,1219.4418837340895,0.62570742293053561,0.70256077661149108,4,0,1,1
119.7,50.030309178261554,1220.1247087196402,0.65643281716026791,0.70257187676655075,4,0,1,1
119.80000000000001,50.025953606852113,1220.779530581143,0.70388551609986005,0.70258292985293036,4,0,1,1
119.90000000000001,50.022309489451757,1221.403923664175,0.7145727028715414,0.70259394401352415,4,0,1,1
120,50.019251399903219,1221.9989768304708,0.7354677491911833,0.7026049266294605,4,0,1,1
120.10000000000001,50.016684282073712,1222.5659014175362,0.76016194928876402,0.70261588331310942,4,0,1,1
120.2,50.014523879941741,1223.1059370911744,0.78059846295114332,0.70262681902557789,4,0,1,1
120.30000000000001,50.012700892810578,1223.6202945621244,0.79754396864889421,0.70263773783223715,4,0,1,1
120.40000000000001,50.011158068770015,1224.1101329556332,0.8116075413863203,0.70264864307352415,4,0,1,1
120.5,50.009848173623048,1224.5765733940048,0.82328712721989594,0.70265953748463328,4,0,1,1
120.60000000000001,50.008732248877749,1225.020692840206,0.83300944787172149,0.70267042330290341,4,0,1,1
120.7,50.007778060848395,1225.4435237163252,0.84110642048852502,0.70268130235883353,4,0,1,1
120.80000000000001,50.006959014448327,1225.8460586470367,0.84786632631853698,0.70269217614365997,4,0,1,1
120.90000000000001,50.006253085994821,1226.2292462460709,0.85351882425370573,0.7027030458735033,4,0,1,1
121,50.005642055514635,1226.5939959817624,0.85825439715916296,0.70271391253604942,4,0,1,1
121.10000000000001,50.005110834407148,1226.9411771849227,0.86223288563829892,0.70272477693211843,4,0,1,1
121.2,50.004646899769881,1227.2716206349412,0.86558167613713854,0.70273563970958308,4,0,1,1
121.30000000000001,50.004239867623603,1227.5861205135702,0.86840971062610639,0.7027465013899411,4,0,1,1
121.40000000000001,50.003881099286772,1227.885434588939,0.87080442477617359,0.70275736239210207,4,0,1,1
121.5,50.003563408512107,1228.1702865452739,0.87283881502103566,0.70276822305031506,4,0,1,1
121.60000000000001,50.003280805000429,1228.4413666662281,0.87457348364783094,0.70277908362989849,4,0,1,1
121.7,50.003028284579422,1228.6993333852945,0.87605758811359424,0.70278994433986997,4,0,1,1
121.80000000000001,50.002801663342453,1228.9448146630341,0.87733271867160423,0.70280080534314437,4,0,1,1
121.90000000000001,50.00259743127954,1229.1784090372994,0.8784325857946873,0.70281166676531703,4,0,1,1
122,50.002412639919861,1229.4006871197535,0.8793854219512699,0.70282252870146666,4,0,1,1
122.10000000000001,50.002244804775955,1229.6121926306364,0.88021460456808875,0.70283339122202526,4,0,1,1
122.2,50.002091826366481,1229.81344366703,0.88093935251535849,0.70284425437746523,4,0,1,1
122.30000000000001,50.001951926016062,1230.0049338371023,0.88157584859010563,0.70285511820214042,4,0,1,1
122.40000000000001,50.001823590798168,1230.1871333206739,0.88213735822715666,0.70286598271750889,4,0,1,1
122.5,50.00170553014194,1230.3604899876946,0.88263503578322877,0.70287684793467498,4,0,1,1
122.60000000000001,50.001596638540548,1230.5254303710585,0.88307815049394711,0.70288771385654603,4,0,1,1
122.7,50.001495965352362,1230.6823606758928,0.88347442310723656,0.70289858047955167,4,0,1,1
122.80000000000001,50.001402689842486,1230.8316677119522,0.8838303618390162,0.70290944779505604,4,0,1,1
122.90000000000001,50.001316100119155,1230.9737197895865,0.88415138069035693,0.70292031579052039,4,0,1,1
123,50.001235576166906,1231.1088675951908,0.88444206188969321,0.70293118445042724,4,0,1,1
123.10000000000001,50.001160575377781,1231.2374450052582,0.88470625669356684,0.7029420537570511,4,0,1,1
123.2,50.001090620750496,1231.3597698845654,0.88494721787108677,0.70295292369106788,4,0,1,1
123.30000000000001,50.001025291027688,1231.4761448374777,0.88516771524901572,0.70296379423205324,4,0,1,1
123.40000000000001,50.000964212418438,1231.5868579287683,0.88537009252522381,0.70297466535888276,4,0,1,1
123.5,50.000907051801121,1231.6921833744991,0.88555636172085317,0.70298553705004896,4,0,1,1
123.60000000000001,50.0008535109421,1231.7923821962636,0.88572824098935476,0.70299640928391871,4,0,1,1
123.7,50.000803321719886,1231.8877028505431,0.88588721164998896,0.70300728203893192,4,0,1,1
123.80000000000001,50.000756242091917,1231.9783818255576,0.88603455382799179,0.70301815529375999,4,0,1,1
123.90000000000001,50.000712052695121,1232.0646442120196,0.88617137776848687,0.70302902902742859,4,0,1,1
124,50.000670554000557,1232.146704247381,0.88629865223419446,0.70303990321940912,4,0,1,1
124.10000000000001,50.000631563881306,1232.224765833771,0.88641722582362825,0.70305077784969061,4,0,1,1
124.2,50.000594915566978,1232.2990230327812,0.88652784428918985,0.70306165289882838,4,0,1,1
124.30000000000001,50.000560455892227,1232.3696605361627,0.88663116852939006,0.70307252834798162,4,0,1,1
124.40000000000001,50.000528043801253,1232.4368541147887,0.8867277835036782,0.70308340417893533,4,0,1,1
124.5,50.000497549068214,1232.5007710464065,0.88681821302968566,0.70309428037411381,4,0,1,1
124.60000000000001,50.000468851189574,1232.5615705229297,0.88690292464414988,0.70310515691658582,4,0,1,1
124.7,50.00044183843049,1232.6194040387854,0.88698234060167913,0.70311603379006427,4,0,1,1
124.80000000000001,50.000416406993423,1232.6744157605156,0.88705684105634286,0.70312691097889957,4,0,1,1
124.90000000000001,50.000392460293199,1232.7267428790572,0.8871267719808511,0.7031377884680704,4,0,1,1
125,50.000369908322128,1232.7765159451424,0.88719244717702117,0.70314866624317163,4,0,1,1
125.10000000000001,50.000348667089213,1232.8238591887698,0.88725415437291999,0.7031595442903984,4,0,1,1
125.2,50.000328658125369,1232.8688908234494,0.88731215606028324,0.70317042259653062,4,0,1,1
125.30000000000001,50.000309808042466,1232.9117233359311,0.88736669460645834,0.70318130114891508,4,0,1,1
125.40000000000001,50.000292048140125,1232.9524637620796,0.88741799216437545,0.70319217993544647,4,0,1,1
125.5,50.000275314052857,1232.9912139496112,0.8874662550726401,0.70320305894454982,4,0,1,1
125.60000000000001,50.000259545432215,1233.0280708082012,0.8875116732184265,0.70321393816516042,4,0,1,1
125.7,50.000244685659503,1233.063126547697,0.88755442382401972,0.70322481758670519,4,0,1,1
125.80000000000001,50.000230681584846,1233.0964689048487,0.88759467052004559,0.70323569719908352,4,0,1,1
125.90000000000001,50.000217483289553,1233.1281813592459,0.88763256662806989,0.70324657699264881,4,0,1,1
126,50.000205043868938,1233.1583433388416,0.88766825407739769,0.70325745695819009,4,0,1,1
126.10000000000001,50.000193319233091,1233.1870304156707,0.88770186629671588,0.70326833708691394,4,0,1,1
126.2,50.000182267923812,1233.2143144921267,0.88773352702592723,0.70327921737042742,4,0,1,1
126.30000000000001,50.00017185094574,1233.240263978342,0.88776335293262132,0.70329009780072027,4,0,1,1
126.40000000000001,50.000162031610373,1233.264943961,0.88779145234282308,0.70330097837014938,4,0,1,1
126.5,50.000152775391236,1233.2884163637605,0.88781792764168344,0.7033118590714329,4,0,1,1
126.60000000000001,50.000144049791182,1233.3107401011187,0.88784287394150008,0.70332273989761374,4,0,1,1
126.7,50.000135824215519,1233.3319712237655,0.88786638150017738,0.70333362084204565,4,0,1,1
126.80000000000001,50.00012806985665,1233.3521630560576,0.8878885337905027,0.70334450189839981,4,0,1,1
126.90000000000001,50.00012075958827,1233.371366329101,0.88790941060435036,0.70335538306063994,4,0,1,1
127,50.000113867860648,1233.3896293072157,0.88792908570037576,0.70336626432301019,4,0,1,1
127.10000000000001,50.000107370611936,1233.4069979022163,0.88794762962810969,0.7033771456800223,4,0,1,1
127.2,50.000101245161545,1233.4235157978092,0.88796510642794091,0.70338802712644344,4,0,1,1
127.30000000000001,50.000095470165881,1233.4392245482941,0.88798158001458483,0.7033989086572825,4,0,1,1
127.40000000000001,50.000090025499212,1233.4541636820823,0.88799710784999764,0.70340979026778361,4,0,1,1
127.5,50.000084892197492,1233.468370808057,0.88801174298167895,0.70342067195341162,4,0,1,1
127.60000000000001,50.00008005240786,1233.481881696996,0.88802553991303634,0.70343155370984389,4,0,1,1
127.7,50.000075489278949,1233.4947303832319,0.88803854357983669,0.70344243553296026,4,0,1,1
127.80000000000001,50.000071186963943,1233.5069492400607,0.88805080260215397,0.70345331741883199,4,0,1,1
127.90000000000001,50.000067130505599,1233.5185690609787,0.88806235913667109,0.70346419936371629,4,0,1,1
128,50.000063305811871,1233.5296191425289,0.88807325189786845,0.70347508136404491,4,0,1,1
128.09999999999999,50.000059699612898,1233.5401273487857,0.88808352225368559,0.70348596341641723,4,0,1,1
128.20000000000002,50.000056299381058,1233.5501201872009,0.88809320254538204,0.70349684551759373,4,0,1,1
128.30000000000001,50.000053093328297,1233.5596228742613,0.8881023290924982,0.70350772766448511,4,0,1,1
128.40000000000001,50.000050070337622,1233.5686593933412,0.88811093338165326,0.70351860985414871,4,0,1,1
128.5,50.000047219926621,1233.577252557335,0.88811904462474267,0.70352949208378068,4,0,1,1
128.59999999999999,50.000044532217089,1233.5854240682397,0.88812669150167856,0.70354037435070882,4,0,1,1
128.70000000000002,50.000041997899118,1233.5931945674624,0.88813390081585397,0.70355125665238727,4,0,1,1
128.80000000000001,50.000039608195721,1233.6005836895611,0.88814069752292657,0.70356213898639008,4,0,1,1
128.90000000000001,50.000037354835861,1233.6076101101353,0.8881471055524327,0.70357302135040556,4,0,1,1
129,50.000035230021048,1233.6142915910748,0.88815314709092397,0.70358390374223223,4,0,1,1
129.09999999999999,50.000033226396276,1233.6206450291777,0.88815884265998835,0.703594786159772,4,0,1,1
129.20000000000002,50.000031337035743,1233.6266864946624,0.88816421279999591,0.70360566860102625,4,0,1,1
129.30000000000001,50.000029555404282,1233.6324312731481,0.8881692758462113,0.70361655106409104,4,0,1,1
129.40000000000001,50.000027875346177,1233.637893903162,0.88817404939194289,0.7036274335471524,4,0,1,1
129.5,50.000026291056102,1233.6430882112875,0.88817855042911609,0.70363831604848248,4,0,1,1
129.59999999999999,50.00002479705806,1233.6480273500752,0.88818279358656305,0.70364919856643571,4,0,1,1
129.70000000000002,50.000023388196432,1233.6527238282424,0.88818679477516949,0.703660081099444,4,0,1,1
129.80000000000001,50.000022059605051,1233.6571895431994,0.88819056708093302,0.70367096364601434,4,0,1,1
129.90000000000001,50.000020806700796,1233.6614358104941,0.88819412403556486,0.70368184620472418,4,0,1,1
130,50.000019625160952,1233.6654733910443,0.88819747792591963,0.70369272877421862,4,0,1,1
130.09999999999999,50.000018510907687,1233.669312520801,0.88820063993723242,0.70370361135320769,4,0,1,1
130.20000000000002,50.00001746010193,1233.6729629342558,0.88820362162388489,0.70371449394046215,4,0,1,1
130.30000000000001,50.000016469119615,1233.6764338898226,0.88820643301232993,0.70372537653481149,4,0,1,1
130.40000000000001,50.0000155345476,1233.6797341927702,0.88820908386862385,0.70373625913514115,4,0,1,1
130.5,50.000014653166382,1233.6828722164516,0.88821158365548569,0.70374714174038944,4,0,1,1
130.59999999999999,50.000013821938737,1233.685855925411,0.88821394036888668,0.70375802434954571,4,0,1,1
130.70000000000002,50.000013038005228,1233.6886928937429,0.88821616293518701,0.70376890696164685,4,0,1,1
130.80000000000001,50.000012298666363,1233.6913903248433,0.88821825850119507,0.70377978957577614,4,0,1,1
130.90000000000001,50.000011601379683,1233.6939550693025,0.88822023463748956,0.7037906721910604,4,0,1,1
131,50.000010943746901,1233.6963936414224,0.88822209810047359,0.70380155480666828,4,0,1,1
131.09999999999999,50.000010323505371,1233.6987122372386,0.88822385511796764,0.70381243742180832,4,0,1,1
131.20000000000002,50.000009738524867,1233.7009167488213,0.8882255120682444,0.70382332003572667,4,0,1,1
131.30000000000001,50.000009186794173,1233.7030127796793,0.88822707453263872,0.70383420264770546,4,0,1,1
131.40000000000001,50.000008666419049,1233.7050056586779,0.888228547891734,0.70384508525706158,4,0,1,1
131.5,50.000008175612528,1233.7069004529224,0.88822993742719436,0.70385596786314397,4,0,1,1
131.59999999999999,50.000007712688756,1233.70870198178,0.88823124752905103,0.70386685046533315,4,0,1,1
131.70000000000002,50.000007276060323,1233.710414828043,0.88823248318852543,0.70387773306303947,4,0,1,1
131.80000000000001,50.000006864228567,1233.7120433499144,0.88823364832496399,0.70388861565570116,4,0,1,1
131.90000000000001,50.000006475781888,1233.713591691856,0.88823474717520867,0.70389949824278353,4,0,1,1
132,50.000006109388586,1233.7150637946111,0.88823578344902765,0.70391038082377744,4,0,1,1
132.09999999999999,50.000005763792203,1233.7164634061344,0.8882367606331345,0.70392126339819872,4,0,1,1
132.20000000000002,50.000005437809691,1233.7177940902814,0.88823768223224442,0.7039321459655854,4,0,1,1
132.30000000000001,50.000005130324034,1233.7190592361517,0.88823855137344687,0.70394302852549862,4,0,1,1
132.40000000000001,50.000004840283083,1233.7202620665255,0.88823937100758665,0.70395391107752003,4,0,1,1
132.5,50.000004566694201,1233.7214056456764,0.88824014409878116,0.70396479362125175,4,0,1,1
132.59999999999999,50.000004308620795,1233.7224928878686,0.88824087304823329,0.70397567615631507,4,0,1,1
132.70000000000002,50.00000406518096,1233.7235265641416,0.88824156065632742,0.70398655868234894,4,0,1,1
132.80000000000001,50.000003835541953,1233.724509309571,0.88824220906848073,0.7039974411990102,4,0,1,1
132.90000000000001,50.000003618919408,1233.7254436298447,0.88824282066198113,0.70400832370597199,4,0,1,1
133,50.000003414573243,1233.7263319073377,0.8882433974698285,0.70401920620292313,4,0,1,1
133.09999999999999,50.000003221805159,1233.7271764077318,0.8882439414516955,0.70403008868956773,4,0,1,1
133.20000000000002,50.000003039957583,1233.7279792852939,0.88824445452854695,0.7040409711656237,4,0,1,1
133.30000000000001,50.000002868409588,1233.7287425885377,0.88824493845838015,0.70405185363082279,4,0,1,1
133.40000000000001,50.000002706576296,1233.7294682653273,0.88824539485801401,0.70406273608490966,4,0,1,1
133.5,50.000002553905787,1233.7301581676188,0.88824582539343644,0.70407361852764128,4,0,1,1
133.59999999999999,50.000002409877318,1233.7308140566022,0.88824623137557968,0.70408450095878639,4,0,1,1
133.70000000000002,50.000002274000501,1233.7314376068168,0.88824661438344943,0.70409538337812461,4,0,1,1
133.80000000000001,50.000002145812203,1233.7320304105531,0.88824697558177867,0.70410626578544655,4,0,1,1
133.90000000000001,50.00000202487621,1233.7325939818311,0.88824731631727127,0.70411714818055271,4,0,1,1
134,50.000001910780853,1233.7331297600799,0.88824763769388648,0.70412803056325346,4,0,1,1
134.09999999999999,50.000001803137714,1233.7336391141459,0.88824794082236924,0.70413891293336794,4,0,1,1
134.20000000000002,50.000001701580942,1233.734123345494,0.88824822674911963,0.70414979529072408,4,0,1,1
134.30000000000001,50.0000016057651,1233.7345836916338,0.88824849646990967,0.70416067763515866,4,0,1,1
134.40000000000001,50.000001515364708,1233.7350213292111,0.88824875086452404,0.7041715599665157,4,0,1,1
134.5,50.000001430072686,1233.7354373768756,0.88824899087631592,0.70418244228464721,4,0,1,1
134.59999999999999,50.000001349599174,1233.7358328983939,0.88824921721475725,0.70419332458941175,4,0,1,1
134.70000000000002,50.000001273671266,1233.7362089051458,0.88824943077682028,0.70420420688067553,4,0,1,1
134.80000000000001,50.000001202031164,1233.7365663587855,0.8882496321913893,0.70421508915831066,4,0,1,1
134.90000000000001,50.000001134435998,1233.7369061736497,0.88824982222298876,0.70422597142219578,4,0,1,1
135,50.00000107065663,1233.7372292189848,0.88825000147023514,0.704236853672215,4,0,1,1
135.09999999999999,50.000001010476723,1233.7375363213721,0.8882501705647774,0.7042477359082584,4,0,1,1
135.20000000000002,50.000000953692613,1233.7378282666655,0.88825033007449516,0.70425861813022106,4,0,1,1
135.30000000000001,50.000000900111885,1233.7381058020669,0.88825048056698708,0.70426950033800351,4,0,1,1
135.40000000000001,50.000000849553274,1233.7383696379932,0.88825062251624098,0.70428038253151104,4,0,1,1
135.5,50.000000801845722,1233.7386204498139,0.88825075646158524,0.70429126471065318,4,0,1,1
135.59999999999999,50.000000756827781,1233.738858879733,0.88825088278490827,0.70430214687534398,4,0,1,1
135.70000000000002,50.000000714347358,1233.7390855382982,0.88825100199644857,0.70431302902550219,4,0,1,1
135.80000000000001,50.000000674260868,1233.7393010060136,0.8882511144333799,0.70432391116104953,4,0,1,1
135.90000000000001,50.000000636432937,1233.7395058347959,0.88825122053485783,0.7043347932819124,4,0,1,1
136,50.000000600735881,1233.7397005493183,0.88825132061970102,0.70434567538802018,4,0,1,1
136.09999999999999,50.000000567049121,1233.7398856484799,0.88825141505315508,0.70435655747930614,4,0,1,1
136.20000000000002,50.000000535259126,1233.7400616065763,0.88825150413807119,0.70436743955570624,4,0,1,1
136.30000000000001,50.000000505258626,1233.7402288745552,0.88825158820223327,0.70437832161716007,4,0,1,1
136.40000000000001,50.00000047694656,1233.7403878811467,0.88825166749750273,0.7043892036636098,4,0,1,1
136.5,50.000000450227567,1233.7405390339122,0.8882517423375339,0.70440008569500057,4,0,1,1
136.59999999999999,50.000000425011592,1233.7406827203797,0.88825181291976474,0.7044109677112802,4,0,1,1
136.70000000000002,50.000000401213832,1233.7408193089625,0.88825187954293916,0.70442184971239896,4,0,1,1
136.80000000000001,50.000000378754173,1233.7409491499284,0.88825194238243343,0.70443273169830978,4,0,1,1
136.90000000000001,50.00000035755712,1233.7410725762829,0.88825200169220264,0.70444361366896713,4,0,1,1
137,50.00000033755142,1233.7411899045812,0.88825205764189707,0.70445449562432882,4,0,1,1
137.09999999999999,50.000000318669812,1233.7413014358142,0.88825211044242625,0.70446537756435379,4,0,1,1
137.20000000000002,50.000000300848946,1233.7414074561184,0.88825216025426468,0.70447625948900339,4,0,1,1
137.30000000000001,50.000000284028943,1233.7415082375355,0.88825220726899312,0.70448714139824065,4,0,1,1
137.40000000000001,50.0000002681534,1233.7416040386931,0.88825225161817889,0.70449802329203071,4,0,1,1
137.5,50.000000253169098,1233.7416951054367,0.88825229348432,0.70450890517033982,4,0,1,1
137.59999999999999,50.000000239025745,1233.7417816715219,0.88825233297020922,0.70451978703313656,4,0,1,1
137.70000000000002,50.000000225675997,1233.7418639591635,0.88825237024953296,0.70453066888039062,4,0,1,1
137.80000000000001,50.000000213075126,1233.7419421796253,0.88825240541204131,0.70454155071207325,4,0,1,1
137.90000000000001,50.000000201180974,1233.742016533751,0.88825243860784941,0.70455243252815702,4,0,1,1
138,50.000000189953731,1233.7420872124544,0.88825246992353024,0.70456331432861619,4,0,1,1
138.09999999999999,50.00000017935583,1233.7421543972578,0.88825249948308438,0.70457419611342575,4,0,1,1
138.20000000000002,50.000000169351885,1233.7422182607174,0.88825252737057026,0.70458507788256219,4,0,1,1
138.30000000000001,50.000000159908438,1233.742278966884,0.88825255369789913,0.70459595963600308,4,0,1,1
138.40000000000001,50.000000150993984,1233.7423366717137,0.88825257853341344,0.7046068413737272,4,0,1,1
138.5,50.000000142578749,1233.742391523449,0.88825260198452372,0.70461772309571435,4,0,1,1
138.59999999999999,50.000000134634661,1233.7424436630383,0.88825262410128414,0.70462860480194478,4,0,1,1
138.70000000000002,50.000000127135223,1233.7424932244658,0.88825264498922962,0.70463948649240071,4,0,1,1
138.80000000000001,50.000000120055454,1233.7425403351081,0.88825266468992548,0.70465036816706417,4,0,1,1
138.90000000000001,50.000000113371769,1233.7425851160558,0.88825268329437435,0.70466124982591904,4,0,1,1
139,50.000000107061901,1233.7426276824094,0.88825270084383967,0.70467213146894903,4,0,1,1
139.09999999999999,50.000000101104881,1233.7426681436018,0.88825271741588607,0.70468301309613945,4,0,1,1
139.20000000000002,50.000000095480857,1233.7427066036578,0.88825273304852426,0.7046938947074759,4,0,1,1
139.30000000000001,50.000000090171149,1233.7427431614728,0.88825274781191543,0.70470477630294459,4,0,1,1
139.40000000000001,50.000000085158128,1233.7427779110578,0.88825276173769518,0.70471565788253254,4,0,1,1
139.5,50.00000008042511,1233.7428109417719,0.88825277489137788,0.70472653944622765,4,0,1,1
139.59999999999999,50.000000075956429,1233.7428423385745,0.88825278729702062,0.70473742099401804,4,0,1,1
139.70000000000002,50.000000071737226,1233.7428721822241,0.88825279901606802,0.7047483025258926,4,0,1,1
139.80000000000001,50.000000067753511,1233.7429005494955,0.88825281006837542,0.70475918404184057,4,0,1,1
139.90000000000001,50.000000063992104,1233.7429275133713,0.8882528205107284,0.70477006554185206,4,0,1,1
140,50.00000006044052,1233.7429531432208,0.88825283035912672,0.70478094702591731,4,0,1,1
140.09999999999999,50.000000057087014,1233.7429775049975,0.88825283966141988,0.70479182849402722,4,0,1,1
140.20000000000002,50.000000053920488,1233.7430006613931,0.88825284843757291,0.704802709946173,4,0,1,1
140.30000000000001,50.00000005093046,1233.7430226720053,0.88825285672777543,0.70481359138234634,4,0,1,1
140.40000000000001,50.000000048107061,1233.7430435934868,0.88825286454714136,0.70482447280253968,4,0,1,1
140.5,50.00000004544097,1233.7430634796863,0.8882528719359184,0.70483535420674504,4,0,1,1
140.59999999999999,50.000000042923354,1233.7430823817992,0.88825287890349336,0.70484623559495552,4,0,1,1
140.70000000000002,50.00000004054592,1233.7431003484876,0.8882528854887709,0.70485711696716435,4,0,1,1
140.80000000000001,50.000000038300826,1233.7431174260123,0.88825289169787613,0.70486799832336489,4,0,1,1
140.90000000000001,50.00000003618068,1233.7431336583479,0.88825289756720149,0.70487887966355101,4,0,1,1
141,50.000000034178491,1233.7431490872912,0.88825290310130001,0.70488976098771705,4,0,1,1
141.09999999999999,50.000000032287659,1233.7431637525797,0.88825290833192883,0.70490064229585725,4,0,1,1
141.20000000000002,50.000000030501958,1233.7431776919823,0.88825291326504674,0.70491152358796627,4,0,1,1
141.30000000000001,50.000000028815528,1233.7431909414061,0.88825291792787531,0.70492240486403912,4,0,1,1
141.40000000000001,50.000000027222811,1233.7432035349809,0.88825292232439879,0.70493328612407113,4,0,1,1
141.5,50.000000025718585,1233.7432155051481,0.8882529264812109,0.70494416736805743,4,0,1,1
141.59999999999999,50.000000024297897,1233.7432268827481,0.88825293040050057,0.70495504859599389,4,0,1,1
141.70000000000002,50.000000022956101,1233.7432376970949,0.88825293410556283,0.70496592980787642,4,0,1,1
141.80000000000001,50.000000021688798,1233.7432479760564,0.88825293760001978,0.70497681100370058,4,0,1,1
141.90000000000001,50.000000020491797,1233.7432577461207,0.88825294090340945,0.70498769218346313,4,0,1,1
142,50.000000019361224,1233.7432670324652,0.88825294401854005,0.70499857334716032,4,0,1,1
142.09999999999999,50.000000018293342,1233.7432758590244,0.88825294696384949,0.70500945449478847,4,0,1,1
142.20000000000002,50.000000017284684,1233.7432842485489,0.88825294974071312,0.7050203356263447,4,0,1,1
142.30000000000001,50.000000016331924,1233.7432922226651,0.88825295236788171,0.70503121674182567,4,0,1,1
142.40000000000001,50.000000015431958,1233.7432998019297,0.88825295484268108,0.70504209784122862,4,0,1,1
142.5,50.000000014581857,1233.7433070058819,0.88825295718598984,0.70505297892455043,4,0,1,1
142.59999999999999,50.000000013778831,1233.7433138530948,0.88825295939329729,0.70506385999178889,4,0,1,1
142.70000000000002,50.000000013020262,1233.7433203612241,0.88825296148226085,0.7050747410429411,4,0,1,1
142.80000000000001,50.000000012303694,1233.743326547052,0.88825296345107607,0.70508562207800463,4,0,1,1
142.90000000000001,50.000000011626746,1233.743332426531,0.88825296531303788,0.70509650309697736,4,0,1,1
143,50.000000010987279,1233.7433380148225,0.88825296706974033,0.70510738409985674,4,0,1,1
143.09999999999999,50.000000010383147,1233.7433433263404,0.8882529687304157,0.70511826508664111,4,0,1,1
143.20000000000002,50.000000009812418,1233.743348374785,0.88825297029666961,0.70512914605732824,4,0,1,1
143.30000000000001,50.000000009273236,1233.7433531731783,0.88825297177867446,0.70514002701191614,4,0,1,1
143.40000000000001,50.000000008763848,1233.7433577338991,0.8882529731744,0.70515090795040314,4,0,1,1
143.5,50.000000008282584,1233.7433620687132,0.88825297449723239,0.70516178887278724,4,0,1,1
143.59999999999999,50.000000007827907,1233.7433661888031,0.88825297574278372,0.70517266977906701,4,0,1,1
143.70000000000002,50.000000007398313,1233.7433701047999,0.8882529769217764,0.70518355066924088,4,0,1,1
143.80000000000001,50.00000000699243,1233.7433738268089,0.8882529780323255,0.7051944315433073,4,0,1,1
143.90000000000001,50.000000006608936,1233.743377364435,0.8882529790853998,0.70520531240126472,4,0,1,1
144,50.000000006246594,1233.7433807268053,0.88825298007616693,0.70521619324311191,4,0,1,1
144.09999999999999,50.000000005904234,1233.7433839225992,0.88825298101504591,0.70522707406884755,4,0,1,1
144.20000000000002,50.000000005580738,1233.7433869600643,0.88825298189928059,0.7052379548784703,4,0,1,1
144.30000000000001,50.000000005275069,1233.7433898470406,0.88825298273704956,0.70524883567197894,4,0,1,1
144.40000000000001,50.000000004986219,1233.7433925909809,0.88825298352502124,0.70525971644937246,4,0,1,1
144.5,50.0000000047133,1233.7433951989674,0.88825298427348809,0.70527059721064955,4,0,1,1
144.59999999999999,50.000000004455394,1233.7433976777329,0.88825298497706606,0.70528147795580931,4,0,1,1
144.70000000000002,50.000000004211678,1233.7434000336771,0.88825298564369426,0.70529235868485085,4,0,1,1
144.80000000000001,50.000000003981363,1233.7434022728835,0.88825298627191185,0.70530323939777306,4,0,1,1
144.90000000000001,50.000000003763709,1233.7434044011327,0.88825298686755705,0.70531412009457517,4,0,1,1
145,50.000000003558043,1233.7434064239205,0.88825298742766845,0.70532500077525617,4,0,1,1
145.09999999999999,50.000000003363667,1233.7434083464705,0.8882529879594524,0.70533588143981518,4,0,1,1
145.20000000000002,50.000000003179977,1233.7434101737472,0.88825298845947265,0.70534676208825164,4,0,1,1
145.30000000000001,50.000000003006363,1233.7434119104696,0.88825298893328175,0.70535764272056445,4,0,1,1
145.40000000000001,50.000000002842292,1233.7434135611243,0.88825298937986996,0.70536852333675326,4,0,1,1
145.5,50.00000000268723,1233.7434151299738,0.88825298980388268,0.70537940393681708,4,0,1,1
145.59999999999999,50.000000002540666,1233.7434166210701,0.88825299020136683,0.70539028452075547,4,0,1,1
145.70000000000002,50.000000002402153,1233.7434180382654,0.88825299058006735,0.70540116508856743,4,0,1,1
145.80000000000001,50.000000002271229,1233.7434193852209,0.88825299093470789,0.70541204564025284,4,0,1,1
145.90000000000001,50.00000000214748,1233.7434206654166,0.88825299127262947,0.70542292617581071,4,0,1,1
146,50.000000002030518,1233.7434218821591,0.88825299159048987,0.70543380669524058,4,0,1,1
146.09999999999999,50.000000001919965,1233.7434230385925,0.88825299189122764,0.70544468719854181,4,0,1,1
146.20000000000002,50.000000001815458,1233.7434241377046,0.88825299217517695,0.70545556768571427,4,0,1,1
146.30000000000001,50.000000001716671,1233.7434251823356,0.88825299244386158,0.70546644815675708,4,0,1,1
146.40000000000001,50.000000001623299,1233.7434261751848,0.88825299269677305,0.70547732861166979,4,0,1,1
146.5,50.000000001535042,1233.7434271188181,0.88825299293771376,0.70548820905045218,4,0,1,1
146.59999999999999,50.000000001451596,1233.743428015674,0.88825299316262873,0.70549908947310358,4,0,1,1
146.70000000000002,50.000000001372726,1233.7434288680706,0.88825299337797436,0.70550996987962356,4,0,1,1
146.80000000000001,50.000000001298162,1233.7434296782103,0.88825299357950493,0.70552085027001188,4,0,1,1
146.90000000000001,50.000000001227676,1233.7434304481881,0.88825299377022859,0.70553173064426788,4,0,1,1
147,50.000000001161027,1233.7434311799936,0.88825299395123525,0.70554261100239146,4,0,1,1
147.09999999999999,50.00000000109803,1233.7434318755181,0.88825299412252423,0.70555349134438206,4,0,1,1
147.20000000000002,50.000000001038472,1233.7434325365602,0.8882529942828159,0.70556437167023944,4,0,1,1
147.30000000000001,50.000000000982148,1233.7434331648287,0.88825299443593753,0.70557525197996318,4,0,1,1
147.40000000000001,50.000000000928914,1233.7434337619477,0.88825299457947926,0.70558613227355294,4,0,1,1
147.5,50.000000000878572,1233.7434343294615,0.88825299471647279,0.70559701255100848,4,0,1,1
147.59999999999999,50.00000000083098,1233.7434348688366,0.8882529948444351,0.70560789281232961,4,0,1,1
147.70000000000002,50.000000000785981,1233.7434353814679,0.88825299496647658,0.70561877305751552,4,0,1,1
147.80000000000001,50.000000000743427,1233.743435868681,0.88825299508109623,0.70562965328656646,4,0,1,1
147.90000000000001,50.000000000703203,1233.7434363317361,0.88825299519062206,0.70564053349948197,4,0,1,1
148,50.000000000665153,1233.7434367718299,0.88825299529228274,0.70565141369626172,4,0,1,1
148.09999999999999,50.000000000629186,1233.7434371901013,0.88825299539033564,0.7056622938769056,4,0,1,1
148.20000000000002,50.000000000595179,1233.7434375876317,0.88825299548132475,0.70567317404141316,4,0,1,1
148.30000000000001,50.000000000563006,1233.7434379654487,0.88825299556828863,0.7056840541897843,4,0,1,1
148.40000000000001,50.000000000532594,1233.7434383245306,0.88825299565032534,0.70569493432201857,4,0,1,1
148.5,50.000000000503832,1233.7434386658056,0.88825299572800431,0.70570581443811609,4,0,1,1
148.59999999999999,50.000000000476632,1233.7434389901562,0.88825299580099104,0.70571669453807628,4,0,1,1
148.70000000000002,50.000000000450918,1233.743439298421,0.88825299587089879,0.70572757462189917,4,0,1,1
148.80000000000001,50.000000000426581,1233.7434395913986,0.88825299593512597,0.7057384546895844,4,0,1,1
148.90000000000001,50.000000000403574,1233.7434398698467,0.88825299599871177,0.70574933474113166,4,0,1,1
149,50.000000000381831,1233.7434401344849,0.8882529960556873,0.70576021477654094,4,0,1,1
149.09999999999999,50.000000000361247,1233.7434403859984,0.88825299611195441,0.70577109479581213,4,0,1,1
149.20000000000002,50.000000000341785,1233.7434406250375,0.88825299616433484,0.70578197479894489,4,0,1,1
149.30000000000001,50.000000000323375,1233.7434408522208,0.88825299621336307,0.70579285478593889,4,0,1,1
149.40000000000001,50.000000000305967,1233.7434410681367,0.88825299625998011,0.70580373475679425,4,0,1,1
149.5,50.000000000289504,1233.7434412733433,0.88825299630460075,0.70581461471151064,4,0,1,1
149.59999999999999,50.000000000273928,1233.7434414683712,0.88825299634617927,0.70582549465008781,4,0,1,1
149.70000000000002,50.000000000259192,1233.7434416537264,0.88825299638599009,0.70583637457252568,4,0,1,1
149.80000000000001,50.000000000245272,1233.7434418298874,0.88825299642342959,0.7058472544788239,4,0,1,1
149.90000000000001,50.000000000232077,1233.7434419973104,0.88825299645788081,0.70585813436898259,4,0,1,1
150,50.000000000219615,1233.7434421564292,0.88825299649190836,0.70586901424300152,4,0,1,1
150.09999999999999,50.00000000020782,1233.7434423076545,0.88825299652397949,0.70587989410088048,4,0,1,1
150.20000000000002,50.000000000196664,1233.7434424513785,0.8882529965529673,0.70589077394261912,4,0,1,1
150.30000000000001,50.000000000186105,1233.7434425879735,0.88825299658216172,0.70590165376821745,4,0,1,1
150.40000000000001,50.000000000176115,1233.7434427177923,0.88825299660798984,0.70591253357767547,4,0,1,1
150.5,50.000000000166679,1233.7434428411707,0.88825299663425927,0.70592341337099285,4,0,1,1
150.59999999999999,50.00000000015774,1233.7434429584291,0.88825299665721413,0.70593429314816947,4,0,1,1
150.70000000000002,50.000000000149292,1233.7434430698711,0.88825299668087021,0.70594517290920522,4,0,1,1
150.80000000000001,50.000000000141284,1233.7434431757833,0.88825299670136182,0.70595605265409989,4,0,1,1
150.90000000000001,50.000000000133717,1233.7434432764419,0.8882529967216205,0.70596693238285324,4,0,1,1
151,50.000000000126562,1233.7434433721071,0.88825299674148384,0.70597781209546551,4,0,1,1
151.09999999999999,50.000000000119783,1233.7434434630256,0.88825299675842007,0.70598869179193624,4,0,1,1
151.20000000000002,50.000000000113374,1233.743443549434,0.88825299677596903,0.70599957147226533,4,0,1,1
151.30000000000001,50.000000000107313,1233.7434436315552,0.88825299679224623,0.70601045113645267,4,0,1,1
151.40000000000001,50.000000000101572,1233.7434437096024,0.88825299680693637,0.70602133078449825,4,0,1,1
151.5,50.000000000096158,1233.7434437837774,0.88825299682234182,0.70603221041640185,4,0,1,1
151.59999999999999,50.000000000091006,1233.7434438542716,0.88825299683535019,0.70604309003216326,4,0,1,1
151.70000000000002,50.000000000086153,1233.7434439212689,0.88825299684840342,0.70605396963178235,4,0,1,1
151.80000000000001,50.000000000081556,1233.7434439849417,0.88825299686110637,0.70606484921525925,4,0,1,1
151.90000000000001,50.000000000077193,1233.7434440454554,0.88825299687223414,0.7060757287825935,4,0,1,1
152,50.000000000073086,1233.7434441029668,0.88825299688356829,0.70608660833378523,4,0,1,1
152.09999999999999,50.000000000069178,1233.743444157624,0.8882529968938242,0.70609748786883419,4,0,1,1
152.20000000000002,50.000000000065491,1233.7434442095696,0.88825299690336024,0.7061083673877403,4,0,1,1
152.30000000000001,50.000000000062009,1233.7434442589379,0.88825299691307591,0.70611924689050332,4,0,1,1
152.40000000000001,50.000000000058698,1233.7434443058564,0.88825299692127002,0.70613012637712336,4,0,1,1
152.5,50.000000000055579,1233.7434443504467,0.88825299693029292,0.70614100584760009,4,0,1,1
152.59999999999999,50.000000000052616,1233.7434443928239,0.88825299693783966,0.70615188530193351,4,0,1,1
152.70000000000002,50.000000000049816,1233.7434444330986,0.88825299694502624,0.70616276474012352,4,0,1,1
152.80000000000001,50.000000000047152,1233.7434444713751,0.88825299695186866,0.70617364416216988,4,0,1,1
152.90000000000001,50.000000000044651,1233.7434445077524,0.88825299695936499,0.70618452356807238,4,0,1,1
153,50.000000000042277,1233.7434445423237,0.88825299696500648,0.70619540295783145,4,0,1,1
153.09999999999999,50.000000000040032,1233.7434445751801,0.88825299697092064,0.70620628233144611,4,0,1,1
153.20000000000002,50.000000000037915,1233.743444606406,0.88825299697704974,0.70621716168891713,4,0,1,1
153.30000000000001,50.000000000035882,1233.7434446360819,0.8882529969817563,0.70622804103024384,4,0,1,1
153.40000000000001,50.000000000033985,1233.7434446642853,0.8882529969872498,0.70623892035542624,4,0,1,1
153.5,50.000000000032173,1233.7434446910895,0.88825299699209104,0.70624979966446433,4,0,1,1
153.60000000000002,50.000000000030475,1233.7434447165629,0.88825299699654403,0.706260678957358,4,0,1,1
153.70000000000002,50.000000000028855,1233.7434447407725,0.88825299700100169,0.70627155823410692,4,0,1,1
153.80000000000001,50.00000000002732,1233.7434447637804,0.88825299700441562,0.70628243749471131,4,0,1,1
153.90000000000001,50.000000000025878,1233.743444785646,0.88825299700848281,0.70629331673917062,4,0,1,1
154,50.0000000000245,1233.7434448064273,0.88825299701196569,0.70630419596748506,4,0,1,1
154.10000000000002,50.000000000023213,1233.7434448261768,0.88825299701605032,0.70631507517965464,4,0,1,1
154.20000000000002,50.000000000021984,1233.743444844946,0.88825299701815497,0.70632595437567891,4,0,1,1
154.30000000000001,50.000000000020819,1233.7434448627841,0.88825299702182281,0.70633683355555787,4,0,1,1
154.40000000000001,50.000000000019718,1233.7434448797364,0.88825299702472427,0.70634771271929164,4,0,1,1
154.5,50.000000000018673,1233.7434448958477,0.88825299702777061,0.70635859186687977,4,0,1,1
154.60000000000002,50.000000000017685,1233.7434449111588,0.88825299703018989,0.70636947099832259,4,0,1,1
154.70000000000002,50.00000000001674,1233.7434449257105,0.88825299703206662,0.70638035011361933,4,0,1,1
154.80000000000001,50.000000000015866,1233.74344493954,0.88825299703551197,0.70639122921277053,4,0,1,1
154.90000000000001,50.000000000015035,1233.7434449526825,0.88825299703720029,0.70640210829577565,4,0,1,1
155,50.000000000014232,1233.7434449651732,0.88825299703883054,0.70641298736263491,4,0,1,1
155.10000000000002,50.000000000013486,1233.743444977044,0.88825299704164806,0.70642386641334809,4,0,1,1
155.20000000000002,50.000000000012768,1233.7434449883251,0.88825299704295524,0.70643474544791485,4,0,1,1
155.30000000000001,50.000000000012101,1233.7434449990467,0.88825299704508542,0.70644562446633541,4,0,1,1
155.40000000000001,50.000000000011454,1233.743445009236,0.88825299704638228,0.70645650346860944,4,0,1,1
155.5,50.00000000001085,1233.7434450189196,0.88825299704806304,0.70646738245473706,4,0,1,1
155.60000000000002,50.000000000010282,1233.7434450281226,0.88825299704984884,0.70647826142471792,4,0,1,1
155.70000000000002,50.000000000009734,1233.7434450368683,0.88825299705110861,0.70648914037855204,4,0,1,1
155.80000000000001,50.000000000009223,1233.7434450451801,0.88825299705200411,0.70650001931623929,4,0,1,1
155.90000000000001,50.00000000000874,1233.7434450530795,0.888252997053945,0.70651089823777968,4,0,1,1
156,50.000000000008285,1233.7434450605865,0.88825299705478056,0.70652177714317288,4,0,1,1
156.10000000000002,50.000000000007851,1233.7434450677213,0.8882529970558799,0.70653265603241888,4,0,1,1
156.20000000000002,50.000000000007425,1233.7434450745013,0.88825299705708505,0.70654353490551769,4,0,1,1
156.30000000000001,50.000000000007041,1233.7434450809451,0.88825299705822358,0.7065544137624693,4,0,1,1
156.40000000000001,50.000000000006672,1233.7434450870694,0.88825299705871197,0.70656529260327317,4,0,1,1
156.5,50.000000000006317,1233.7434450928888,0.88825299705997651,0.7065761714279295,4,0,1,1
156.60000000000002,50.000000000005983,1233.7434450984199,0.88825299706082728,0.7065870502364382,4,0,1,1
156.70000000000002,50.00000000000567,1233.7434451036765,0.88825299706138372,0.70659792902879903,4,0,1,1
156.80000000000001,50.000000000005386,1233.7434451086722,0.8882529970630072,0.70660880780501201,4,0,1,1
156.90000000000001,50.000000000005095,1233.7434451134191,0.88825299706278804,0.70661968656507701,4,0,1,1
157,50.000000000004832,1233.7434451179311,0.8882529970640044,0.70663056530899382,4,0,1,1
157.10000000000002,50.000000000004576,1233.7434451222189,0.88825299706452554,0.70664144403676243,4,0,1,1
157.20000000000002,50.000000000004327,1233.7434451262939,0.88825299706464189,0.70665232274838286,4,0,1,1
157.30000000000001,50.000000000004107,1233.7434451301665,0.88825299706573102,0.70666320144385486,4,0,1,1
157.40000000000001,50.000000000003887,1233.743445133847,0.88825299706626926,0.70667408012317823,4,0,1,1
157.5,50.000000000003688,1233.7434451373447,0.88825299706693128,0.70668495878635296,4,0,1,1
157.60000000000002,50.000000000003489,1233.7434451406687,0.8882529970669516,0.70669583743337916,4,0,1,1
157.70000000000002,50.000000000003311,1233.743445143828,0.88825299706772931,0.70670671606425628,4,0,1,1
157.80000000000001,50.000000000003133,1233.7434451468303,0.88825299706858984,0.70671759467898465,4,0,1,1
157.90000000000001,50.000000000002963,1233.7434451496829,0.88825299706882532,0.70672847327756383,4,0,1,1
158,50.000000000002821,1233.7434451523943,0.88825299706863448,0.70673935185999415,4,0,1,1
158.10000000000002,50.000000000002665,1233.7434451549716,0.88825299706983885,0.70675023042627483,4,0,1,1
158.20000000000002,50.000000000002522,1233.7434451574202,0.88825299706959548,0.70676110897640654,4,0,1,1
158.30000000000001,50.000000000002402,1233.7434451597478,0.88825299706996663,0.70677198751038872,4,0,1,1
158.40000000000001,50.000000000002274,1233.7434451619592,0.8882529970710199,0.70678286602822127,4,0,1,1
158.5,50.000000000002146,1233.7434451640613,0.88825299707018557,0.70679374452990418,4,0,1,1
158.60000000000002,50.000000000002046,1233.743445166059,0.88825299707135441,0.70680462301543745,4,0,1,1
158.70000000000002,50.000000000001933,1233.7434451679574,0.88825299707160366,0.70681550148482075,4,0,1,1
158.80000000000001,50.000000000001833,1233.7434451697618,0.88825299707150718,0.70682637993805419,4,0,1,1
158.90000000000001,50.000000000001741,1233.7434451714762,0.88825299707221206,0.70683725837513744,4,0,1,1
159,50.000000000001656,1233.7434451731053,0.8882529970719002,0.70684813679607061,4,0,1,1
159.10000000000002,50.000000000001563,1233.743445174654,0.88825299707229866,0.70685901520085348,4,0,1,1
159.20000000000002,50.000000000001478,1233.7434451761258,0.88825299707283978,0.70686989358948604,4,0,1,1
159.30000000000001,50.0000000000014,1233.7434451775243,0.88825299707266647,0.70688077196196819,4,0,1,1
159.40000000000001,50.000000000001336,1233.7434451788538,0.888252997072696,0.7068916503182997,4,0,1,1
159.5,50.000000000001265,1233.7434451801169,0.8882529970734494,0.70690252865848058,4,0,1,1
159.60000000000002,50.000000000001201,1233.7434451813169,0.88825299707337935,0.70691340698251071,4,0,1,1
159.70000000000002,50.00000000000113,1233.7434451824577,0.88825299707301064,0.70692428529038998,4,0,1,1
159.80000000000001,50.00000000000108,1233.743445183542,0.8882529970738402,0.70693516358211805,4,0,1,1
159.90000000000001,50.000000000001023,1233.7434451845725,0.88825299707361915,0.70694604185769527,4,0,1,1
160,50.000000000000966,1233.7434451855518,0.88825299707377814,0.70695692011712108,4,0,1,1
160.10000000000002,50.000000000000909,1233.7434451864822,0.88825299707406602,0.7069677983603958,4,0,1,1
160.20000000000002,50.000000000000867,1233.7434451873667,0.88825299707426497,0.70697867658751923,4,0,1,1
160.30000000000001,50.000000000000824,1233.743445188207,0.88825299707444694,0.70698955479849102,4,0,1,1
160.40000000000001,50.000000000000774,1233.7434451890056,0.88825299707400951,0.70700043299331139,4,0,1,1
160.5,50.000000000000746,1233.7434451897648,0.88825299707481009,0.70701131117198002,4,0,1,1
160.60000000000002,50.000000000000696,1233.7434451904858,0.88825299707431726,0.70702218933449668,4,0,1,1
160.70000000000002,50.000000000000668,1233.7434451911718,0.88825299707502658,0.70703306748086181,4,0,1,1
160.80000000000001,50.000000000000625,1233.7434451918232,0.88825299707464689,0.70704394561107464,4,0,1,1
160.90000000000001,50.000000000000597,1233.7434451924426,0.88825299707463379,0.70705482372513562,4,0,1,1
161,50.000000000000568,1233.7434451930308,0.88825299707532612,0.70706570182304418,4,0,1,1
161.10000000000002,50.000000000000533,1233.7434451935897,0.88825299707467498,0.70707657990480055,4,0,1,1
161.20000000000002,50.000000000000512,1233.7434451941215,0.88825299707547301,0.70708745797040451,4,0,1,1
161.30000000000001,50.00000000000049,1233.7434451946262,0.88825299707536509,0.70709833601985594,4,0,1,1
161.40000000000001,50.000000000000455,1233.743445195106,0.8882529970745473,0.70710921405315486,4,0,1,1
161.5,50.000000000000433,1233.7434451955626,0.88825299707537864,0.70712009207030113,4,0,1,1
161.60000000000002,50.000000000000419,1233.7434451959959,0.88825299707578231,0.70713097007129455,4,0,1,1
161.70000000000002,50.000000000000391,1233.7434451964075,0.88825299707504957,0.707141848056135,4,0,1,1
161.80000000000001,50.000000000000369,1233.743445196799,0.88825299707550631,0.7071527260248226,4,0,1,1
161.90000000000001,50.000000000000341,1233.7434451971712,0.88825299707514205,0.70716360397735689,4,0,1,1
162,50.000000000000334,1233.743445197525,0.8882529970758023,0.70717448191373811,4,0,1,1
162.10000000000002,50.00000000000032,1233.7434451978609,0.8882529970758638,0.70718535983396591,4,0,1,1
162.20000000000002,50.000000000000298,1233.7434451981799,0.8882529970753853,0.70719623773804041,4,0,1,1
162.30000000000001,50.000000000000291,1233.7434451984836,0.88825299707553473,0.70720711562596139,4,0,1,1
162.40000000000001,50.00000000000027,1233.7434451987722,0.88825299707568972,0.70721799349772885,4,0,1,1
162.5,50.000000000000256,1233.7434451990459,0.88825299707629646,0.70722887135334245,4,0,1,1
162.60000000000002,50.000000000000242,1233.7434451993063,0.88825299707528127,0.70723974919280241,4,0,1,1
162.70000000000002,50.000000000000234,1233.7434451995541,0.88825299707567174,0.7072506270161083,4,0,1,1
162.80000000000001,50.00000000000022,1233.7434451997892,0.88825299707588401,0.70726150482326022,4,0,1,1
162.90000000000001,50.000000000000213,1233.7434452000127,0.88825299707599115,0.70727238261425796,4,0,1,1
163,50.000000000000192,1233.7434452002253,0.88825299707573924,0.70728326038910172,4,0,1,1
163.10000000000002,50.000000000000192,1233.7434452004275,0.88825299707587657,0.70729413814779096,4,0,1,1
163.20000000000002,50.000000000000178,1233.7434452006189,0.88825299707633243,0.70730501589032591,4,0,1,1
163.30000000000001,50.000000000000163,1233.7434452008013,0.88825299707531979,0.70731589361670621,4,0,1,1
163.40000000000001,50.000000000000163,1233.743445200975,0.88825299707644356,0.70732677132693189,4,0,1,1
163.5,50.000000000000156,1233.7434452011389,0.88825299707602401,0.70733764902100293,4,0,1,1
163.60000000000002,50.000000000000142,1233.7434452012958,0.88825299707543115,0.70734852669891912,4,0,1,1
163.70000000000002,50.000000000000135,1233.7434452014447,0.88825299707673566,0.70735940436068034,4,0,1,1
163.80000000000001,50.000000000000121,1233.7434452015855,0.88825299707581951,0.7073702820062866,4,0,1,1
163.90000000000001,50.000000000000121,1233.7434452017199,0.88825299707616923,0.70738115963573767,4,0,1,1
164,50.000000000000114,1233.7434452018474,0.88825299707582495,0.70739203724903366,4,0,1,1
164.10000000000002,50.000000000000099,1233.7434452019691,0.8882529970757217,0.70740291484617412,4,0,1,1
164.20000000000002,50.000000000000099,1233.7434452020846,0.88825299707675165,0.7074137924271594,4,0,1,1
164.30000000000001,50.000000000000099,1233.7434452021939,0.88825299707575867,0.70742466999198883,4,0,1,1
164.40000000000001,50.000000000000099,1233.7434452022981,0.88825299707639649,0.70743554754066285,4,0,1,1
164.5,50.000000000000085,1233.743445202397,0.88825299707601435,0.70744642507318101,4,0,1,1
164.60000000000002,50.000000000000085,1233.7434452024913,0.88825299707635996,0.70745730258954354,4,0,1,1
164.70000000000002,50.000000000000078,1233.7434452025805,0.88825299707629402,0.70746818008974999,4,0,1,1
164.80000000000001,50.000000000000078,1233.7434452026655,0.88825299707594718,0.70747905757380058,4,0,1,1
164.90000000000001,50.000000000000078,1233.743445202746,0.88825299707660499,0.70748993504169477,4,0,1,1
165,50.000000000000064,1233.7434452028224,0.88825299707566907,0.707500812493433,4,0,1,1
165.10000000000002,50.000000000000064,1233.7434452028956,0.88825299707624994,0.7075116899290147,4,0,1,1
165.20000000000002,50.000000000000064,1233.7434452029649,0.88825299707660843,0.70752256734843999,4,0,1,1
165.30000000000001,50.000000000000057,1233.7434452030307,0.88825299707587502,0.70753344475170876,4,0,1,1
165.40000000000001,50.000000000000057,1233.7434452030932,0.88825299707631511,0.70754432213882101,4,0,1,1
165.5,50.000000000000057,1233.7434452031528,0.88825299707628413,0.70755519950977641,4,0,1,1
165.60000000000002,50.000000000000057,1233.7434452032091,0.8882529970760219,0.70756607686457496,4,0,1,1
165.70000000000002,50.000000000000043,1233.7434452032628,0.88825299707609284,0.70757695420321653,4,0,1,1
165.80000000000001,50.000000000000043,1233.743445203314,0.88825299707618066,0.70758783152570115,4,0,1,1
165.90000000000001,50.000000000000043,1233.7434452033626,0.88825299707619432,0.70759870883202869,4,0,1,1
166,50.000000000000043,1233.7434452034083,0.88825299707658878,0.70760958612219893,4,0,1,1
166.10000000000002,50.000000000000043,1233.743445203452,0.88825299707599992,0.70762046339621176,4,0,1,1
166.20000000000002,50.000000000000036,1233.743445203494,0.88825299707607985,0.7076313406540673,4,0,1,1
166.30000000000001,50.000000000000036,1233.7434452035336,0.88825299707662297,0.7076422178957652,4,0,1,1
166.40000000000001,50.000000000000036,1233.7434452035711,0.88825299707609373,0.70765309512130559,4,0,1,1
166.5,50.000000000000036,1233.7434452036068,0.88825299707634298,0.70766397233068801,4,0,1,1
166.60000000000002,50.000000000000036,1233.7434452036407,0.88825299707613259,0.70767484952391269,4,0,1,1
166.70000000000002,50.000000000000036,1233.743445203673,0.88825299707607142,0.7076857267009794,4,0,1,1
166.80000000000001,50.000000000000021,1233.7434452037037,0.88825299707645267,0.70769660386188804,4,0,1,1
166.90000000000001,50.000000000000021,1233.7434452037326,0.88825299707629346,0.70770748100663872,4,0,1,1
167,50.000000000000021,1233.7434452037603,0.88825299707618555,0.70771835813523098,4,0,1,1
167.10000000000002,50.000000000000021,1233.7434452037869,0.88825299707612382,0.70772923524766485,4,0,1,1
167.20000000000002,50.000000000000021,1233.7434452038119,0.88825299707662553,0.70774011234394041,4,0,1,1
167.30000000000001,50.000000000000021,1233.7434452038356,0.88825299707627126,0.70775098942405734,4,0,1,1
167.40000000000001,50.000000000000021,1233.7434452038583,0.88825299707652217,0.70776186648801576,4,0,1,1
167.5,50.000000000000021,1233.7434452038797,0.88825299707618632,0.70777274353581521,4,0,1,1
167.60000000000002,50.000000000000014,1233.7434452039001,0.88825299707617256,0.70778362056745592,4,0,1,1
167.70000000000002,50.000000000000014,1233.7434452039197,0.88825299707686844,0.70779449758293767,4,0,1,1
167.80000000000001,50.000000000000021,1233.7434452039379,0.88825299707641914,0.70780537458226023,4,0,1,1
167.90000000000001,50.000000000000014,1233.7434452039552,0.88825299707601579,0.70781625156542372,4,0,1,1
168,50.000000000000014,1233.743445203972,0.88825299707619076,0.70782712853242802,4,0,1,1
168.10000000000002,50.000000000000014,1233.7434452039877,0.88825299707662297,0.70783800548327291,4,0,1,1
168.20000000000002,50.000000000000014,1233.7434452040027,0.88825299707623462,0.7078488824179584,4,0,1,1
168.30000000000001,50.000000000000014,1233.7434452040168,0.88825299707619387,0.70785975933648426,4,0,1,1
168.40000000000001,50.000000000000014,1233.7434452040304,0.88825299707629524,0.70787063623885049,4,0,1,1
168.5,50.000000000000014,1233.7434452040434,0.88825299707619232,0.70788151312505709,4,0,1,1
168.60000000000002,50.000000000000014,1233.7434452040557,0.88825299707623961,0.70789238999510373,4,0,1,1
168.70000000000002,50.000000000000014,1233.7434452040673,0.88825299707603367,0.70790326684899041,4,0,1,1
168.80000000000001,50.000000000000014,1233.7434452040786,0.88825299707635952,0.70791414368671712,4,0,1,1
168.90000000000001,50,1233.7434452040891,0.88825299707625549,0.70792502050828343,4,0,1,1
169,50.000000000000014,1233.7434452040991,0.888252997076314,0.70793589731368967,4,0,1,1
169.10000000000002,50.000000000000014,1233.7434452041086,0.88825299707659178,0.70794677410293561,4,0,1,1
169.20000000000002,50,1233.7434452041175,0.88825299707608318,0.70795765087602103,4,0,1,1
169.30000000000001,50.000000000000014,1233.7434452041261,0.88825299707663052,0.70796852763294582,4,0,1,1
169.40000000000001,50,1233.7434452041343,0.88825299707611727,0.70797940437370999,4,0,1,1
169.5,50.000000000000014,1233.7434452041418,0.88825299707644112,0.70799028109831341,4,0,1,1
169.60000000000002,50.000000000000014,1233.7434452041491,0.88825299707635419,0.70800115780675588,4,0,1,1
169.70000000000002,50,1233.7434452041564,0.88825299707602612,0.70801203449903749,4,0,1,1
169.80000000000001,50,1233.743445204163,0.8882529970763946,0.70802291117515803,4,0,1,1
169.90000000000001,50,1233.7434452041693,0.88825299707617833,0.7080337878351175,4,0,1,1
170,50,1233.7434452041753,0.88825299707634886,0.70804466447891556,4,0,1,1
170.10000000000002,50,1233.7434452041809,0.88825299707611849,0.70805554110655233,4,0,1,1
170.20000000000002,50,1233.7434452041862,0.88825299707651606,0.70806641771802759,4,0,1,1
170.30000000000001,50,1233.7434452041914,0.88825299707632865,0.70807729431334143,4,0,1,1
170.40000000000001,50,1233.7434452041964,0.88825299707604222,0.70808817089249343,4,0,1,1
170.5,50,1233.7434452042012,0.888252997076587,0.70809904745548369,4,0,1,1
170.60000000000002,50,1233.7434452042055,0.88825299707643057,0.70810992400231221,4,0,1,1
170.70000000000002,50,1233.7434452042098,0.88825299707617456,0.70812080053297866,4,0,1,1
170.80000000000001,50,1233.7434452042137,0.88825299707685301,0.70813167704748292,4,0,1,1
170.90000000000001,50,1233.7434452042176,0.88825299707602501,0.70814255354582534,4,0,1,1
171,50,1233.7434452042214,0.88825299707656702,0.70815343002800524,4,0,1,1
171.10000000000002,50,1233.7434452042244,0.88825299707661931,0.70816430649402284,4,0,1,1
171.20000000000002,50,1233.7434452042278,0.88825299707595118,0.70817518294387793,4,0,1,1
171.30000000000001,50,1233.743445204231,0.88825299707631522,0.70818605937757062,4,0,1,1
171.40000000000001,50,1233.7434452042337,0.88825299707599226,0.70819693579510046,4,0,1,1
171.5,50,1233.7434452042369,0.88825299707649907,0.70820781219646767,4,0,1,1
171.60000000000002,50,1233.7434452042394,0.88825299707636585,0.70821868858167192,4,0,1,1
171.70000000000002,50,1233.7434452042417,0.88825299707649807,0.70822956495071321,4,0,1,1
171.80000000000001,50,1233.7434452042442,0.8882529970765658,0.70824044130359154,4,0,1,1
171.90000000000001,50,1233.7434452042464,0.88825299707609218,0.70825131764030658,4,0,1,1
172,50,1233.7434452042487,0.88825299707658223,0.70826219396085843,4,0,1,1
172.10000000000002,50,1233.7434452042507,0.88825299707636285,0.70827307026524677,4,0,1,1
172.20000000000002,50,1233.7434452042528,0.88825299707642202,0.70828394655347182,4,0,1,1
172.30000000000001,50,1233.7434452042546,0.88825299707659411,0.70829482282553313,4,0,1,1
172.40000000000001,50,1233.7434452042562,0.88825299707609251,0.70830569908143104,4,0,1,1
172.5,50,1233.743445204258,0.88825299707646332,0.70831657532116499,4,0,1,1
172.60000000000002,50,1233.7434452042596,0.88825299707647398,0.7083274515447352,4,0,1,1
172.70000000000002,50,1233.7434452042617,0.88825299707637573,0.70833832775214123,4,0,1,1
172.80000000000001,50,1233.7434452042628,0.88825299707663441,0.70834920394338341,4,0,1,1
172.90000000000001,50,1233.7434452042637,0.88825299707598648,0.7083600801184613,4,0,1,1
173,50,1233.7434452042653,0.88825299707660066,0.70837095627737501,4,0,1,1
173.10000000000002,50,1233.7434452042664,0.88825299707639327,0.7083818324201242,4,0,1,1
173.20000000000002,50,1233.7434452042678,0.88825299707635252,0.70839270854670899,4,0,1,1
173.30000000000001,50,1233.7434452042685,0.88825299707669814,0.70840358465712927,4,0,1,1
173.40000000000001,50,1233.7434452042696,0.88825299707598271,0.70841446075138481,4,0,1,1
173.5,50,1233.743445204271,0.88825299707657823,0.70842533682947562,4,0,1,1
173.60000000000002,50,1233.7434452042719,0.88825299707633987,0.70843621289140146,4,0,1,1
173.70000000000002,50,1233.7434452042728,0.88825299707628724,0.70844708893716246,4,0,1,1
173.80000000000001,50,1233.7434452042735,0.88825299707668104,0.70845796496675828,4,0,1,1
173.90000000000001,50,1233.7434452042744,0.88825299707593308,0.70846884098018903,4,0,1,1
174,50,1233.7434452042753,0.88825299707658756,0.70847971697745449,4,0,1,1
174.10000000000002,50,1233.7434452042758,0.88825299707636007,0.70849059295855465,4,0,1,1
174.20000000000002,50,1233.7434452042764,0.88825299707629923,0.70850146892348931,4,0,1,1
174.30000000000001,50,1233.7434452042771,0.8882529970766575,0.70851234487225823,4,0,1,1
174.40000000000001,50,1233.743445204278,0.88825299707590677,0.70852322080486174,4,0,1,1
174.5,50,1233.7434452042787,0.88825299707669558,0.70853409672129941,4,0,1,1
174.60000000000002,50,1233.7434452042789,0.8882529970762465,0.70854497262157112,4,0,1,1
174.70000000000002,50,1233.7434452042796,0.88825299707639127,0.70855584850567677,4,0,1,1
174.80000000000001,50,1233.7434452042801,0.88825299707665661,0.70856672437361667,4,0,1,1
174.90000000000001,50,1233.7434452042805,0.88825299707590721,0.70857760022539029,4,0,1,1
175,50,1233.7434452042812,0.88825299707670291,0.7085884760609974,4,0,1,1
175.10000000000002,50,1233.7434452042814,0.88825299707620031,0.70859935188043854,4,0,1,1
175.20000000000002,50,1233.7434452042821,0.88825299707642691,0.70861022768371296,4,0,1,1
175.30000000000001,50,1233.7434452042824,0.88825299707650385,0.70862110347082086,4,0,1,1
175.40000000000001,50,1233.7434452042828,0.88825299707604166,0.70863197924176202,4,0,1,1
175.5,50,1233.7434452042833,0.88825299707660332,0.70864285499653645,4,0,1,1
175.60000000000002,50,1233.7434452042835,0.88825299707622141,0.70865373073514404,4,0,1,1
175.70000000000002,50,1233.7434452042839,0.88825299707642691,0.70866460645758467,4,0,1,1
175.80000000000001,50,1233.7434452042839,0.88825299707647154,0.70867548216385834,4,0,1,1
175.90000000000001,50,1233.7434452042842,0.8882529970760884,0.70868635785396461,4,0,1,1
176,50,1233.7434452042849,0.88825299707654892,0.7086972335279037,4,0,1,1
176.10000000000002,50,1233.7434452042851,0.88825299707626382,0.70870810918567562,4,0,1,1
176.20000000000002,50,1233.7434452042855,0.88825299707642524,0.70871898482727991,4,0,1,1
176.30000000000001,50,1233.7434452042853,0.88825299707646954,0.70872986045271658,4,0,1,1
176.40000000000001,50,1233.7434452042855,0.88825299707610894,0.70874073606198562,4,0,1,1
176.5,50,1233.7434452042862,0.88825299707653305,0.70875161165508704,4,0,1,1
176.60000000000002,50,1233.7434452042864,0.88825299707629024,0.7087624872320204,4,0,1,1
176.70000000000002,50,1233.7434452042864,0.88825299707640437,0.7087733627927858,4,0,1,1
176.80000000000001,50,1233.7434452042864,0.88825299707650951,0.70878423833738324,4,0,1,1
176.90000000000001,50,1233.7434452042867,0.88825299707608973,0.70879511386581262,4,0,1,1
177,50,1233.7434452042871,0.88825299707648309,0.70880598937807349,4,0,1,1
177.10000000000002,50,1233.7434452042871,0.88825299707629801,0.70881686487416617,4,0,1,1
177.20000000000002,50,1233.7434452042874,0.88825299707640049,0.70882774035409024,4,0,1,1
177.30000000000001,50,1233.7434452042874,0.88825299707650096,0.70883861581784602,4,0,1,1
177.40000000000001,50,1233.7434452042874,0.88825299707602823,0.70884949126543295,4,0,1,1
177.5,50,1233.743445204288,0.88825299707657412,0.70886036669685115,4,0,1,1
177.60000000000002,50,1233.7434452042878,0.88825299707630689,0.7088712421121004,4,0,1,1
177.70000000000002,50,1233.743445204288,0.88825299707639804,0.7088821175111808,4,0,1,1
177.80000000000001,50,1233.743445204288,0.88825299707658067,0.70889299289409213,4,0,1,1
177.90000000000001,50,1233.743445204288,0.88825299707595384,0.70890386826083429,4,0,1,1
178,50,1233.7434452042883,0.88825299707668104,0.70891474361140727,4,0,1,1
178.10000000000002,50,1233.7434452042883,0.88825299707622973,0.70892561894581063,4,0,1,1
178.20000000000002,50,1233.7434452042885,0.88825299707645133,0.7089364942640447,4,0,1,1
178.30000000000001,50,1233.7434452042883,0.88825299707657945,0.70894736956610926,4,0,1,1
178.40000000000001,50,1233.7434452042887,0.88825299707595429,0.70895824485200409,4,0,1,1
178.5,50,1233.7434452042889,0.88825299707663019,0.70896912012172919,4,0,1,1
178.60000000000002,50,1233.7434452042887,0.88825299707621397,0.70897999537528456,4,0,1,1
178.70000000000002,50,1233.7434452042889,0.88825299707639471,0.70899087061266985,4,0,1,1
178.80000000000001,50,1233.7434452042889,0.88825299707651273,0.70900174583388509,4,0,1,1
178.90000000000001,50,1233.7434452042889,0.88825299707597027,0.70901262103893015,4,0,1,1
179,50,1233.7434452042889,0.88825299707664562,0.70902349622780492,4,0,1,1
179.10000000000002,50,1233.7434452042889,0.88825299707621663,0.70903437140050951,4,0,1,1
179.20000000000002,50,1233.7434452042892,0.88825299707638894,0.70904524655704348,4,0,1,1
179.30000000000001,50,1233.7434452042892,0.88825299707652394,0.70905612169740695,4,0,1,1
179.40000000000001,50,1233.7434452042894,0.88825299707597172,0.70906699682159979,4,0,1,1
179.5,50,1233.7434452042896,0.8882529970766353,0.70907787192962191,4,0,1,1
179.60000000000002,50,1233.7434452042892,0.88825299707622385,0.70908874702147318,4,0,1,1
179.70000000000002,50,1233.7434452042896,0.88825299707638861,0.70909962209715349,4,0,1,1
179.80000000000001,50,1233.7434452042894,0.88825299707650252,0.70911049715666252,4,0,1,1
179.90000000000001,50,1233.7434452042894,0.88825299707598016,0.70912137220000082,4,0,1,1
180,50,1233.7434452042896,0.8882529970766464,0.7091322472271675,4,0,1,1
180.10000000000002,50,1233.7434452042896,0.88825299707621364,0.709143122238163,4,0,1,1
180.20000000000002,50,1233.7434452042899,0.88825299707638583,0.70915399723298711,4,0,1,1
180.30000000000001,50,1233.7434452042894,0.88825299707652061,0.70916487221163949,4,0,1,1
180.40000000000001,50,1233.7434452042896,0.8882529970759746,0.70917574717412035,4,0,1,1
180.5,50,1233.7434452042899,0.88825299707664307,0.70918662212042949,4,0,1,1
180.60000000000002,50,1233.7434452042896,0.88825299707621908,0.70919749705056678,4,0,1,1
180.70000000000002,50,1233.7434452042899,0.88825299707637984,0.70920837196453212,4,0,1,1
180.80000000000001,50,1233.7434452042896,0.88825299707652772,0.7092192468623254,4,0,1,1
180.90000000000001,50,1233.7434452042896,0.88825299707597749,0.70923012174394662,4,0,1,1
181,50,1233.7434452042901,0.88825299707664018,0.70924099660939544,4,0,1,1
181.10000000000002,50,1233.7434452042899,0.88825299707621641,0.70925187145867197,4,0,1,1
181.20000000000002,50,1233.7434452042899,0.88825299707637828,0.70926274629177599,4,0,1,1
181.30000000000001,50,1233.7434452042896,0.88825299707654026,0.70927362110870762,4,0,1,1
181.40000000000001,50,1233.7434452042899,0.88825299707596828,0.70928449590946652,4,0,1,1
181.5,50,1233.7434452042903,0.88825299707664596,0.70929537069405268,4,0,1,1
181.60000000000002,50,1233.7434452042899,0.88825299707621286,0.70930624546246601,4,0,1,1
181.70000000000002,50,1233.7434452042901,0.88825299707638383,0.7093171202147065,4,0,1,1
181.80000000000001,50,1233.7434452042896,0.88825299707654359,0.70932799495077381,4,0,1,1
181.90000000000001,50,1233.7434452042896,0.88825299707595795,0.70933886967066817,4,0,1,1
182,50,1233.7434452042901,0.88825299707666427,0.70934974437438914,4,0,1,1
182.10000000000002,50,1233.7434452042901,0.88825299707620808,0.7093606190619367,4,0,1,1
182.20000000000002,50,1233.7434452042901,0.88825299707637084,0.70937149373331099,4,0,1,1
182.30000000000001,50,1233.7434452042899,0.88825299707653838,0.70938236838851165,4,0,1,1
182.40000000000001,50,1233.7434452042901,0.88825299707596628,0.70939324302753881,4,0,1,1
182.5,50,1233.7434452042899,0.88825299707664085,0.70940411765039202,4,0,1,1
182.60000000000002,50,1233.7434452042901,0.88825299707623406,0.70941499225707161,4,0,1,1
182.70000000000002,50,1233.7434452042903,0.88825299707637306,0.70942586684757714,4,0,1,1
182.80000000000001,50,1233.7434452042899,0.8882529970765155,0.70943674142190871,4,0,1,1
182.90000000000001,50,1233.7434452042901,0.88825299707598915,0.70944761598006623,4,0,1,1
183,50,1233.7434452042901,0.88825299707662975,0.70945849052204946,4,0,1,1
183.10000000000002,50,1233.7434452042901,0.88825299707622873,0.7094693650478584,4,0,1,1
183.20000000000002,50,1233.7434452042901,0.8882529970763805,0.70948023955749284,4,0,1,1
183.30000000000001,50,1233.7434452042899,0.88825299707653149,0.70949111405095266,4,0,1,1
183.40000000000001,50,1233.7434452042901,0.88825299707597172,0.70950198852823809,4,0,1,1
183.5,50,1233.7434452042905,0.88825299707663985,0.70951286298934857,4,0,1,1
183.60000000000002,50,1233.7434452042901,0.8882529970762193,0.70952373743428454,4,0,1,1
183.70000000000002,50,1233.7434452042901,0.88825299707638017,0.70953461186304534,4,0,1,1
183.80000000000001,50,1233.7434452042901,0.88825299707655181,0.70954548627563119,4,0,1,1
183.90000000000001,50,1233.7434452042901,0.88825299707594785,0.70955636067204197,4,0,1,1
184,50,1233.7434452042903,0.88825299707666772,0.70956723505227748,4,0,1,1
184.10000000000002,50,1233.7434452042901,0.88825299707620753,0.7095781094163377,4,0,1,1
184.20000000000002,50,1233.7434452042903,0.88825299707638405,0.70958898376422241,4,0,1,1
184.30000000000001,50,1233.7434452042901,0.88825299707653471,0.70959985809593162,4,0,1,1
184.40000000000001,50,1233.7434452042901,0.88825299707596106,0.70961073241146533,4,0,1,1
184.5,50,1233.7434452042903,0.88825299707665939,0.7096216067108233,4,0,1,1
184.60000000000002,50,1233.7434452042901,0.88825299707620697,0.70963248099400544,4,0,1,1
184.70000000000002,50,1233.7434452042903,0.88825299707638739,0.70964335526101163,4,0,1,1
184.80000000000001,50,1233.7434452042899,0.88825299707652816,0.70965422951184198,4,0,1,1
184.90000000000001,50,1233.7434452042901,0.88825299707597605,0.70966510374649605,4,0,1,1
185,50,1233.7434452042903,0.88825299707664496,0.70967597796497406,4,0,1,1
185.10000000000002,50,1233.7434452042901,0.88825299707621785,0.70968685216727567,4,0,1,1
185.20000000000002,50,1233.7434452042903,0.88825299707638361,0.70969772635340089,4,0,1,1
185.30000000000001,50,1233.7434452042899,0.88825299707651539,0.70970860052334961,4,0,1,1
185.40000000000001,50,1233.7434452042901,0.88825299707598604,0.70971947467712171,4,0,1,1
185.5,50,1233.7434452042903,0.88825299707663752,0.70973034881471708,4,0,1,1
185.60000000000002,50,1233.7434452042903,0.8882529970762254,0.70974122293613562,4,0,1,1
185.70000000000002,50,1233.7434452042903,0.88825299707638017,0.70975209704137732,4,0,1,1
185.80000000000001,50,1233.7434452042899,0.88825299707652272,0.70976297113044196,4,0,1,1
185.90000000000001,50,1233.7434452042901,0.88825299707598426,0.70977384520332965,4,0,1,1
186,50,1233.7434452042903,0.88825299707663352,0.70978471926004005,4,0,1,1
186.10000000000002,50,1233.7434452042901,0.88825299707622773,0.70979559330057318,4,0,1,1
186.20000000000002,50,1233.7434452042903,0.88825299707638139,0.70980646732492891,4,0,1,1
186.30000000000001,50,1233.7434452042901,0.88825299707651995,0.70981734133310714,4,0,1,1
186.40000000000001,50,1233.7434452042901,0.88825299707598127,0.70982821532510776,4,0,1,1
186.5,50,1233.7434452042903,0.8882529970766414,0.70983908930093065,4,0,1,1
186.60000000000002,50,1233.7434452042903,0.88825299707622163,0.70984996326057581,4,0,1,1
186.70000000000002,50,1233.7434452042903,0.88825299707637795,0.70986083720404314,4,0,1,1
186.80000000000001,50,1233.7434452042899,0.88825299707652516,0.70987171113133229,4,0,1,1
186.90000000000001,50,1233.7434452042901,0.88825299707598393,0.70988258504244361,4,0,1,1
187,50,1233.7434452042903,0.88825299707663175,0.70989345893737665,4,0,1,1
187.10000000000002,50,1233.7434452042901,0.88825299707622962,0.70990433281613141,4,0,1,1
187.20000000000002,50,1233.7434452042903,0.88825299707638283,0.70991520667870778,4,0,1,1
187.30000000000001,50,1233.7434452042899,0.88825299707652317,0.70992608052510564,4,0,1,1
187.40000000000001,50,1233.7434452042903,0.88825299707598482,0.70993695435532489,4,0,1,1
187.5,50,1233.7434452042905,0.88825299707663097,0.70994782816936552,4,0,1,1
187.60000000000002,50,1233.7434452042901,0.88825299707622785,0.70995870196722732,4,0,1,1
187.70000000000002,50,1233.7434452042903,0.88825299707638861,0.7099695757489104,4,0,1,1
187.80000000000001,50,1233.7434452042899,0.88825299707651839,0.70998044951441441,4,0,1,1
187.90000000000001,50,1233.7434452042903,0.88825299707605232,0.70999132326372749,4,0,1,1
188,49.999999999999993,1233.7434452042899,0.88825299707487704,0.71000219699687306,4,0,1,1
188.10000000000002,50.117297859881695,1237.8709664843407,7.5628902848750421,0.71000409030090017,4,0,1,1
188.20000000000002,50.261480120665858,1239.2374130473593,7.8092293759034401,0.71000396086878592,4,0,1,1
188.30000000000001,50.408154736071332,1240.3841509458343,7.8391529904412947,0.71000355023709671,4,0,1,1
188.40000000000001,50.555385919833519,1241.5224945826421,7.8823623780339478,0.71000306002307656,4,0,1,1
188.5,50.703024276865719,1242.6693613802609,7.9252182643563662,0.71000250810686172,4,0,1,1
188.60000000000002,50.851006350534121,1243.8257147221311,7.9603838591782976,0.71000190019620979,4,0,1,1
188.70000000000002,50.999267222423917,1244.9908254641152,7.9828167362227811,0.71000124267266584,4,0,1,1
188.80000000000001,51.14776854330578,1246.1643109347453,8.0239484537561321,0.71000053859345003,4,0,1,1
188.90000000000001,51.296471644319261,1247.3456266503517,8.063266948353311,0.70999979137116132,4,0,1,1
189,51.445344326986778,1248.5342785781122,8.1010295001866162,0.70999900383154091,4,0,1,1
189.10000000000002,51.602177727155784,1250.0059637933412,8.6356851569299451,0.70999743266454673,4,0,1,1
189.20000000000002,51.760925646483045,1251.2989287214693,8.6853507712670321,0.70999565800423337,4,0,1,1
189.30000000000001,51.919943573287028,1252.5834853775477,8.7210994020397141,0.70999382637624364,4,0,1,1
189.40000000000001,52.079086183217129,1253.8732470790237,8.7527378991090234,0.70999195341235477,4,0,1,1
189.5,52.238330160384564,1255.1689290975808,8.7843387944449223,0.70999004152078726,4,0,1,1
189.60000000000002,52.39766011191179,1256.4702181965135,8.8313013084429013,0.70998809209806168,4,0,1,1
189.70000000000002,52.557064694254898,1257.7768313902814,8.8628170466591953,0.70998610613926727,4,0,1,1
189.80000000000001,52.716532351050937,1259.0884120010226,8.8730616018373514,0.70998408463561458,4,0,1,1
189.90000000000001,52.876054955369334,1260.4046823256788,8.9091870390515648,0.7099820282786441,4,0,1,1
190,53.035624959591601,1261.7253551417587,8.9449873027553757,0.70997993769842516,4,0,1,1
190.10000000000002,53.187434929131072,1262.7730296072509,8.5343337710133333,0.70997857898770411,4,0,1,1
190.20000000000002,53.337467569210403,1264.0106518797377,8.5561973857220668,0.70997736044805981,4,0,1,1
190.30000000000001,53.487366713665395,1265.2665443878006,8.5862090191357634,0.70997613135068149,4,0,1,1
190.40000000000001,53.637256377204025,1266.5263424362272,8.6126954839488157,0.70997487775745216,4,0,1,1
190.5,53.787143572603789,1267.7887883154606,8.6372911012618836,0.70997359861227216,4,0,1,1
190.60000000000002,53.937030256184904,1269.0536732924227,8.6754990589540721,0.70997229361661995,4,0,1,1
190.70000000000002,54.086917139907733,1270.320825014584,8.6996345051479551,0.70997096262507253,4,0,1,1
190.80000000000001,54.23680566420952,1271.5901146902627,8.7099379486440256,0.70996960542757381,4,0,1,1
190.90000000000001,54.386696425379498,1272.8614204518767,8.7404407314820087,0.70996822189351494,4,0,1,1
191,54.536590127540265,1274.1346302710858,8.7710456520486879,0.70996681188288169,4,0,1,1
191.10000000000002,54.694275946168112,1275.6878352306862,9.3261470112285476,0.70996459280331525,4,0,1,1
191.20000000000002,54.853795317180662,1277.0557102483851,9.3692817463859761,0.70996216769179055,4,0,1,1
191.30000000000001,55.013480892907737,1278.4105050164883,9.3987179620687051,0.7099596928045685,4,0,1,1
191.40000000000001,55.173207977730435,1279.7663622916957,9.4344547185006,0.70995718210949132,4,0,1,1
191.5,55.332964911754523,1281.1241781341869,9.4544292583652325,0.70995463803515846,4,0,1,1
191.60000000000002,55.492747919280482,1282.4839189290299,9.5081537595733341,0.70995206038385283,4,0,1,1
191.70000000000002,55.652554009707856,1283.8455192508118,9.5345810083040146,0.70994944937163629,4,0,1,1
191.80000000000001,55.812379491011164,1285.2088424689457,9.5480867504450497,0.7099468052604907,4,0,1,1
191.90000000000001,55.972222078925547,1286.5737987514649,9.5835481233900417,0.7099441281951121,4,0,1,1
192,56.132079459407237,1287.9402852101155,9.6189422976336605,0.70994141831362245,4,0,1,1
192.10000000000002,56.2841752169156,1289.0289583694364,9.1840730788296678,0.70993947760946685,4,0,1,1
192.20000000000002,56.434433693826016,1290.30695404115,9.197138039687685,0.7099376896218117,4,0,1,1
192.30000000000001,56.584542614925248,1291.6009811089293,9.2321067617658468,0.70993589197676688,4,0,1,1
192.40000000000001,56.734624145152409,1292.8966914865771,9.254707231348517,0.7099340701228336,4,0,1,1
192.5,56.884687080584563,1294.1929438992561,9.2823016920575263,0.709932222777933,4,0,1,1
192.60000000000002,57.034735272517942,1295.4896513824267,9.295190049019185,0.70993034944005273,4,0,1,1
192.70000000000002,57.184770906417548,1296.7867532259263,9.3259078186512987,0.70992844980895242,4,0,1,1
192.80000000000001,57.334796689200886,1298.0842506759734,9.3568418141939933,0.70992652353586605,4,0,1,1
192.90000000000001,57.484814490254401,1299.3821088034119,9.3879467685790043,0.70992457035679846,4,0,1,1
193,57.634825883591965,1300.680314266328,9.4191746023133156,0.70992259002872615,4,0,1,1
193.10000000000002,57.78483228718585,1301.9788494354618,9.4505573928709872,0.70992058233202204,4,0,1,1
193.20000000000002,57.934834657364,1303.27769194916,9.4820364901106782,0.70991854708579127,4,0,1,1
193.30000000000001,58.084833947864688,1304.5768302602364,9.5136309549389342,0.70991648411302488,4,0,1,1
193.40000000000001,58.234830822522888,1305.8762440462776,9.5453197387780033,0.70991439326472716,4,0,1,1
193.5,58.384825857656566,1307.1759201570483,9.5770935191254054,0.70991227439945048,4,0,1,1
193.60000000000002,58.534819532618378,1308.4758436553784,9.608955789900822,0.70991012738676762,4,0,1,1
193.70000000000002,58.684812193859024,1309.7760000168587,9.6408906242012264,0.70990795210737201,4,0,1,1
193.80000000000001,58.834804161981893,1311.0763773292781,9.672902628987293,0.70990574844558707,4,0,1,1
193.90000000000001,58.984795661807809,1312.3769621130323,9.7049839011140211,0.70990351629489978,4,0,1,1
194,59.134786887351709,1313.6777433513221,9.7371327803365233,0.70990125555164552,4,0,1,1
194.10000000000002,59.292526747978513,1315.2599990935219,10.339700274177481,0.70989813014672021,4,0,1,1
194.20000000000002,59.452149249568244,1316.6526626602074,10.379622686180001,0.70989477846573945,4,0,1,1
194.30000000000001,59.611926374523982,1318.0305180955884,10.413596614565581,0.70989137411284575,4,0,1,1
194.40000000000001,59.771739313949915,1319.4080580429254,10.449448647194965,0.7098879321102024,4,0,1,1
194.5,59.931578438889467,1320.7863321685757,10.480784476027043,0.70988445371320708,4,0,1,1
194.60000000000002,60.091439310348449,1322.1653457674304,10.529113790388063,0.70988093933181706,4,0,1,1
194.70000000000002,60.251319139072812,1323.5450925199,10.550821722012305,0.70987738917833498,4,0,1,1
194.80000000000001,60.411214405844092,1324.9255102867596,10.569963611926934,0.7098738035104093,4,0,1,1
194.90000000000001,60.571122979739201,1326.3065652894506,10.607136029944559,0.70987018246513101,4,0,1,1
195,60.731042727284525,1327.6882143579046,10.644241934383585,0.7098665261683782,4,0,1,1
195.10000000000002,60.88323669436577,1328.7880126809134,10.151281303704605,0.70986369022783025,4,0,1,1
195.20000000000002,61.033538793659524,1330.0791841479484,10.185554511557701,0.709861022748555,4,0,1,1
195.30000000000001,61.183695340484881,1331.3858318868254,10.222731332700588,0.70985834398983172,4,0,1,1
195.40000000000001,61.333822870823631,1332.6934387805211,10.238429458742083,0.70985563884327008,4,0,1,1
195.5,61.483929561841357,1334.000896825816,10.272797545458719,0.70985290601106843,4,0,1,1
195.60000000000002,61.634019311963449,1335.3081620851979,10.287662812406296,0.70985014494473231,4,0,1,1
195.70000000000002,61.784094470835761,1336.6152110469234,10.319974088630296,0.709847355308584,4,0,1,1
195.80000000000001,61.934157719646663,1337.922079118264,10.35250314920636,0.70984453672678871,4,0,1,1
195.90000000000001,62.084211072274279,1339.2287683571828,10.385231915736961,0.70984168890032062,4,0,1,1
196,62.234256128235664,1340.5352936806539,10.418092344178548,0.70983881156332429,4,0,1,1
196.10000000000002,62.384294397330287,1341.8416696135785,10.451122623198083,0.70983590446867784,4,0,1,1
196.20000000000002,62.534326919177929,1343.1479011179349,10.484264551089684,0.70983296741250246,4,0,1,1
196.30000000000001,62.684354706570275,1344.4540026798518,10.517530548374843,0.7098300001962693,4,0,1,1
196.40000000000001,62.834378518889324,1345.7599797213559,10.550905162284677,0.709827002648868,4,0,1,1
196.5,62.984398995338942,1347.0658419530516,10.584374033732971,0.70982397460980484,4,0,1,1
196.60000000000002,63.134416693986076,1348.3715969184316,10.617941933812732,0.70982091592899266,4,0,1,1
196.70000000000002,63.284432034104569,1349.6772507134517,10.651592659536526,0.70981782646937119,4,0,1,1
196.80000000000001,63.434445401811381,1350.9828110488559,10.685329156381842,0.70981470609815323,4,0,1,1
196.90000000000001,63.584457093061012,1352.2882830463243,10.719144529083795,0.70981155469193202,4,0,1,1
197,63.734467363195222,1353.5936729344132,10.753035734064646,0.70980837213114034,4,0,1,1
197.10000000000002,63.892185339619992,1355.1833308299558,11.39992039265865,0.70980426881890946,4,0,1,1
197.20000000000002,64.051837329677085,1356.580451385202,11.443059013678365,0.70979991770953632,4,0,1,1
197.30000000000001,64.211635332338929,1357.9622276331756,11.484148618425435,0.70979551056379375,4,0,1,1
197.40000000000001,64.371466835524302,1359.3434510293735,11.510376620794547,0.70979106283106941,4,0,1,1
197.5,64.531323152799686,1360.7252001738968,11.54980892579643,0.70978657574347193,4,0,1,1
197.60000000000002,64.691199900853775,1362.1074992464942,11.565181498412043,0.70978204971858005,4,0,1,1
197.70000000000002,64.851094274749357,1363.4903450029799,11.604523084931884,0.70977748497905757,4,0,1,1
197.80000000000001,65.011003210223848,1364.8736871110591,11.643734371359042,0.70977288176240361,4,0,1,1
197.90000000000001,65.17092442053935,1366.2575052011118,11.682865685065877,0.70976824021785789,4,0,1,1
198,65.330855972052547,1367.6417651549764,11.721962834709689,0.7097635604608391,4,0,1,1
198.10000000000002,65.483101411416328,1368.7410686053051,11.193638053922088,0.70975975162810356,4,0,1,1
198.20000000000002,65.633400451984087,1370.0341163720839,11.226919062925079,0.70975612755309414,4,0,1,1
198.30000000000001,65.78356186914877,1371.3429122774191,11.261502391380159,0.70975248987527051,4,0,1,1
198.40000000000001,65.933694533600317,1372.6525644409946,11.292165890306487,0.70974882318562704,4,0,1,1
198.5,66.083806491086079,1373.9619550102811,11.321941742153619,0.7097451261302814,4,0,1,1
198.60000000000002,66.233901456136905,1375.2710465447994,11.333982002279111,0.70974139814995452,4,0,1,1
198.70000000000002,66.383981788355101,1376.5798270875084,11.368108435923908,0.70973763888014318,4,0,1,1
198.80000000000001,66.534050118444441,1377.8883339822394,11.402473951725129,0.70973384792539451,4,0,1,1
198.90000000000001,66.68410840367909,1379.196575273281,11.437040404174578,0.70973002496949511,4,0,1,1
199,66.834158265235388,1380.504572337132,11.471758090549489,0.70972616972639979,4,0,1,1
199.10000000000002,66.991884098113957,1382.0988121688217,12.154957460502581,0.70972135623891119,4,0,1,1
199.20000000000002,67.151572473418611,1383.4984321938612,12.195864205623211,0.7097162805350099,4,0,1,1
199.30000000000001,67.31139849141384,1384.8824092208656,12.231804939022766,0.70971114676010827,4,0,1,1
199.40000000000001,67.471254049763616,1386.2657137428509,12.268071284757095,0.70970597058448492,4,0,1,1
199.5,67.63113108660589,1387.6494284767136,12.30493511617291,0.70970075320486659,4,0,1,1
199.60000000000002,67.791025838492487,1389.0335817058201,12.319418416655028,0.70969549498459172,4,0,1,1
199.70000000000002,67.950935885209049,1390.418178028933,12.360064942463236,0.70969019610808626,4,0,1,1
199.80000000000001,68.110858538586825,1391.8031730043087,12.400602839122461,0.70968485677862259,4,0,1,1
199.90000000000001,68.27079179413073,1393.1885521351485,12.441072425176177,0.70967947711604729,4,0,1,1
200,68.430733982107313,1394.5742876849417,12.481524620019943,0.70967405720823939,4,0,1,1
200.10000000000002,68.583015196698653,1395.6729241907526,11.924413754198913,0.70966954237138025,4,0,1,1
200.20000000000002,68.733314641840593,1396.9670522516178,11.962397804404615,0.70966522348092687,4,0,1,1
200.30000000000001,68.88348048432249,1398.2770635438192,12.000704205423245,0.7096608893817874,4,0,1,1
200.40000000000001,69.03361734700951,1399.5878714633086,12.022565257774152,0.70965652441468552,4,0,1,1
200.5,69.183733327650856,1400.8983553225178,12.059194647747853,0.7096521271753562,4,0,1,1
200.60000000000002,69.333832095119362,1402.208483282303,12.072646374225666,0.70964769708418152,4,0,1,1
200.70000000000002,69.483916021235785,1403.5182463904614,12.108062399332495,0.70964323375931937,4,0,1,1
200.80000000000001,69.633987744138565,1404.8276854071523,12.143728397031465,0.70963873678637657,4,0,1,1
200.90000000000001,69.784049233561973,1406.1368111131289,12.179606311233769,0.70963420583292225,4,0,1,1
201,69.934102120063102,1407.4456476948142,12.215642776167464,0.70962964059854328,4,0,1,1
201.10000000000002,69.96949548213037,1404.4271288497737,2.8310135063877073,0.7096377502770973,4,0,1,1
201.20000000000002,69.974507018613508,1404.3437092222582,2.6371960876362577,0.70964894652282706,4,0,1,1
201.30000000000001,69.977551694158763,1404.5015322518364,2.6159948078479043,0.70966037009027005,4,0,1,1
201.40000000000001,69.980111221980934,1404.6685378430975,2.5959509279904029,0.70967184434464459,4,0,1,1
201.5,69.982299190199342,1404.8268362786428,2.5716044575931409,0.70968335442956465,4,0,1,1
201.60000000000002,69.984180332886439,1404.9757516354327,2.5668760858758093,0.70969489389189266,4,0,1,1
201.70000000000002,69.98579863539625,1405.115714609823,2.5365827980450582,0.70970645851650871,4,0,1,1
201.80000000000001,69.987200075233986,1405.2473236797919,2.5334339870955396,0.70971804394612592,4,0,1,1
201.90000000000001,69.988417448757104,1405.3710766026702,2.5206203970558945,0.70972964705795871,4,0,1,1
202,69.989479823174321,1405.4874618003464,2.5098649325724587,0.70974126509374258,4,0,1,1
202.10000000000002,69.990411113891227,1405.5969265344468,2.5007727465446146,0.70975289577647749,4,0,1,1
202.20000000000002,69.991231335356545,1405.6998981940289,2.4930851347370639,0.70976453720206423,4,0,1,1
202.30000000000001,69.991957059657068,1405.7967677496033,2.4865588196273447,0.70977618779181906,4,0,1,1
202.40000000000001,69.992602108957016,1405.8879057176082,2.4809938770340727,0.70978784622636182,4,0,1,1
202.5,69.99317804251281,1405.9736571671042,2.4762407346190156,0.70979951140262687,4,0,1,1
202.60000000000002,69.993694488073615,1406.054344648086,2.4721557143941282,0.70981118239860408,4,0,1,1
202.70000000000002,69.994159549123395,1406.1302721452807,2.4686369025418662,0.70982285843774351,4,0,1,1
202.80000000000001,69.994580008701874,1406.2017228667378,2.4655897639909541,0.7098345388682421,4,0,1,1
202.90000000000001,69.994961589635778,1406.2689638702216,2.4629395863963248,0.70984622313883061,4,0,1,1
203,69.995309125012284,1406.3322450869478,2.4606255843193243,0.70985791078300264,4,0,1,1
203.10000000000002,69.995626703408547,1406.3918013349498,2.4585938572623141,0.70986960140466826,4,0,1,1
203.20000000000002,69.995917807183233,1406.4478533724871,2.4568033786403736,0.70988129466569871,4,0,1,1
203.30000000000001,69.996185400580273,1406.5006082600869,2.4552171393782745,0.70989299027717589,4,0,1,1
203.40000000000001,69.996432025236999,1406.5502609125788,2.4538058595061045,0.70990468799056383,4,0,1,1
203.5,69.99665986469391,1406.5969943254586,2.4525446856987183,0.70991638759159004,4,0,1,1
203.60000000000002,69.996870803383231,1406.640980645562,2.4514124831722302,0.70992808889457393,4,0,1,1
203.70000000000002,69.997066476292943,1406.6823817439322,2.4503921806212627,0.70993979173784749,4,0,1,1
203.80000000000001,69.997248305894246,1406.7213498064966,2.4494688082524481,0.70995149598016694,4,0,1,1
203.90000000000001,69.99741753765403,1406.7580280384525,2.4486301697765689,0.70996320149733616,4,0,1,1
204,69.997575265772753,1406.7925510734522,2.4478658240674545,0.70997490817987141,4,0,1,1
204.10000000000002,69.997722455842478,1406.825045710468,2.4471667188741728,0.70998661593074053,4,0,1,1
204.20000000000002,69.997859965381195,1406.8556312093899,2.4465255533299817,0.70999832466336155,4,0,1,1
204.30000000000001,69.997988558260687,1406.8844196274188,2.4459358683257482,0.7100100343003648,4,0,1,1
204.40000000000001,69.998108917528711,1406.9115165417213,2.4453920369504321,0.71002174477235103,4,0,1,1
204.5,69.99822165740683,1406.9370213822406,2.4448893419933961,0.71003345601665668,4,0,1,1
204.60000000000002,69.998327332469273,1406.9610276279464,2.4444237661527652,0.71004516797651807,4,0,1,1
204.70000000000002,69.998426444932107,1406.9836232637601,2.4439916769508749,0.71005688060034144,4,0,1,1
204.80000000000001,69.998519451800107,1407.0048910899761,2.4435900523763174,0.71006859384104504,4,0,1,1
204.90000000000001,69.998606769687186,1407.0249090260938,2.4432161311474809,0.71008030765564489,4,0,1,1
205,69.998688779805477,1407.043750510695,2.4428674540870712,0.71009202200465549,4,0,1,1
205.10000000000002,69.998765832806825,1407.0614845962032,2.4425420547580075,0.71010373685170891,4,0,1,1
205.20000000000002,69.998838250867664,1407.0781762756728,2.4422379431837151,0.71011545216327732,4,0,1,1
205.30000000000001,69.998906331890794,1407.093886733413,2.4419535277206208,0.71012716790832142,4,0,1,1
205.40000000000001,69.998970350913666,1407.1086735398951,2.4416872844384554,0.71013888405816172,4,0,1,1
205.5,69.999030562863254,1407.1225909634459,2.4414377889315091,0.71015060058614399,4,0,1,1
205.60000000000002,69.999087204887971,1407.135690035949,2.4412039604837776,0.71016231746746183,4,0,1,1
205.70000000000002,69.999140497107547,1407.1480187904119,2.4409845796655829,0.71017403467903417,4,0,1,1
205.80000000000001,69.999190644971947,1407.1596224495647,2.4407787283466984,0.71018575219930835,4,0,1,1
205.90000000000001,69.999237839728323,1407.170543563642,2.440585447155069,0.7101974700082232,4,0,1,1
206,69.99928225996355,1407.1808222445418,2.4404038596266857,0.71020918808700684,4,0,1,1
206.10000000000002,69.999324072944844,1407.190496212555,2.4402332753431382,0.71022090641808289,4,0,1,1
206.20000000000002,69.999363434827771,1407.1996009726422,2.4400729158608288,0.71023262498501083,4,0,1,1
206.30000000000001,69.999400492156212,1407.2081699521837,2.4399221712480847,0.71024434377236445,4,0,1,1
206.40000000000001,69.999435381959657,1407.2162346036082,2.4397804196456736,0.71025606276572617,4,0,1,1
206.5,69.999468232743169,1407.2238245762662,2.4396470548757643,0.7102677819515546,4,0,1,1
206.60000000000002,69.999499165300222,1407.2309677524393,2.4395216292874262,0.71027950131712903,4,0,1,1
206.70000000000002,69.999528292770833,1407.2376903762513,2.4394035909634422,0.7102912208505161,4,0,1,1
206.80000000000001,69.999555721628866,1407.2440171563185,2.4392925357427737,0.71030294054049081,4,0,1,1
206.90000000000001,69.999581551687328,1407.2499713406869,2.4391880150151102,0.71031466037653868,4,0,1,1
207,69.999605876753336,1407.2555748447141,2.4390896164587357,0.71032638034876461,4,0,1,1
207.10000000000002,69.999628785179297,1407.2608482769397,2.4389970120439877,0.71033810044785728,4,0,1,1
207.20000000000002,69.999650359857057,1407.2658110352429,2.4389098217016296,0.71034982066506858,4,0,1,1
207.30000000000001,69.999670678913645,1407.2704813816722,2.4388277448117806,0.71036154099215876,4,0,1,1
207.40000000000001,69.999689815680838,1407.2748764989183,2.438750471756614,0.71037326142140089,4,0,1,1
207.5,69.999707839159598,1407.2790125838224,2.4386776931138683,0.71038498194551547,4,0,1,1
207.60000000000002,69.999724814401489,1407.2829048675208,2.4386091841456046,0.7103967025576472,4,0,1,1
207.70000000000002,69.999740802493363,1407.2865676856156,2.438544657568285,0.71040842325134979,4,0,1,1
207.80000000000001,69.999755861052691,1407.290014534334,2.4384839060000254,0.71042014402054732,4,0,1,1
207.90000000000001,69.999770044198513,1407.2932581115213,2.4384266931801992,0.71043186485953924,4,0,1,1
208,69.999783402881889,1407.2963103865341,2.4383728031268741,0.71044358576295208,4,0,1,1
208.10000000000002,69.999795985163914,1407.2991826144082,2.438322061811165,0.71045530672572299,4,0,1,1
208.20000000000002,69.999807836195302,1407.3018853884619,2.4382742680270457,0.71046702774308956,4,0,1,1
208.30000000000001,69.999818998580452,1407.3044286811207,2.4382292604605209,0.71047874881056172,4,0,1,1
208.40000000000001,69.999829512349223,1407.3068218749363,2.4381868743434927,0.71049046992392506,4,0,1,1
208.5,69.99983941520081,1407.3090738135968,2.4381469421024065,0.71050219107920609,4,0,1,1
208.60000000000002,69.999848742704188,1407.3111928130465,2.4381093439907855,0.71051391227266036,4,0,1,1
208.70000000000002,69.999857528283201,1407.313186699758,2.4380739236092763,0.71052563350076514,4,0,1,1
208.80000000000001,69.99986580348191,1407.315062841531,2.4380405697619887,0.71053735476019786,4,0,1,1
208.90000000000001,69.999873597944415,1407.3168281698554,2.4380091533365884,0.7105490760478399,4,0,1,1
209,69.999880939592003,1407.3184892181948,2.4379795577844434,0.71056079736075095,4,0,1,1
209.10000000000002,69.999887854772808,1407.3200521296544,2.43795168767089,0.71057251869615912,4,0,1,1
209.20000000000002,69.999894368247823,1407.3215226858038,2.4379254341241863,0.71058424005145671,4,0,1,1
209.30000000000001,69.999900503388758,1407.322906328958,2.4379007083911484,0.71059596142418424,4,0,1,1
209.40000000000001,69.999906282160623,1407.3242081791996,2.4378774212769083,0.71060768281203313,4,0,1,1
209.5,69.999911725254393,1407.3254330622201,2.4378554804342656,0.71061940421282555,4,0,1,1
209.60000000000002,69.999916852195739,1407.3265855154291,2.4378348211331544,0.71063112562450981,4,0,1,1
209.70000000000002,69.999921681336062,1407.3276698088325,2.4378153570718171,0.7106428470451549,4,0,1,1
209.80000000000001,69.999926229997158,1407.3286899619336,2.4377970280457535,0.71065456847293929,4,0,1,1
209.90000000000001,69.999930514459791,1407.3296497559093,2.4377797626811875,0.71066628990615355,4,0,1,1
210,69.999934550060232,1407.3305527545988,2.4377634977071643,0.71067801134318531,4,0,1,1
210.10000000000002,69.999938351272291,1407.3314023086209,2.4377481802250363,0.71068973278251468,4,0,1,1
210.20000000000002,69.99994193169897,1407.3322015711819,2.437733751082181,0.7107014542227118,4,0,1,1
210.30000000000001,69.999945304181111,1407.3329535102202,2.4377201610452786,0.71071317566242787,4,0,1,1
210.40000000000001,69.999948480787495,1407.3336609177545,2.4377073616963956,0.71072489710039677,4,0,1,1
210.5,69.999951472887574,1407.3343264250657,2.437695301836019,0.71073661853542436,4,0,1,1
210.60000000000002,69.999954291210955,1407.3349525060535,2.4376839464248894,0.71074833996638509,4,0,1,1
210.70000000000002,69.999956945842541,1407.3355414886164,2.4376732476019414,0.71076006139221992,4,0,1,1
210.80000000000001,69.999959446301688,1407.3360955639296,2.4376631727617761,0.71077178281192999,4,0,1,1
210.90000000000001,69.999961801536088,1407.3366167930665,2.437653682264914,0.71078350422457759,4,0,1,1
211,69.999964019974442,1407.337107118504,2.4376447417819604,0.71079522562927833,4,0,1,1
211.10000000000002,69.99996610957183,1407.3375683663232,2.4376363218449031,0.71080694702519898,4,0,1,1
211.20000000000002,69.999968077804738,1407.3380022548845,2.4376283903520335,0.71081866841155472,4,0,1,1
211.30000000000001,69.999969931731016,1407.3384104014365,2.4376209198666725,0.71083038978760615,4,0,1,1
211.40000000000001,69.99997167798422,1407.3387943272505,2.4376138841666006,0.71084211115265861,4,0,1,1
211.5,69.999973322813602,1407.3391554658951,2.4376072547415015,0.71085383250605727,4,0,1,1
211.60000000000002,69.999974872116908,1407.3394951650785,2.4376010127024341,0.71086555384718497,4,0,1,1
211.70000000000002,69.999976331437438,1407.3398146928444,2.4375951313985906,0.71087727517546062,4,0,1,1
211.80000000000001,69.999977706007769,1407.3401152426707,2.4375895932413614,0.71088899649033632,4,0,1,1
211.90000000000001,69.999979000746279,1407.340397937056,2.4375843761343399,0.71090071779129804,4,0,1,1
212,69.999980220286119,1407.3406638338352,2.4375794615052997,0.71091243907786061,4,0,1,1
212.10000000000002,69.999981369000082,1407.3409139273472,2.4375748328716003,0.71092416034956696,4,0,1,1
212.20000000000002,69.999982450997962,1407.3411491531947,2.4375704728716392,0.71093588160598697,4,0,1,1
212.30000000000001,69.999983470159435,1407.3413703918359,2.4375663661509028,0.7109476028467151,4,0,1,1
212.40000000000001,69.999984430130922,1407.3415784714073,2.4375624985594118,0.71095932407137019,4,0,1,1
212.5,69.999985334347727,1407.3417741722271,2.437558854173199,0.71097104527959321,4,0,1,1
212.60000000000002,69.999986186051771,1407.3419582278111,2.4375554228528724,0.71098276647104575,4,0,1,1
212.70000000000002,69.999986988290317,1407.342131328234,2.4375521897162429,0.71099448764540907,4,0,1,1
212.80000000000001,69.999987743939712,1407.3422941229394,2.4375491453207117,0.71100620880238297,4,0,1,1
212.90000000000001,69.999988455703644,1407.3424472226768,2.4375462773004664,0.71101792994168544,4,0,1,1
213,69.999989126128995,1407.3425912029666,2.4375435756639483,0.71102965106305049,4,0,1,1
213.10000000000002,69.999989757619559,1407.3427266047158,2.4375410311365346,0.71104137216622743,4,0,1,1
213.20000000000002,69.999990352434537,1407.3428539368344,2.4375386343814456,0.71105309325098054,4,0,1,1
213.30000000000001,69.99999091270665,1407.3429736781791,2.4375363767607583,0.71106481431708712,4,0,1,1
213.40000000000001,69.999991440440397,1407.3430862791108,2.4375342506849513,0.71107653536433857,4,0,1,1
213.5,69.999991937524214,1407.3431921639369,2.4375322472221459,0.71108825639253814,4,0,1,1
213.60000000000002,69.999992405740258,1407.3432917314744,2.4375303609700478,0.71109997740149999,4,0,1,1
213.70000000000002,69.999992846763632,1407.3433853568738,2.4375285835793963,0.71111169839104948,4,0,1,1
213.80000000000001,69.999993262175536,1407.3434733931645,2.437526910022342,0.71112341936102197,4,0,1,1
213.90000000000001,69.999993653462255,1407.3435561722983,2.4375253333486162,0.71113514031126301,4,0,1,1
214,69.999994022023841,1407.3436340070539,2.4375238482102599,0.71114686124162674,4,0,1,1
214.10000000000002,69.999994369181735,1407.3437071913561,2.4375224493685148,0.7111585821519758,4,0,1,1
214.20000000000002,69.999994696177865,1407.343776001715,2.4375211318284258,0.71117030304218087,4,0,1,1
214.30000000000001,69.999995004184612,1407.3438406982775,2.4375198907056768,0.71118202391211993,4,0,1,1
214.40000000000001,69.999995294303915,1407.3439015256852,2.4375187219648566,0.71119374476167874,4,0,1,1
214.5,69.999995567573919,1407.3439587143953,2.4375176205619953,0.71120546559074937,4,0,1,1
214.60000000000002,69.999995824974235,1407.344012480999,2.4375165836521546,0.71121718639922993,4,0,1,1
214.70000000000002,69.999996067425812,1407.344063029205,2.4375156065300119,0.71122890718702469,4,0,1,1
214.80000000000001,69.999996295797843,1407.3441105506868,2.4375146865445143,0.71124062795404352,4,0,1,1
214.90000000000001,69.999996510907337,1407.3441552256522,2.4375138197595656,0.71125234870020182,4,0,1,1
215,69.999996713523984,1407.3441972238829,2.4375130033540047,0.71126406942541953,4,0,1,1
215.10000000000002,69.999996904374186,1407.3442367048983,2.4375122343300042,0.7112757901296215,4,0,1,1
215.20000000000002,69.999997084140702,1407.3442738187546,2.4375115100534095,0.71128751081273678,4,0,1,1
215.30000000000001,69.99999725346801,1407.3443087066012,2.4375108277376962,0.71129923147469865,4,0,1,1
215.40000000000001,69.999997412961861,1407.3443415011641,2.4375101852540451,0.71131095211544437,4,0,1,1
215.5,69.999997563192977,1407.3443723274554,2.4375095797489204,0.71132267273491467,4,0,1,1
215.60000000000002,69.999997704699851,1407.3444013029493,2.4375090097372429,0.71133439333305415,4,0,1,1
215.70000000000002,69.999997837988786,1407.3444285381149,2.4375084725539025,0.71134611390981017,4,0,1,1
215.80000000000001,69.999997963537581,1407.3444541368831,2.4375079668186284,0.71135783446513334,4,0,1,1
215.90000000000001,69.999998081795383,1407.3444781969531,2.4375074902891094,0.71136955499897736,4,0,1,1
216,69.999998193185348,1407.3445008103602,2.4375070414957434,0.71138127551129826,4,0,1,1
216.10000000000002,69.99999829810676,1407.3445220635613,2.4375066187107644,0.71139299600205508,4,0,1,1
216.20000000000002,69.999998396934956,1407.3445420378762,2.4375062205587197,0.71140471647120873,4,0,1,1
216.30000000000001,69.999998490024254,1407.3445608097818,2.4375058454442691,0.71141643691872281,4,0,1,1
216.40000000000001,69.999998577707629,1407.344578451185,2.437505492257904,0.71142815734456288,4,0,1,1
216.5,69.999998660298829,1407.3445950297996,2.4375051593682904,0.71143987774869677,4,0,1,1
216.60000000000002,69.999998738093936,1407.3446106092506,2.4375048460210436,0.71145159813109371,4,0,1,1
216.70000000000002,69.999998811371228,1407.344625249355,2.4375045506903854,0.71146331849172517,4,0,1,1
216.80000000000001,69.999998880393349,1407.3446390063862,2.4375042726752958,0.71147503883056407,4,0,1,1
216.90000000000001,69.999998945407299,1407.3446519332292,2.4375040106933259,0.71148675914758497,4,0,1,1
217,69.999999006645595,1407.3446640796994,2.4375037639791959,0.71149847944276401,4,0,1,1
217.10000000000002,69.999999064327838,1407.3446754925849,2.4375035315416498,0.71151019971607843,4,0,1,1
217.20000000000002,69.999999118660298,1407.3446862158835,2.4375033126705952,0.71152191996750713,4,0,1,1
217.30000000000001,69.999999169837793,1407.3446962909686,2.4375031064366146,0.71153364019703025,4,0,1,1
217.40000000000001,69.999999218043357,1407.3447057567344,2.4375029122829446,0.71154536040462879,4,0,1,1
217.5,69.999999263449482,1407.3447146497999,2.4375027292638758,0.711557080590285,4,0,1,1
217.60000000000002,69.999999306218925,1407.3447230045686,2.4375025570121394,0.71156880075398232,4,0,1,1
217.70000000000002,69.999999346504666,1407.3447308533766,2.4375023946411694,0.711580520895705,4,0,1,1
217.80000000000001,69.999999384451101,1407.3447382266415,2.4375022418121159,0.71159224101543839,4,0,1,1
217.90000000000001,69.999999420194001,1407.3447451529432,2.4375020977753401,0.71160396111316848,4,0,1,1
218,69.99999945386125,1407.344751659198,2.4375019621521923,0.71161568118888197,4,0,1,1
218.10000000000002,69.999999485573468,1407.3447577706816,2.437501834358212,0.71162740124256685,4,0,1,1
218.20000000000002,69.999999515444159,1407.3447635111597,2.4375017140403914,0.71163912127421125,4,0,1,1
218.30000000000001,69.999999543580344,1407.3447689029726,2.4375016006540982,0.71165084128380462,4,0,1,1
218.40000000000001,69.999999570082693,1407.344773967121,2.4375014939228077,0.7116625612713362,4,0,1,1
218.5,69.99999959504602,1407.3447787233722,2.4375013932990144,0.71167428123679655,4,0,1,1
218.60000000000002,69.999999618559769,1407.3447831902947,2.4375012986082947,0.71168600118017666,4,0,1,1
218.70000000000002,69.999999640708083,1407.3447873853365,2.4375012093360344,0.71169772110146778,4,0,1,1
218.80000000000001,69.999999661570342,1407.3447913249081,2.437501125322596,0.71170944100066191,4,0,1,1
218.90000000000001,69.999999681221183,1407.344795024424,2.437501046130143,0.7117211608777515,4,0,1,1
219,69.99999969973085,1407.3447984984011,2.4375009715738609,0.71173288073272944,4,0,1,1
219.10000000000002,69.99999971716575,1407.3448017604671,2.4375009013123066,0.71174460056558886,4,0,1,1
219.20000000000002,69.999999733588211,1407.3448048234311,2.4375008351722878,0.71175632037632341,4,0,1,1
219.30000000000001,69.999999749057125,1407.3448076993343,2.437500772828896,0.71176804016492723,4,0,1,1
219.40000000000001,69.999999763627784,1407.3448103994926,2.4375007141573666,0.71177975993139486,4,0,1,1
219.5,69.999999777352343,1407.3448129345538,2.4375006588327466,0.71179147967572065,4,0,1,1
219.60000000000002,69.999999790279958,1407.3448153145189,2.4375006067789649,0.71180319939789993,4,0,1,1
219.70000000000002,69.999999802456898,1407.3448175487831,2.4375005576952113,0.71181491909792782,4,0,1,1
219.80000000000001,69.999999813926792,1407.3448196461804,2.4375005115118804,0.7118266387758001,4,0,1,1
219.90000000000001,69.999999824730679,1407.3448216150073,2.4375004679672494,0.71183835843151255,4,0,1,1
220,69.9999998349072,1407.3448234630757,2.4375004269856246,0.7118500780650614,4,0,1,1
220.10000000000002,69.999999844492805,1407.3448251977154,2.4375003883503812,0.71186179767644275,4,0,1,1
220.20000000000002,69.999999853521828,1407.3448268258176,2.4375003519935277,0.7118735172656534,4,0,1,1
220.30000000000001,69.999999862026584,1407.3448283538548,2.4375003177152719,0.71188523683269,4,0,1,1
220.40000000000001,69.999999870037499,1407.3448297879115,2.4375002854612826,0.71189695637754957,4,0,1,1
220.5,69.999999877583264,1407.3448311337095,2.4375002550429836,0.71190867590022888,4,0,1,1
220.60000000000002,69.999999884690865,1407.3448323966229,2.4375002264267951,0.71192039540072583,4,0,1,1
220.70000000000002,69.999999891385784,1407.3448335816981,2.4375001994393859,0.71193211487903751,4,0,1,1
220.80000000000001,69.999999897691964,1407.3448346936789,2.4375001740505651,0.71194383433516162,4,0,1,1
220.90000000000001,69.999999903631988,1407.3448357370203,2.4375001501088196,0.71195555376909592,4,0,1,1
221,69.9999999092271,1407.3448367159137,2.437500127580789,0.71196727318083841,4,0,1,1
221.10000000000002,69.999999914497323,1407.344837634294,2.4375001063351203,0.71197899257038688,4,0,1,1
221.20000000000002,69.999999919461544,1407.3448384958574,2.437500086351895,0.71199071193773966,4,0,1,1
221.30000000000001,69.999999924137541,1407.3448393040746,2.4375000675020337,0.71200243128289475,4,0,1,1
221.40000000000001,69.999999928542039,1407.344840062208,2.4375000497731834,0.71201415060585083,4,0,1,1
221.5,69.999999932690784,1407.344840773324,2.4375000330450334,0.71202586990660588,4,0,1,1
221.60000000000002,69.999999936598627,1407.3448414403038,2.4375000173146435,0.71203758918515914,4,0,1,1
221.70000000000002,69.999999940279579,1407.3448420658492,2.4375000024754994,0.71204930844150871,4,0,1,1
221.80000000000001,69.999999943746829,1407.3448426525008,2.4374999885190749,0.7120610276756536,4,0,1,1
221.90000000000001,69.999999947012753,1407.3448432026441,2.4374999753532554,0.71207274688759226,4,0,1,1
222,69.999999950089034,1407.3448437185227,2.4374999629702447,0.7120844660773239,4,0,1,1
222.10000000000002,69.999999952986713,1407.3448442022404,2.4374999512891322,0.7120961852448473,4,0,1,1
222.20000000000002,69.999999955716135,1407.344844655775,2.4374999403016435,0.71210790439016147,4,0,1,1
222.30000000000001,69.999999958287106,1407.3448450809831,2.4374999299367528,0.71211962351326552,4,0,1,1
222.40000000000001,69.999999960708806,1407.3448454796066,2.4374999201924687,0.71213134261415845,4,0,1,1
222.5,69.999999962989861,1407.3448458532855,2.4374999109917899,0.71214306169283959,4,0,1,1
222.60000000000002,69.999999965138514,1407.3448462035592,2.4374999023470152,0.71215478074930816,4,0,1,1
222.70000000000002,69.99999996716241,1407.3448465318684,2.4374998941858861,0.7121664997835635,4,0,1,1
222.80000000000001,69.999999969068796,1407.3448468395704,2.4374998865140185,0.7121782187956045,4,0,1,1
222.90000000000001,69.999999970864508,1407.3448471279389,2.4374998792743039,0.71218993778543094,4,0,1,1
223,69.999999972555941,1407.3448473981696,2.4374998724666912,0.71220165675304214,4,0,1,1
223.10000000000002,69.999999974149176,1407.3448476513845,2.4374998660422702,0.71221337569843746,4,0,1,1
223.20000000000002,69.999999975649914,1407.3448478886385,2.4374998600040096,0.71222509462161643,4,0,1,1
223.30000000000001,69.999999977063524,1407.3448481109197,2.4374998543032858,0.71223681352257862,4,0,1,1
223.40000000000001,69.999999978395039,1407.3448483191571,2.4374998489465316,0.71224853240132346,4,0,1,1
223.5,69.999999979649289,1407.3448485142235,2.4374998438880717,0.71226025125785053,4,0,1,1
223.60000000000002,69.999999980830694,1407.3448486969371,2.4374998391353069,0.71227197009215959,4,0,1,1
223.70000000000002,69.999999981943517,1407.3448488680658,2.4374998346465144,0.71228368890425009,4,0,1,1
223.80000000000001,69.999999982991724,1407.3448490283311,2.4374998304301947,0.7122954076941217,4,0,1,1
223.90000000000001,69.999999983979095,1407.34484917841,2.4374998264477967,0.71230712646177408,4,0,1,1
224,69.99999998490911,1407.3448493189376,2.4374998227079483,0.71231884520720712,4,0,1,1
224.10000000000002,69.999999985785152,1407.3448494505099,2.4374998191736288,0.71233056393042038,4,0,1,1
224.20000000000002,69.999999986610348,1407.344849573687,2.4374998158552827,0.71234228263141353,4,0,1,1
224.30000000000001,69.999999987387611,1407.344849688993,2.4374998127184697,0.71235400131018622,4,0,1,1
224.40000000000001,69.999999988119754,1407.3448497969218,2.4374998097746854,0.71236571996673859,4,0,1,1
224.5,69.999999988809392,1407.3448498979346,2.4374998069932503,0.71237743860107006,4,0,1,1
224.60000000000002,69.999999989458999,1407.3448499924666,2.4374998043789118,0.71238915721318086,4,0,1,1
224.70000000000002,69.999999990070904,1407.3448500809236,2.4374998019128649,0.71240087580307021,4,0,1,1
224.80000000000001,69.999999990647254,1407.3448501636881,2.4374997995931085,0.71241259437073856,4,0,1,1
224.90000000000001,69.99999999119018,1407.3448502411179,2.4374997974046937,0.71242431291618513,4,0,1,1
225,69.999999991701571,1407.3448503135485,2.4374997953485695,0.71243603143941037,4,0,1,1
225.10000000000002,69.999999992183248,1407.3448503812965,2.4374997934021057,0.71244774994041382,4,0,1,1
225.20000000000002,69.999999992637015,1407.3448504446569,2.4374997915811307,0.71245946841919539,4,0,1,1
225.30000000000001,69.999999993064407,1407.3448505039064,2.4374997898550887,0.71247118687575495,4,0,1,1
225.40000000000001,69.999999993466972,1407.3448505593065,2.4374997882355003,0.71248290531009251,4,0,1,1
225.5,69.999999993846203,1407.3448506111001,2.4374997867082944,0.71249462372220773,4,0,1,1
225.60000000000002,69.999999994203407,1407.3448506595159,2.4374997852705218,0.71250634211210095,4,0,1,1
225.70000000000002,69.999999994539877,1407.3448507047694,2.4374997839124646,0.71251806047977173,4,0,1,1
225.80000000000001,69.999999994856807,1407.3448507470607,2.4374997826396121,0.71252977882522006,4,0,1,1
225.90000000000001,69.999999995155321,1407.3448507865785,2.4374997814337065,0.71254149714844606,4,0,1,1
226,69.999999995436539,1407.3448508235001,2.4374997803050431,0.71255321544944938,4,0,1,1
226.10000000000002,69.999999995701415,1407.3448508579911,2.43749977923355,0.71256493372823004,4,0,1,1
226.20000000000002,69.999999995950915,1407.3448508902081,2.4374997782334944,0.71257665198478837,4,0,1,1
226.30000000000001,69.999999996185949,1407.3448509202938,2.4374997772838509,0.71258837021912369,4,0,1,1
226.40000000000001,69.999999996407325,1407.3448509483869,2.4374997763933295,0.71260008843123646,4,0,1,1
226.5,69.999999996615855,1407.3448509746152,2.4374997755543757,0.71261180662112655,4,0,1,1
226.60000000000002,69.999999996812278,1407.3448509990976,2.4374997747621636,0.71262352478879365,4,0,1,1
226.70000000000002,69.999999996997289,1407.344851021948,2.4374997740153224,0.71263524293423819,4,0,1,1
226.80000000000001,69.999999997171571,1407.3448510432709,2.4374997733168136,0.71264696105745984,4,0,1,1
226.90000000000001,69.999999997335721,1407.3448510631647,2.4374997726533318,0.7126586791584586,4,0,1,1
227,69.999999997490363,1407.3448510817223,2.4374997720325533,0.71267039723723458,4,0,1,1
227.10000000000002,69.999999997636024,1407.3448510990297,2.4374997714443629,0.71268211529378778,4,0,1,1
227.20000000000002,69.99999999777323,1407.3448511151687,2.4374997708929294,0.71269383332811798,4,0,1,1
227.30000000000001,69.999999997902464,1407.3448511302156,2.4374997703701826,0.71270555134022529,4,0,1,1
227.40000000000001,69.999999998024194,1407.3448511442409,2.4374997698829244,0.71271726933010993,4,0,1,1
227.5,69.99999999813889,1407.344851157311,2.4374997694201799,0.71272898729777157,4,0,1,1
227.60000000000002,69.999999998246892,1407.3448511694885,2.4374997689846398,0.71274070524321054,4,0,1,1
227.70000000000002,69.999999998348628,1407.3448511808331,2.4374997685743995,0.71275242316642662,4,0,1,1
227.80000000000001,69.99999999844448,1407.3448511913978,2.4374997681916457,0.71276414106741981,4,0,1,1
227.90000000000001,69.999999998534761,1407.344851201234,2.4374997678245198,0.71277585894619022,4,0,1,1
228,69.999999998619785,1407.344851210391,2.4374997674837902,0.71278757680273785,4,0,1,1
228.10000000000002,69.999999998699892,1407.3448512189125,2.4374997671601997,0.71279929463706282,4,0,1,1
228.20000000000002,69.999999998775337,1407.3448512268408,2.4374997668572216,0.712811012449165,4,0,1,1
228.30000000000001,69.999999998846405,1407.3448512342156,2.4374997665693439,0.71282273023904441,4,0,1,1
228.40000000000001,69.999999998913367,1407.3448512410739,2.4374997663022593,0.71283444800670093,4,0,1,1
228.5,69.999999998976421,1407.3448512474488,2.4374997660465421,0.71284616575213489,4,0,1,1
228.60000000000002,69.999999999035822,1407.3448512533739,2.4374997658085595,0.71285788347534618,4,0,1,1
228.70000000000002,69.99999999909177,1407.3448512588789,2.4374997655820034,0.7128696011763348,4,0,1,1
228.80000000000001,69.999999999144464,1407.3448512639918,2.4374997653701262,0.71288131885510087,4,0,1,1
228.90000000000001,69.999999999194131,1407.3448512687389,2.4374997651710921,0.71289303651164437,4,0,1,1
229,69.999999999240885,1407.3448512731445,2.437499764981542,0.71290475414596532,4,0,1,1
229.10000000000002,69.999999999284952,1407.3448512772329,2.4374997648048398,0.71291647175806361,4,0,1,1
229.20000000000002,69.999999999326448,1407.3448512810246,2.4374997646387531,0.71292818934793944,4,0,1,1
229.30000000000001,69.999999999365514,1407.3448512845398,2.4374997644795626,0.71293990691559284,4,0,1,1
229.40000000000001,69.999999999402334,1407.3448512877981,2.4374997643325726,0.71295162446102378,4,0,1,1
229.5,69.999999999437023,1407.3448512908165,2.4374997641919536,0.71296334198423228,4,0,1,1
229.60000000000002,69.999999999469694,1407.3448512936111,2.4374997640615699,0.71297505948521844,4,0,1,1
229.70000000000002,69.99999999950046,1407.3448512961984,2.4374997639369891,0.71298677696398249,4,0,1,1
229.80000000000001,69.999999999529464,1407.3448512985908,2.4374997638220028,0.71299849442052388,4,0,1,1
229.90000000000001,69.999999999556749,1407.3448513008036,2.4374997637083826,0.71301021185484337,4,0,1,1
230,69.999999999582457,1407.34485130285,2.4374997636080877,0.7130219292669403,4,0,1,1
230.10000000000002,69.9999999996067,1407.3448513047383,2.4374997635095692,0.71303364665681512,4,0,1,1
230.20000000000002,69.999999999629523,1407.3448513064823,2.4374997634178555,0.71304536402446805,4,0,1,1
230.30000000000001,69.999999999651024,1407.3448513080907,2.4374997633301074,0.71305708136989865,4,0,1,1
230.40000000000001,69.999999999671275,1407.3448513095746,2.4374997632486171,0.71306879869310724,4,0,1,1
230.5,69.999999999690345,1407.3448513109415,2.4374997631732951,0.71308051599409372,4,0,1,1
230.60000000000002,69.999999999708308,1407.3448513122005,2.4374997631003295,0.7130922332728582,4,0,1,1
230.70000000000002,69.999999999725233,1407.3448513133587,2.4374997630322781,0.71310395052940079,4,0,1,1
230.80000000000001,69.999999999741192,1407.3448513144231,2.4374997629688782,0.71311566776372148,4,0,1,1
230.90000000000001,69.999999999756184,1407.344851315401,2.4374997629057709,0.71312738497582029,4,0,1,1
231,69.999999999770324,1407.3448513162991,2.4374997628510733,0.7131391021656972,4,0,1,1
231.10000000000002,69.999999999783668,1407.3448513171224,2.4374997627980344,0.71315081933335234,4,0,1,1
231.20000000000002,69.999999999796202,1407.3448513178766,2.4374997627454031,0.7131625364787858,4,0,1,1
231.30000000000001,69.999999999808054,1407.3448513185672,2.4374997626993267,0.71317425360199749,4,0,1,1
231.40000000000001,69.999999999819167,1407.3448513191977,2.4374997626544337,0.71318597070298761,4,0,1,1
231.5,69.999999999829669,1407.3448513197734,2.4374997626114632,0.71319768778175618,4,0,1,1
231.60000000000002,69.999999999839545,1407.3448513202984,2.4374997625727359,0.71320940483830297,4,0,1,1
231.70000000000002,69.999999999848853,1407.3448513207766,2.4374997625341046,0.71322112187262832,4,0,1,1
231.80000000000001,69.999999999857621,1407.3448513212109,2.4374997624993466,0.7132328388847321,4,0,1,1
231.90000000000001,69.999999999865892,1407.3448513216058,2.4374997624661714,0.71324455587461444,4,0,1,1
232,69.999999999873666,1407.3448513219635,2.4374997624345669,0.71325627284227555,4,0,1,1
232.10000000000002,69.999999999880984,1407.3448513222868,2.4374997624049533,0.71326798978771511,4,0,1,1
232.20000000000002,69.999999999887905,1407.3448513225783,2.4374997623781804,0.71327970671093344,4,0,1,1
232.30000000000001,69.999999999894399,1407.3448513228409,2.4374997623499857,0.71329142361193032,4,0,1,1
232.40000000000001,69.999999999900538,1407.3448513230767,2.4374997623274233,0.71330314049070609,4,0,1,1
232.5,69.999999999906294,1407.3448513232879,2.4374997623022172,0.71331485734726074,4,0,1,1
232.60000000000002,69.999999999911736,1407.3448513234766,2.4374997622825321,0.71332657418159418,4,0,1,1
232.70000000000002,69.999999999916852,1407.3448513236435,2.4374997622605692,0.7133382909937066,4,0,1,1
232.80000000000001,69.99999999992167,1407.3448513237922,2.437499762239915,0.71335000778359781,4,0,1,1
232.90000000000001,69.999999999926217,1407.3448513239236,2.437499762223581,0.71336172455126812,4,0,1,1
233,69.999999999930509,1407.3448513240385,2.4374997622065142,0.71337344129671754,4,0,1,1
233.10000000000002,69.999999999934531,1407.3448513241381,2.4374997621893693,0.71338515801994595,4,0,1,1
233.20000000000002,69.999999999938325,1407.3448513242247,2.4374997621740793,0.71339687472095348,4,0,1,1
233.30000000000001,69.999999999941892,1407.3448513242993,2.4374997621607046,0.71340859139974011,4,0,1,1
233.40000000000001,69.999999999945274,1407.3448513243618,2.4374997621467478,0.71342030805630618,4,0,1,1
233.5,69.999999999948443,1407.3448513244143,2.4374997621320182,0.71343202469065137,4,0,1,1
233.60000000000002,69.999999999951442,1407.3448513244582,2.4374997621210874,0.71344374130277577,4,0,1,1
233.70000000000002,69.999999999954255,1407.344851324493,2.4374997621120023,0.71345545789267961,4,0,1,1
233.80000000000001,69.999999999956898,1407.3448513245201,2.4374997620984207,0.71346717446036279,4,0,1,1
233.90000000000001,69.9999999999594,1407.3448513245407,2.437499762089979,0.71347889100582551,4,0,1,1
234,69.999999999961773,1407.3448513245542,2.4374997620810381,0.71349060752906768,4,0,1,1
234.10000000000002,69.999999999963975,1407.3448513245626,2.4374997620692338,0.71350232403008929,4,0,1,1
234.20000000000002,69.999999999966064,1407.3448513245662,2.4374997620640881,0.71351404050889056,4,0,1,1
234.30000000000001,69.999999999968026,1407.3448513245644,2.4374997620530281,0.71352575696547149,4,0,1,1
234.40000000000001,69.999999999969887,1407.3448513245594,2.4374997620474144,0.71353747339983198,4,0,1,1
234.5,69.999999999971635,1407.3448513245503,2.4374997620409524,0.71354918981197235,4,0,1,1
234.60000000000002,69.999999999973284,1407.3448513245376,2.4374997620336663,0.71356090620189239,4,0,1,1
234.70000000000002,69.999999999974833,1407.3448513245221,2.4374997620268966,0.7135726225695922,4,0,1,1
234.80000000000001,69.999999999976296,1407.344851324505,2.4374997620210257,0.71358433891507189,4,0,1,1
234.90000000000001,69.999999999977675,1407.3448513244853,2.4374997620167278,0.71359605523833158,4,0,1,1
235,69.999999999978968,1407.3448513244634,2.4374997620111989,0.71360777153937094,4,0,1,1
235.10000000000002,69.99999999998019,1407.3448513244396,2.4374997620053649,0.71361948781819051,4,0,1,1
235.20000000000002,69.999999999981327,1407.3448513244148,2.4374997620000833,0.71363120407479008,4,0,1,1
235.30000000000001,69.999999999982407,1407.3448513243891,2.4374997619967602,0.71364292030916976,4,0,1,1
235.40000000000001,69.99999999998343,1407.344851324362,2.4374997619929175,0.71365463652132943,4,0,1,1
235.5,69.999999999984396,1407.3448513243341,2.4374997619891232,0.71366635271126944,4,0,1,1
235.60000000000002,69.999999999985292,1407.3448513243059,2.4374997619851082,0.71367806887898955,4,0,1,1
235.70000000000002,69.999999999986144,1407.344851324277,2.4374997619827434,0.71368978502448999,4,0,1,1
235.80000000000001,69.999999999986954,1407.3448513242472,2.4374997619788652,0.71370150114777064,4,0,1,1
235.90000000000001,69.999999999987722,1407.3448513242176,2.4374997619754017,0.71371321724883174,4,0,1,1
236,69.999999999988432,1407.3448513241876,2.4374997619731231,0.71372493332767317,4,0,1,1
236.10000000000002,69.999999999989086,1407.3448513241581,2.4374997619687448,0.71373664938429515,4,0,1,1
236.20000000000002,69.999999999989726,1407.344851324129,2.4374997619687035,0.71374836541869757,4,0,1,1
236.30000000000001,69.999999999990308,1407.3448513240987,2.4374997619650074,0.71376008143088054,4,0,1,1
236.40000000000001,69.999999999990877,1407.3448513240696,2.4374997619623122,0.71377179742084407,4,0,1,1
236.5,69.999999999991402,1407.3448513240407,2.4374997619610266,0.71378351338858825,4,0,1,1
236.60000000000002,69.999999999991914,1407.3448513240119,2.4374997619584389,0.7137952293341131,4,0,1,1
236.70000000000002,69.999999999992383,1407.3448513239837,2.4374997619573873,0.71380694525741861,4,0,1,1
236.80000000000001,69.999999999992809,1407.3448513239557,2.4374997619546881,0.71381866115850501,4,0,1,1
236.90000000000001,69.999999999993236,1407.3448513239282,2.4374997619538599,0.71383037703737218,4,0,1,1
237,69.999999999993619,1407.3448513239014,2.4374997619513143,0.71384209289402012,4,0,1,1
237.10000000000002,69.999999999994003,1407.344851323875,2.4374997619509831,0.71385380872844906,4,0,1,1
237.20000000000002,69.999999999994344,1407.3448513238484,2.4374997619497276,0.71386552454065899,4,0,1,1
237.30000000000001,69.999999999994671,1407.3448513238236,2.4374997619461922,0.71387724033064981,4,0,1,1
237.40000000000001,69.999999999994984,1407.344851323799,2.437499761948982,0.71388895609842162,4,0,1,1
237.5,69.999999999995268,1407.344851323774,2.4374997619443715,0.71390067184397477,4,0,1,1
237.60000000000002,69.999999999995552,1407.3448513237508,2.4374997619437657,0.71391238756730901,4,0,1,1
237.70000000000002,69.999999999995808,1407.3448513237277,2.4374997619441694,0.71392410326842437,4,0,1,1
237.80000000000001,69.999999999996049,1407.3448513237049,2.4374997619398608,0.71393581894732105,4,0,1,1
237.90000000000001,69.999999999996291,1407.3448513236835,2.4374997619418028,0.71394753460399885,4,0,1,1
238,69.999999999996504,1407.3448513236622,2.4374997619403276,0.71395925023845808,4,0,1,1
238.10000000000002,69.999999999996689,1407.3448513236419,2.4374997619392631,0.71397096585069864,4,0,1,1
238.20000000000002,69.999999999996888,1407.3448513236219,2.4374997619396055,0.71398268144072063,4,0,1,1
238.30000000000001,69.999999999997058,1407.3448513236021,2.4374997619371972,0.71399439700852418,4,0,1,1
238.40000000000001,69.999999999997243,1407.344851323583,2.4374997619383656,0.71400611255410906,4,0,1,1
238.5,69.999999999997414,1407.3448513235649,2.4374997619362961,0.71401782807747571,4,0,1,1
238.60000000000002,69.999999999997556,1407.3448513235473,2.4374997619356153,0.71402954357862369,4,0,1,1
238.70000000000002,69.999999999997698,1407.3448513235303,2.4374997619363938,0.71404125905755356,4,0,1,1
238.80000000000001,69.999999999997826,1407.3448513235137,2.4374997619340206,0.71405297451426508,4,0,1,1
238.90000000000001,69.999999999997939,1407.3448513234976,2.4374997619345544,0.71406468994875838,4,0,1,1
239,69.999999999998082,1407.3448513234823,2.437499761933791,0.71407640536103345,4,0,1,1
239.10000000000002,69.999999999998195,1407.3448513234671,2.437499761934558,0.71408812075109029,4,0,1,1
239.20000000000002,69.99999999999828,1407.3448513234521,2.4374997619310781,0.71409983611892913,4,0,1,1
239.30000000000001,69.99999999999838,1407.3448513234387,2.437499761933017,0.71411155146454974,4,0,1,1
239.40000000000001,69.999999999998479,1407.3448513234255,2.4374997619322376,0.71412326678795235,4,0,1,1
239.5,69.999999999998579,1407.3448513234121,2.4374997619319454,0.71413498208913728,4,0,1,1
239.60000000000002,69.99999999999865,1407.3448513233993,2.437499761931381,0.71414669736810399,4,0,1,1
239.70000000000002,69.999999999998721,1407.3448513233877,2.4374997619314431,0.71415841262485291,4,0,1,1
239.80000000000001,69.999999999998806,1407.3448513233759,2.4374997619315826,0.71417012785938383,4,0,1,1
239.90000000000001,69.999999999998863,1407.3448513233645,2.4374997619290957,0.71418184307169696,4,0,1,1
240,69.999999999998934,1407.3448513233539,2.4374997619320564,0.71419355826179254,4,0,1,1
240.10000000000002,69.999999999999005,1407.3448513233434,2.4374997619300931,0.71420527342967033,4,0,1,1
240.20000000000002,69.999999999999062,1407.3448513233334,2.4374997619302881,0.71421698857533056,4,0,1,1
240.30000000000001,69.999999999999105,1407.3448513233232,2.4374997619288328,0.714228703698773,4,0,1,1
240.40000000000001,69.999999999999147,1407.3448513233143,2.437499761928914,0.71424041879999811,4,0,1,1
240.5,69.999999999999233,1407.3448513233054,2.4374997619311998,0.71425213387900555,4,0,1,1
240.60000000000002,69.999999999999261,1407.3448513232966,2.4374997619272087,0.71426384893579564,4,0,1,1
240.70000000000002,69.999999999999304,1407.3448513232884,2.4374997619298222,0.71427556397036829,4,0,1,1
240.80000000000001,69.999999999999346,1407.3448513232804,2.4374997619280929,0.71428727898272359,4,0,1,1
240.90000000000001,69.999999999999375,1407.3448513232734,2.4374997619288243,0.71429899397286134,4,0,1,1
241,69.999999999999403,1407.3448513232656,2.4374997619290562,0.71431070894078208,4,0,1,1
241.10000000000002,69.999999999999446,1407.3448513232584,2.4374997619280641,0.71432242388648548,4,0,1,1
241.20000000000002,69.999999999999474,1407.3448513232518,2.4374997619289829,0.71433413880997165,4,0,1,1
241.30000000000001,69.999999999999503,1407.3448513232452,2.437499761928589,0.71434585371124071,4,0,1,1
241.40000000000001,69.999999999999545,1407.3448513232386,2.4374997619284393,0.71435756859029265,4,0,1,1
241.5,69.999999999999559,1407.3448513232331,2.437499761926579,0.71436928344712758,4,0,1,1
241.60000000000002,69.999999999999588,1407.3448513232274,2.4374997619279957,0.71438099828174562,4,0,1,1
241.70000000000002,69.999999999999616,1407.3448513232217,2.4374997619283043,0.71439271309414654,4,0,1,1
241.80000000000001,69.999999999999645,1407.3448513232161,2.437499761928025,0.71440442788433078,4,0,1,1
241.90000000000001,69.999999999999645,1407.3448513232108,2.437499761927119,0.71441614265229791,4,0,1,1
242,69.999999999999687,1407.3448513232065,2.4374997619269241,0.71442785739804837,4,0,1,1
242.10000000000002,69.999999999999702,1407.3448513232015,2.4374997619279664,0.71443957212158193,4,0,1,1
242.20000000000002,69.999999999999716,1407.3448513231967,2.4374997619254528,0.71445128682289893,4,0,1,1
242.30000000000001,69.99999999999973,1407.3448513231931,2.4374997619273358,0.71446300150199915,4,0,1,1
242.40000000000001,69.999999999999744,1407.3448513231892,2.4374997619273646,0.71447471615888281,4,0,1,1
242.5,69.999999999999758,1407.3448513231851,2.4374997619277283,0.71448643079354979,4,0,1,1
242.60000000000002,69.999999999999773,1407.3448513231813,2.4374997619269325,0.71449814540600043,4,0,1,1
242.70000000000002,69.999999999999787,1407.3448513231779,2.4374997619268188,0.7145098599962344,4,0,1,1
242.80000000000001,69.999999999999801,1407.3448513231742,2.4374997619282777,0.71452157456425203,4,0,1,1
242.90000000000001,69.999999999999815,1407.3448513231706,2.4374997619261642,0.71453328911005332,4,0,1,1
243,69.999999999999829,1407.3448513231674,2.4374997619274548,0.71454500363363826,4,0,1,1
243.10000000000002,69.999999999999829,1407.3448513231647,2.4374997619262913,0.71455671813500676,4,0,1,1
243.20000000000002,69.999999999999844,1407.3448513231617,2.437499761926877,0.71456843261415903,4,0,1,1
243.30000000000001,69.999999999999858,1407.3448513231585,2.4374997619273402,0.71458014707109518,4,0,1,1
243.40000000000001,69.999999999999858,1407.3448513231565,2.4374997619263929,0.71459186150581522,4,0,1,1
243.5,69.999999999999872,1407.344851323154,2.4374997619272305,0.71460357591831891,4,0,1,1
243.60000000000002,69.999999999999872,1407.344851323151,2.4374997619268162,0.71461529030860671,4,0,1,1
243.70000000000002,69.999999999999886,1407.3448513231488,2.4374997619264733,0.71462700467667861,4,0,1,1
243.80000000000001,69.999999999999901,1407.3448513231467,2.4374997619272487,0.71463871902253429,4,0,1,1
243.90000000000001,69.999999999999901,1407.3448513231444,2.4374997619259364,0.7146504333461744,4,0,1,1
244,69.999999999999901,1407.3448513231424,2.4374997619258791,0.71466214764759828,4,0,1,1
244.10000000000002,69.999999999999901,1407.3448513231406,2.4374997619267966,0.71467386192680649,4,0,1,1
244.20000000000002,69.999999999999915,1407.3448513231385,2.4374997619259471,0.71468557618379891,4,0,1,1
244.30000000000001,69.999999999999915,1407.3448513231369,2.4374997619258663,0.71469729041857566,4,0,1,1
244.40000000000001,69.999999999999929,1407.3448513231351,2.4374997619272269,0.71470900463113651,4,0,1,1
244.5,69.999999999999929,1407.3448513231333,2.4374997619265297,0.71472071882148192,4,0,1,1
244.60000000000002,69.999999999999929,1407.3448513231319,2.4374997619252396,0.71473243298961164,4,0,1,1
244.70000000000002,69.999999999999943,1407.3448513231303,2.437499761927572,0.71474414713552581,4,0,1,1
244.80000000000001,69.999999999999943,1407.3448513231288,2.4374997619259187,0.71475586125922452,4,0,1,1
244.90000000000001,69.999999999999943,1407.3448513231276,2.4374997619259426,0.71476757536070767,4,0,1,1
245,69.999999999999943,1407.3448513231262,2.4374997619267873,0.7147792894399756,4,0,1,1
245.10000000000002,69.999999999999943,1407.3448513231249,2.4374997619260181,0.71479100349702795,4,0,1,1
245.20000000000002,69.999999999999957,1407.344851323124,2.4374997619275511,0.71480271753186519,4,0,1,1
245.30000000000001,69.999999999999957,1407.3448513231226,2.4374997619260896,0.71481443154448698,4,0,1,1
245.40000000000001,69.999999999999957,1407.3448513231215,2.4374997619258822,0.71482614553489354,4,0,1,1
245.5,69.999999999999957,1407.3448513231208,2.4374997619267087,0.7148378595030852,4,0,1,1
245.60000000000002,69.999999999999957,1407.3448513231199,2.4374997619260119,0.71484957344906153,4,0,1,1
245.70000000000002,69.999999999999972,1407.3448513231183,2.4374997619271315,0.71486128737282284,4,0,1,1
245.80000000000001,69.999999999999972,1407.3448513231174,2.4374997619258063,0.71487300127436915,4,0,1,1
245.90000000000001,69.999999999999957,1407.3448513231167,2.4374997619258174,0.71488471515370033,4,0,1,1
246,69.999999999999972,1407.3448513231156,2.4374997619264098,0.71489642901081663,4,0,1,1
246.10000000000002,69.999999999999972,1407.3448513231151,2.4374997619259648,0.71490814284571813,4,0,1,1
246.20000000000002,69.999999999999972,1407.3448513231147,2.4374997619262748,0.71491985665840463,4,0,1,1
246.30000000000001,69.999999999999972,1407.344851323114,2.4374997619261651,0.71493157044887656,4,0,1,1
246.40000000000001,69.999999999999972,1407.3448513231131,2.4374997619268384,0.71494328421713349,4,0,1,1
246.5,69.999999999999972,1407.3448513231124,2.4374997619262917,0.71495499796317585,4,0,1,1
246.60000000000002,69.999999999999972,1407.3448513231119,2.4374997619265604,0.71496671168700365,4,0,1,1
246.70000000000002,69.999999999999986,1407.344851323111,2.4374997619261927,0.71497842538861678,4,0,1,1
246.80000000000001,69.999999999999986,1407.3448513231106,2.4374997619258196,0.71499013906801534,4,0,1,1
246.90000000000001,69.999999999999986,1407.3448513231099,2.437499761926456,0.71500185272519934,4,0,1,1
247,69.999999999999986,1407.3448513231092,2.4374997619257801,0.715013566360169,4,0,1,1
247.10000000000002,69.999999999999986,1407.344851323109,2.4374997619263419,0.71502527997292409,4,0,1,1
247.20000000000002,69.999999999999986,1407.3448513231085,2.4374997619261225,0.71503699356346473,4,0,1,1
247.30000000000001,69.999999999999972,1407.3448513231078,2.4374997619258281,0.71504870713179114,4,0,1,1
247.40000000000001,69.999999999999986,1407.3448513231078,2.4374997619265364,0.71506042067790332,4,0,1,1
247.5,69.999999999999986,1407.3448513231074,2.4374997619261887,0.71507213420180105,4,0,1,1
247.60000000000002,69.999999999999986,1407.3448513231069,2.437499761926301,0.71508384770348488,4,0,1,1
247.70000000000002,69.999999999999986,1407.3448513231067,2.4374997619266119,0.71509556118295436,4,0,1,1
247.80000000000001,69.999999999999986,1407.3448513231065,2.4374997619261198,0.71510727464020984,4,0,1,1
247.90000000000001,70,1407.344851323106,2.4374997619268259,0.71511898807525132,4,0,1,1
248,70,1407.3448513231058,2.4374997619263388,0.71513070148807867,4,0,1,1
248.10000000000002,69.999999999999986,1407.3448513231056,2.4374997619265732,0.71514241487869212,4,0,1,1
248.20000000000002,69.999999999999986,1407.3448513231053,2.4374997619270813,0.71515412824709179,4,0,1,1
248.30000000000001,70,1407.3448513231049,2.4374997619266439,0.71516584159327745,4,0,1,1
248.40000000000001,69.999999999999986,1407.3448513231046,2.4374997619258219,0.71517755491724944,4,0,1,1
248.5,69.999999999999986,1407.3448513231044,2.4374997619268117,0.71518926821900752,4,0,1,1
248.60000000000002,70,1407.3448513231035,2.437499761926504,0.71520098149855205,4,0,1,1
248.70000000000002,69.999999999999986,1407.3448513231035,2.4374997619250691,0.71521269475588267,4,0,1,1
248.80000000000001,70,1407.3448513231035,2.4374997619269632,0.71522440799099984,4,0,1,1
248.90000000000001,70,1407.3448513231033,2.4374997619259333,0.71523612120390345,4,0,1,1
249,70,1407.3448513231033,2.4374997619268686,0.71524783439459361,4,0,1,1
249.10000000000002,70,1407.3448513231024,2.4374997619269241,0.7152595475630702,4,0,1,1
249.20000000000002,69.999999999999986,1407.3448513231026,2.4374997619247658,0.71527126070933322,4,0,1,1
249.30000000000001,70,1407.3448513231024,2.4374997619274574,0.71528297383338302,4,0,1,1
249.40000000000001,69.999999999999986,1407.3448513231024,2.437499761925694,0.71529468693521936,4,0,1,1
249.5,69.999999999999986,1407.3448513231028,2.4374997619271253,0.71530640001484247,4,0,1,1
249.60000000000002,70,1407.3448513231017,2.4374997619268317,0.71531811307225246,4,0,1,1
249.70000000000002,70,1407.3448513231017,2.4374997619250585,0.71532982610744911,4,0,1,1
249.80000000000001,70,1407.3448513231017,2.4374997619265941,0.71534153912043252,4,0,1,1
249.90000000000001,70,1407.3448513231015,2.4374997619256602,0.71535325211120293,4,0,1,1
250,70,1407.3448513231015,2.4374997619263086,0.71536496507976044,4,0,1,1
250.10000000000002,70,1407.344851323101,2.4374997619258498,0.71537667802610483,4,0,1,1
250.20000000000002,70,1407.3448513231008,2.437499761925789,0.71538839095023621,4,0,1,1
250.30000000000001,70,1407.344851323101,2.4374997619258827,0.71540010385215469,4,0,1,1
250.40000000000001,70,1407.344851323101,2.4374997619260013,0.71541181673186027,4,0,1,1
250.5,70,1407.3448513231008,2.4374997619260363,0.71542352958935307,4,0,1,1
250.60000000000002,70,1407.3448513231008,2.4374997619260421,0.71543524242463319,4,0,1,1
250.70000000000002,70,1407.3448513231008,2.4374997619258298,0.71544695523770041,4,0,1,1
250.80000000000001,70,1407.3448513231006,2.4374997619258711,0.71545866802855496,4,0,1,1
250.90000000000001,70,1407.3448513231008,2.4374997619262269,0.71547038079719716,4,0,1,1
251,70,1407.3448513231003,2.4374997619258365,0.71548209354362657,4,0,1,1
251.10000000000002,70.068775942597725,1409.944845733793,8.0909914552149456,0.71548672579184414,4,0,1,1
251.20000000000002,70.155789862426005,1410.7788315109642,8.2407393550345844,0.71548954057386027,4,0,1,1
251.30000000000001,70.243990964120655,1411.4683481045015,8.2700085013042184,0.71549218307127183,4,0,1,1
251.40000000000001,70.332479951587658,1412.152376771578,8.2951581008630413,0.71549477804509665,4,0,1,1
251.5,70.421188465190127,1412.8415375241616,8.327109639188345,0.71549733586862307,4,0,1,1
251.60000000000002,70.510078953645845,1413.536217729938,8.3561977756621406,0.71549986085282902,4,0,1,1
251.70000000000002,70.599124051865616,1414.2361521446585,8.3780656398660724,0.71550235599841183,4,0,1,1
251.80000000000001,70.688297078044641,1414.9409953102281,8.3859635403287349,0.71550482419542494,4,0,1,1
251.90000000000001,70.777578859881075,1415.6504535473593,8.4106446815511404,0.71550726752783778,4,0,1,1
252,70.866952235755235,1416.3642428669289,8.4341481089844308,0.71550968785280378,4,0,1,1
252.10000000000002,70.948762765391976,1416.7926550235159,7.8231233260919026,0.71551295062844555,4,0,1,1
252.20000000000002,71.028613790634665,1417.4218367462277,7.8430037935656758,0.71551641175813774,4,0,1,1
252.30000000000001,71.108386686313821,1418.0705161453209,7.8600174681248971,0.7155198744699065,4,0,1,1
252.40000000000001,71.188174540034382,1418.7230831581458,7.875971775100826,0.71552332567083143,4,0,1,1
252.5,71.267978819406125,1419.3782294264277,7.8817163747720489,0.71552676485766553,4,0,1,1
252.60000000000002,71.347797835698671,1420.0357362246352,7.8925595007585088,0.71553019215662206,4,0,1,1
252.70000000000002,71.427629984228432,1420.6954496692999,7.9080889772481049,0.71553360771230357,4,0,1,1
252.80000000000001,71.507474153869438,1421.3572511308209,7.9235707638735153,0.71553701162081251,4,0,1,1
252.90000000000001,71.587329201750961,1422.0210102752685,7.9390008698794832,0.71554040398178798,4,0,1,1
253,71.667194154108998,1422.6866154718891,7.9543738753220179,0.71554378487256809,4,0,1,1
253.10000000000002,71.754702501024425,1423.6439242009808,8.6414014159770929,0.71554628163762657,4,0,1,1
253.20000000000002,71.844253107419831,1424.405522364927,8.6624288517455135,0.71554854450358574,4,0,1,1
253.30000000000001,71.933943729329499,1425.1526362395648,8.6801546241026912,0.71555077502409947,4,0,1,1
253.40000000000001,72.023673681978224,1425.9006773530602,8.6993074292689041,0.71555298747812945,4,0,1,1
253.5,72.113434301744533,1426.6506660941159,8.7128698971605729,0.71555518312357769,4,0,1,1
253.60000000000002,72.203220908467713,1427.402532069405,8.7210020092484815,0.71555736248729462,4,0,1,1
253.70000000000002,72.29303033685504,1428.156200404241,8.7401724176747795,0.71555952589478022,4,0,1,1
253.80000000000001,72.382859274571288,1428.9115466012677,8.7591353956647673,0.71556167368427259,4,0,1,1
253.90000000000001,72.47270509831155,1429.6684797602254,8.7779229012923121,0.71556380611183157,4,0,1,1
254,72.562565644643513,1430.4269026530212,8.796604101992628,0.71556592339021186,4,0,1,1
254.10000000000002,72.64481272055076,1430.8962093948574,8.1697467558703938,0.71556891004197432,4,0,1,1
254.20000000000002,72.725026641677232,1431.5646364826766,8.1774952912403158,0.71557210784451486,4,0,1,1
254.30000000000001,72.805119596813284,1432.250419299243,8.1929853163955997,0.71557531181798184,4,0,1,1
254.40000000000001,72.8851893413906,1432.9378914092115,8.202338008702176,0.71557850797047406,4,0,1,1
254.5,72.965243047228029,1433.6258726909214,8.209516097862954,0.71558169515689318,4,0,1,1
254.60000000000002,73.045283210583065,1434.3142880029379,8.2345082599677237,0.71558487301293838,4,0,1,1
254.70000000000002,73.125312790366266,1435.0030816239346,8.237868990300024,0.71558804119356834,4,0,1,1
254.80000000000001,73.205333674579748,1435.6922475553481,8.2523107106866451,0.71559119944616112,4,0,1,1
254.90000000000001,73.285347735580942,1436.3817633638198,8.2669476116912257,0.71559434753913664,4,0,1,1
255,73.365356218412842,1437.071605110566,8.2816659993332742,0.71559748529659839,4,0,1,1
255.10000000000002,73.452980161859955,1438.0528371334731,8.9837971616477716,0.71559971985476889,4,0,1,1
255.20000000000002,73.542653322429757,1438.836067069534,9.0026378087606265,0.71560171379879534,4,0,1,1
255.30000000000001,73.632453739498828,1439.6033949022221,9.0218485036809728,0.71560367568980199,4,0,1,1
255.40000000000001,73.722283980552419,1440.3704704004049,9.0419674712738853,0.71560561981420334,4,0,1,1
255.5,73.812136610157637,1441.1383790983075,9.0502495327299499,0.71560754731616794,4,0,1,1
255.60000000000002,73.902008029931778,1441.9071204529337,9.0785067729792885,0.71560945861264691,4,0,1,1
255.70000000000002,73.991895549045338,1442.6766702036446,9.082012451981722,0.71561135397939912,4,0,1,1
255.80000000000001,74.081796640736599,1443.4469688578827,9.1010675208649676,0.71561323366939589,4,0,1,1
255.90000000000001,74.171709330502338,1444.2179787551454,9.1200069316113641,0.71561509787386246,4,0,1,1
256,74.261631888161048,1444.9896521312792,9.1388530146299924,0.71561694675708365,4,0,1,1
256.10000000000002,74.34395090859806,1445.4703048030601,8.493201937902791,0.71561968474667681,4,0,1,1
256.19999999999999,74.424214321432117,1446.1503370848641,8.5076685693387084,0.71562264104598783,4,0,1,1
256.30000000000001,74.504355654783353,1446.8471502863235,8.5219695180051147,0.71562560348210302,4,0,1,1
256.40000000000003,74.584470660374393,1447.5450163539469,8.5321209952902617,0.71562855790283775,4,0,1,1
256.5,74.664566580477668,1448.2427882955139,8.5464337815285134,0.71563150312246815,4,0,1,1
256.60000000000002,74.744646871032288,1448.9404163892791,8.5513160900446614,0.71563443868151289,4,0,1,1
256.69999999999999,74.824713849333634,1449.6378882451286,8.5658372656317159,0.71563736427921354,4,0,1,1
256.80000000000001,74.904769945215776,1450.3352266592883,8.5805660188377111,0.71564027960679999,4,0,1,1
256.90000000000003,74.984816996731567,1451.0324334108309,8.5954573549385032,0.7156431844234139,4,0,1,1
257,75.06485654077126,1451.7295211940072,8.6104712777989754,0.71564607851886641,4,0,1,1
257.10000000000002,75.15249509168423,1452.7186664202795,9.3202700280230264,0.7156480491336602,4,0,1,1
257.19999999999999,75.242200135624799,1453.5084631322241,9.3486138042220173,0.71564977116554263,4,0,1,1
257.30000000000001,75.332027985226304,1454.2818848281559,9.3691620000813725,0.71565146046907469,4,0,1,1
257.40000000000003,75.421883887790131,1455.0546688175882,9.3804810986613703,0.71565313142586762,4,0,1,1
257.5,75.511760488345416,1455.8279513628756,9.402862956308649,0.71565478518842152,4,0,1,1
257.60000000000002,75.601654250877999,1456.6017547439326,9.4095560463075376,0.71565642216866254,4,0,1,1
257.69999999999999,75.691562781598094,1457.376073448695,9.4292025142944595,0.7156580426168937,4,0,1,1
257.80000000000001,75.781483582583348,1458.1508623741577,9.4486872820146903,0.71565964679000715,4,0,1,1
257.90000000000003,75.871414719794217,1458.9261001325397,9.4680430973101792,0.7156612348756608,4,0,1,1
258,75.961354606525632,1459.7017564828482,9.4873225834544215,0.71566280702697282,4,0,1,1
258.10000000000002,76.051301831694076,1460.4778049785771,9.5065098354491528,0.7156643633696399,4,0,1,1
258.19999999999999,76.141255334139402,1461.2542244207077,9.5256529551595541,0.71566590399285868,4,0,1,1
258.30000000000001,76.231214142031618,1462.0309896112103,9.5447466376293146,0.71566742897265756,4,0,1,1
258.40000000000003,76.321177497482083,1462.8080819193426,9.5638099030813155,0.71566893836029832,4,0,1,1
258.5,76.41114475071366,1463.5854806040329,9.5828536343708919,0.71567043219472615,4,0,1,1
258.60000000000002,76.501115351221145,1464.3631676985897,9.601879987099899,0.7156719105018583,4,0,1,1
258.69999999999999,76.5910888565313,1465.1411263615089,9.6209022203923578,0.71567337329601943,4,0,1,1
258.80000000000001,76.681064874703608,1465.9193400002948,9.6399205289316932,0.7156748205846013,4,0,1,1
258.90000000000003,76.771043090329343,1466.6977940451959,9.6589423795544604,0.71567625236619492,4,0,1,1
259,76.861023229435645,1467.4764740039277,9.677970686092257,0.71567766863437809,4,0,1,1
259.10000000000002,76.943415143378076,1467.9620405413568,9.0235831055554456,0.71568000418284727,4,0,1,1
259.19999999999999,77.023716989731426,1468.6480322070552,9.0226141830844178,0.71568256920434425,4,0,1,1
259.30000000000001,77.10389588768119,1469.3506411202031,9.0352045169609472,0.71568514019220675,4,0,1,1
259.40000000000003,77.184044728217643,1470.0539860111546,9.0510766298813294,0.71568770273027471,4,0,1,1
259.5,77.264171292269495,1470.7569151303758,9.0652809454991026,0.71569025554384669,4,0,1,1
259.60000000000002,77.344279299467487,1471.4594029832194,9.0683856195604609,0.71569279811913855,4,0,1,1
259.69999999999999,77.424371541705995,1472.1614500951323,9.0833811471528509,0.71569533009442543,4,0,1,1
259.80000000000001,77.504450652787,1472.8630964926467,9.0985823066646923,0.7156978511198101,4,0,1,1
259.90000000000003,77.584518830488975,1473.5643633773338,9.1139956496354753,0.71570036090667777,4,0,1,1
260,77.664577755965041,1474.2652734312283,9.1295383739651168,0.71570285921795573,4,0,1,1
260.10000000000002,77.75221187506051,1475.259672886405,9.862720263166409,0.71570440285223758,4,0,1,1
260.19999999999999,77.84194015380244,1476.0531503376694,9.8939988628442261,0.71570568531897638,4,0,1,1
260.30000000000001,77.931785891863996,1476.829796471342,9.9098290295539062,0.71570693387028939,4,0,1,1
260.40000000000003,78.021658047205776,1477.6056129180884,9.9326960610349957,0.71570816302456142,4,0,1,1
260.5,78.111549486930102,1478.3817548553793,9.9523448660844203,0.71570937393718581,4,0,1,1
260.60000000000002,78.201456960506903,1479.158252462739,9.9567089019324602,0.71571056700315339,4,0,1,1
260.69999999999999,78.291378079597791,1479.9351105887724,9.9770704279781324,0.7157117424757159,4,0,1,1
260.80000000000001,78.381310537369771,1480.7122941363425,9.9972953688160295,0.71571290060091719,4,0,1,1
260.90000000000003,78.471252428465078,1481.4897873392674,10.017378706403505,0.71571404156701801,4,0,1,1
261,78.561202297643874,1482.2675714502795,10.037396814951414,0.71571516551701309,4,0,1,1
261.10000000000002,78.643583154050916,1482.7511845638351,9.3575325718469422,0.71571722727705767,4,0,1,1
261.19999999999999,78.723859766221452,1483.4362157464773,9.3668674154082652,0.71571952493056057,4,0,1,1
261.30000000000001,78.804019012586139,1484.1380963561082,9.3839671143630898,0.71572182764835279,4,0,1,1
261.40000000000003,78.884151595760642,1484.8407445599269,9.3939754096615875,0.71572412092616244,4,0,1,1
261.5,78.964264553929638,1485.5430204777781,9.4010175138139171,0.71572640354951333,4,0,1,1
261.60000000000002,79.044360645876253,1486.2448947655519,9.4286985361323978,0.71572867510031613,4,0,1,1
261.69999999999999,79.124442977802573,1486.9463694300846,9.4318855730190876,0.71573093518166342,4,0,1,1
261.80000000000001,79.204513621855128,1487.6474791984492,9.4476253210439687,0.71573318349868675,4,0,1,1
261.90000000000003,79.284574594775208,1488.3482456897791,9.4635778133305628,0.71573541978056721,4,0,1,1
262,79.364627329348181,1489.0486862049611,9.4796389311064289,0.71573764381425042,4,0,1,1
262.10000000000002,79.452241809972975,1490.0437439209486,10.236631639850133,0.71573889250936629,4,0,1,1
262.19999999999999,79.541969634028703,1490.8370099212968,10.259883706753548,0.71573987150088714,4,0,1,1
262.30000000000001,79.631813232730778,1491.6132658530478,10.281401447235035,0.71574081558957736,4,0,1,1
262.40000000000003,79.721683182879104,1492.388736125976,10.294275001558843,0.71574173944142516,4,0,1,1
262.5,79.811572482545884,1493.1645558600153,10.304734762124399,0.71574264421877243,4,0,1,1
262.60000000000002,79.901478426801233,1493.9407546337593,10.34252326590495,0.71574353027795024,4,0,1,1
262.69999999999999,79.991397930392367,1494.7173322840451,10.346763441174099,0.71574439794253031,4,0,1,1
262.80000000000001,80.081328949811706,1495.4942555364612,10.367546827796279,0.71574524744054369,4,0,1,1
262.90000000000003,80.171269482804306,1496.2715039883972,10.388165236852998,0.71574607897347964,4,0,1,1
263,80.261218117355071,1497.0490618826784,10.408725688309802,0.71574689268305469,4,0,1,1
263.10000000000002,80.343611884183176,1497.5313400446514,9.7114883227138176,0.71574866336353693,4,0,1,1
263.19999999999999,80.423883521181011,1498.2160320264049,9.7271595590389097,0.71575067690208716,4,0,1,1
263.30000000000001,80.504040090173575,1498.9177095104531,9.7418107763754236,0.71575269498103367,4,0,1,1
263.40000000000003,80.584170355768862,1499.6201748158908,9.7511407782896313,0.71575470296316024,4,0,1,1
263.5,80.664281412637166,1500.3221342343447,9.7590029202530424,0.71575669975667344,4,0,1,1
263.60000000000002,80.744376219013077,1501.0232480004313,9.7747312358288525,0.71575868537752552,4,0,1,1
263.69999999999999,80.824457836001571,1501.7235679271027,9.7908539695687615,0.71576065993501647,4,0,1,1
263.80000000000001,80.904527723550984,1502.4234989583069,9.8070346801069004,0.71576262337788787,4,0,1,1
263.90000000000003,80.984587938554597,1503.1232048299894,9.8234306907554103,0.71576457542563765,4,0,1,1
264,81.064639932611556,1503.8226258957181,9.8399521203349032,0.71576651585569351,4,0,1,1
264.10000000000002,81.152239682568336,1504.8176816437428,10.613421890791315,0.71576746177829609,4,0,1,1
264.19999999999999,81.241971021890777,1505.6098763050554,10.637747197452553,0.71576813114796323,4,0,1,1
264.30000000000001,81.331815684714911,1506.3851640850551,10.659419887917107,0.71576876623305818,4,0,1,1
264.40000000000003,81.421686316781432,1507.1597434631319,10.672644848535805,0.71576938174198246,4,0,1,1
264.5,81.511576118868021,1507.9347242587464,10.683365950007197,0.71576997882432114,4,0,1,1
264.60000000000002,81.6014823338772,1508.7101314310178,10.705066432461519,0.71577055784794918,4,0,1,1
264.69999999999999,81.691401952531521,1509.4859524081035,10.726454922122468,0.71577111913538616,4,0,1,1
264.80000000000001,81.781333111491577,1510.2621693833062,10.747800305657327,0.71577166290349781,4,0,1,1
264.90000000000003,81.871273636471216,1511.0387419393398,10.768952795937505,0.71577218938055609,4,0,1,1
265,81.961222197154754,1511.8156644531664,10.790042398881262,0.71577269870039006,4,0,1,1
265.10000000000002,82.051177443139565,1512.5929043503777,10.811056661763807,0.71577319099779146,4,0,1,1
265.19999999999999,82.141138316271693,1513.3704484637603,10.831998963823818,0.71577366636473105,4,0,1,1
265.30000000000001,82.231103997046873,1514.1482775211584,10.852920115806116,0.71577412487019954,4,0,1,1
265.40000000000003,82.321073697234453,1514.9263729479517,10.873793545957334,0.71577456657230087,4,0,1,1
265.5,82.411046865712947,1515.7047218608011,10.894658189681426,0.7157749915031042,4,0,1,1
265.60000000000002,82.501022968923749,1516.4833067639381,10.915506231395376,0.71577539969038695,4,0,1,1
265.69999999999999,82.591001598869184,1517.2621156929158,10.936348813661585,0.71577579114576451,4,0,1,1
265.80000000000001,82.680982407324592,1518.0411347406732,10.957194604627659,0.71577616587408766,4,0,1,1
265.90000000000003,82.770965090856393,1518.8203518427626,10.978041876584273,0.71577652387306301,4,0,1,1
266,82.860949412966178,1519.5997558735103,10.998900824863565,0.71577686513280514,4,0,1,1
266.10000000000002,82.943395296649541,1520.0822770040504,10.291160662306988,0.7157781945418521,4,0,1,1
266.19999999999999,83.023686187604881,1520.7686353645163,10.293192197219563,0.71577977937960757,4,0,1,1
266.30000000000001,83.10386236252485,1521.4719391781439,10.307366144805433,0.71578136958470651,4,0,1,1
266.40000000000003,83.18400965245749,1522.1759186270924,10.325261086541444,0.71578295038837103,4,0,1,1
266.5,83.264135166747394,1522.8794459143294,10.337334304248861,0.71578452052011576,4,0,1,1
266.60000000000002,83.344242690268828,1523.5825012711,10.343552353987736,0.71578607942477235,4,0,1,1
266.69999999999999,83.424334829825938,1524.2850931867958,10.36012470747025,0.71578762673185437,4,0,1,1
266.80000000000001,83.504414189384889,1524.9872613304167,10.376936410347334,0.7157891620719703,4,0,1,1
266.90000000000003,83.584482819665354,1525.6890260597747,10.393948654953464,0.71579068514884436,4,0,1,1
267,83.664542406799256,1526.3904147392993,10.411109943239238,0.71579219570819075,4,0,1,1
267.10000000000002,83.752127812377509,1527.3890529343432,11.211611520170923,0.71579268053315759,4,0,1,1
267.19999999999999,83.841871038110995,1528.1832077963666,11.236473576117204,0.71579287580092033,4,0,1,1
267.30000000000001,83.931723880219764,1528.9601966786392,11.254653488324966,0.7157930354239912,4,0,1,1
267.40000000000003,84.02160180605776,1529.7363735486592,11.279292069585463,0.71579317429558587,4,0,1,1
267.5,84.111498303812098,1530.5128677426487,11.297963710028922,0.71579329356265686,4,0,1,1
267.60000000000002,84.201410130014992,1531.2897073695849,11.304892219321564,0.71579339364229588,4,0,1,1
267.69999999999999,84.291335029514144,1532.0668914114015,11.32716861161893,0.71579347479552924,4,0,1,1
267.80000000000001,84.381270752096455,1532.8443881941712,11.349287014849393,0.71579353727848505,4,0,1,1
267.90000000000003,84.471215523373473,1533.6221840106202,11.371277155794758,0.7157935812819437,4,0,1,1
268,84.561167898865079,1534.4002585119692,11.393189315920285,0.71579360695827166,4,0,1,1
268.10000000000002,84.643600800156221,1534.8804314671906,10.664360819676123,0.71579463912173558,4,0,1,1
268.19999999999999,84.72386495740291,1535.5654652391745,10.673761421084059,0.71579593334886105,4,0,1,1
268.30000000000001,84.80401992664062,1536.2676616849651,10.688991418597983,0.71579723195305844,4,0,1,1
268.40000000000003,84.884149194412259,1536.9706082347188,10.708018907264055,0.71579852011491352,4,0,1,1
268.5,84.964259258171111,1537.6731679856193,10.718300012090967,0.71579979662167492,4,0,1,1
268.60000000000002,85.044353495938282,1538.3753169484444,10.726661075541257,0.71580106096041662,4,0,1,1
268.69999999999999,85.124434179476481,1539.0770608402227,10.743848985868668,0.71580231279701789,4,0,1,1
268.80000000000001,85.204503620501242,1539.7784353255543,10.761258169177088,0.71580355179310529,4,0,1,1
268.90000000000003,85.284563620055621,1540.4794571463262,10.778849662299233,0.71580477767867767,4,0,1,1
269,85.364615669130558,1541.1801508718925,10.796577695587956,0.71580599022014169,4,0,1,1
269.10000000000002,85.452180485601957,1542.1792393363964,11.614343706387601,0.71580615640994827,4,0,1,1
269.19999999999999,85.541921708925159,1542.9729710279719,11.63715489843238,0.71580602419107697,4,0,1,1
269.30000000000001,85.631771128707314,1543.7493897142626,11.662823510665186,0.71580585529728225,4,0,1,1
269.40000000000003,85.721645801880058,1544.5250485811764,11.676079224293821,0.71580566475100971,4,0,1,1
269.5,85.811539314032487,1545.3010591283091,11.703220375439832,0.71580545371199722,4,0,1,1
269.60000000000002,85.901448394335773,1546.0774477406019,11.709704109542542,0.71580522260686219,4,0,1,1
269.69999999999999,85.991370742406104,1546.8542097990435,11.732574221965018,0.71580497170825763,4,0,1,1
269.80000000000001,86.081304095954252,1547.6313129844832,11.755281166133896,0.71580470127877083,4,0,1,1
269.90000000000003,86.171246665755589,1548.4087414357039,11.777858035355189,0.71580441151506036,4,0,1,1
270,86.261196985910686,1549.1864732540246,11.800351572351893,0.71580410257515426,4,0,1,1
270.10000000000002,86.343641852466234,1549.6652205012776,11.052244230902982,0.71580481912927607,4,0,1,1
270.19999999999999,86.423900481256481,1550.3497915787166,11.068021755420499,0.71580580497020496,4,0,1,1
270.30000000000001,86.504052056653762,1551.0517003127434,11.082636011698691,0.7158067946068607,4,0,1,1
270.40000000000003,86.584178400337109,1551.7543758951213,11.101995543685842,0.71580777309383048,4,0,1,1
270.5,86.664285857072841,1552.4566828410761,11.112360428720073,0.71580873921479293,4,0,1,1
270.60000000000002,86.744377768635516,1553.1585962496702,11.121151215965655,0.71580969245298964,4,0,1,1
270.69999999999999,86.824456377765273,1553.8601221822923,11.138836145204802,0.71581063247073673,4,0,1,1
270.80000000000001,86.904523958950534,1554.5612943910946,11.156745009058174,0.7158115589278693,4,0,1,1
270.90000000000003,86.984582281144341,1555.2621289539968,11.174835156084708,0.71581247155260685,4,0,1,1
271,87.064632816358127,1555.9626495133216,11.19306486820277,0.71581337010921442,4,0,1,1
271.10000000000002,87.152182339370228,1556.9626747418538,12.027932258735293,0.71581320175834706,4,0,1,1
271.19999999999999,87.241926117717099,1557.7564187902481,12.051391128329044,0.71581272611803415,4,0,1,1
271.30000000000001,87.331776042926137,1558.532727069356,12.070798961620328,0.71581221283197205,4,0,1,1
271.40000000000003,87.421651073788482,1559.3082749608172,12.09173274579326,0.71581167702377291,4,0,1,1
271.5,87.511544769922978,1560.0841836638958,12.117800971153164,0.71581111987310464,4,0,1,1
271.60000000000002,87.601453909481606,1560.8604812148321,12.125343239522724,0.71581054180556669,4,0,1,1
271.69999999999999,87.691376220561196,1561.6371588879442,12.148797038787938,0.71580994309716828,4,0,1,1
271.80000000000001,87.781309455327104,1562.4141858676437,12.17207945057015,0.71580932401207309,4,0,1,1
271.90000000000003,87.871251862617655,1563.1915456460713,12.195238821381055,0.71580868474716441,4,0,1,1
272,87.961201968057708,1563.969215190064,12.218307834719669,0.71580802546341704,4,0,1,1
272.10000000000002,88.051158526265496,1564.7471762587372,12.241292138146742,0.71580734628655573,4,0,1,1
272.19999999999999,88.141120550877503,1565.5254118599312,12.264227446658312,0.71580664731023835,4,0,1,1
272.30000000000001,88.231087178877203,1566.303904342582,12.287115229389281,0.71580592860874104,4,0,1,1
272.40000000000003,88.321057725213848,1567.0826394798505,12.309975415548957,0.71580519023276457,4,0,1,1
272.5,88.411031603603206,1567.8616020544268,12.332815880902846,0.71580443221910051,4,0,1,1
272.60000000000002,88.50100832888306,1568.6407790041435,12.355643859417711,0.71580365459001871,4,0,1,1
272.69999999999999,88.590987500597222,1569.4201575937786,12.378469109898296,0.71580285735680715,4,0,1,1
272.80000000000001,88.680968776077989,1570.1997258658305,12.401294484602928,0.71580204052208629,4,0,1,1
272.90000000000003,88.770951875236292,1570.9794729049866,12.424126927614862,0.71580120408007331,4,0,1,1
273,88.860936557642617,1571.7593880926927,12.446969200214495,0.71580034801928161,4,0,1,1
273.10000000000002,88.943431982124693,1572.2385378857223,11.687099984031944,0.71580054728348286,4,0,1,1
273.19999999999999,89.023709710605274,1572.9247583406684,11.68909094022001,0.71580102771142795,4,0,1,1
273.30000000000001,89.103880003035712,1573.6284772634629,11.706605868266427,0.71580151150543425,4,0,1,1
273.40000000000003,89.184022811391657,1574.3328523797882,11.7198105628531,0.71580198344683699,4,0,1,1
273.5,89.264144747981163,1575.0367642052558,11.728594844953509,0.71580244224168854,4,0,1,1
273.60000000000002,89.344248991912792,1575.7401904809701,11.74659585993998,0.71580288737593367,4,0,1,1
273.69999999999999,89.424338584000523,1576.4431478514721,11.764947684914999,0.71580331840501699,4,0,1,1
273.80000000000001,89.504415730005292,1577.1456645132159,11.78346753486051,0.71580373497428751,4,0,1,1
273.90000000000003,89.584482605395863,1577.8477755125211,11.802237519657549,0.71580413675316268,4,0,1,1
274,89.664540728186111,1578.5494968899875,11.821150562436346,0.7158045234910253,4,0,1,1
274.10000000000002,89.752075635399891,1579.5522998085316,12.670619054567101,0.71580381197000631,4,0,1,1
274.19999999999999,89.841831415191464,1580.3474015444376,12.705859846821676,0.715802779426011,4,0,1,1
274.30000000000001,89.931689468717309,1581.1247593787987,12.727946573708765,0.71580170783482933,4,0,1,1
274.40000000000003,90.021571529240646,1581.9012879115587,12.756088327420684,0.71580061247238846,4,0,1,1
274.5,90.111471505258407,1582.6781263949567,12.767330946646448,0.71579949449631364,4,0,1,1
274.60000000000002,90.201386224382176,1583.455302060954,12.782481683114652,0.71579835434030603,4,0,1,1
274.69999999999999,90.29131351563916,1584.2328119169474,12.806803735200456,0.71579719227145588,4,0,1,1
274.80000000000001,90.381251222474702,1585.0106260186178,12.830963513006457,0.71579600855036374,4,0,1,1
274.90000000000003,90.471197643219767,1585.788730900668,12.854994720069353,0.71579480337087009,4,0,1,1
275,90.561151384329762,1586.5671066533816,12.878944513872931,0.71579357688830469,4,0,1,1
275.10000000000002,90.643634705129742,1587.0437561749466,12.100592930929347,0.71579342400888679,4,0,1,1
275.19999999999999,90.72388628914095,1587.7284229496302,12.110693521483006,0.71579355924355126,4,0,1,1
275.30000000000001,90.804036013043813,1588.4308481976911,12.126852392050353,0.71579369672977233,4,0,1,1
275.40000000000003,90.884161134580239,1589.1340209143264,12.147820012270273,0.71579382126206659,4,0,1,1
275.5,90.964267759350165,1589.8368010461431,12.154676314366252,0.71579393160351401,4,0,1,1
275.60000000000002,91.044359101259772,1590.5391672666769,12.167666995382273,0.71579402722999153,4,0,1,1
275.69999999999999,91.124437412625682,1591.2411270246873,12.186632049402878,0.71579410778665864,4,0,1,1
275.80000000000001,91.204504879140131,1591.9427144661263,12.205816646801241,0.71579417292621261,4,0,1,1
275.90000000000003,91.284563253983848,1592.6439479399805,12.225194293169157,0.71579422236571999,4,0,1,1
276,91.36461395864535,1593.3448507198793,12.244712383092041,0.71579425586394896,4,0,1,1
276.10000000000002,91.452128589532975,1594.3479729385238,13.110999978431058,0.71579317035408618,4,0,1,1
276.19999999999999,91.541882244969983,1595.1425255249599,13.149273393986999,0.71579175456276878,4,0,1,1
276.30000000000001,91.631736936759822,1595.9192267366459,13.172098803852611,0.71579029861695209,4,0,1,1
276.40000000000003,91.72161573172599,1596.6951378682438,13.1904879147123,0.7157888179404932,4,0,1,1
276.5,91.811512537731545,1597.4713950896632,13.200504118856134,0.71578731370838033,4,0,1,1
276.60000000000002,91.901424639020519,1598.2480294169038,13.225685445415817,0.71578578631226752,4,0,1,1
276.69999999999999,91.991349332884369,1599.0250275848687,13.25058964752392,0.71578423608079167,4,0,1,1
276.80000000000001,92.081284742520566,1599.8023702230905,13.275408238789971,0.7157826632518236,4,0,1,1
276.90000000000003,92.171228949030507,1600.5800271993457,13.300051814337696,0.7157810680487755,4,0,1,1
277,92.261180644549938,1601.3579887291553,13.324622136346271,0.71577945061733306,4,0,1,1
277.10000000000002,92.343675977288939,1601.8331883209462,12.534592750520462,0.71577892576099034,4,0,1,1
277.19999999999999,92.423921961154477,1602.5172880900861,12.543358535667618,0.71577869657158455,4,0,1,1
277.30000000000001,92.504068267229826,1603.2193601540605,12.559925837231285,0.71577846895647568,4,0,1,1
277.40000000000003,92.584190500626733,1603.9222010668616,12.573242961690122,0.71577822760261878,4,0,1,1
277.5,92.664294700825707,1604.624673596451,12.581627646580843,0.71577797125843656,4,0,1,1
277.60000000000002,92.744383605556806,1605.3267507673713,12.600844651461497,0.71577769945373027,4,0,1,1
277.69999999999999,92.824459876854675,1606.0284451808657,12.620388948328825,0.71577741178054044,4,0,1,1
277.80000000000001,92.904525408627364,1606.7297793088205,12.640082162713167,0.71577710791543137,4,0,1,1
277.90000000000003,92.984582102271389,1607.4307830927214,12.660007665504446,0.71577678755365381,4,0,1,1
278,93.0646312654616,1608.1314683560042,12.680063700221231,0.71577645046509519,4,0,1,1
278.10000000000002,93.152130713331076,1609.1354652951559,13.564370921726363,0.7157749736889063,4,0,1,1
278.19999999999999,93.241886763254328,1609.9300207289336,13.599576256919216,0.71577315732539137,4,0,1,1
278.30000000000001,93.331741939100539,1610.7065666487151,13.622168193130852,0.71577129977822351,4,0,1,1
278.40000000000003,93.421621074479859,1611.4823311891407,13.638316857652878,0.71576941656280446,4,0,1,1
278.5,93.511518035513106,1612.2584552730891,13.654637154600694,0.7157675088718598,4,0,1,1
278.60000000000002,93.60143019094798,1613.0349673112833,13.680446576358809,0.71576557709562194,4,0,1,1
278.69999999999999,93.691354825323657,1613.8118523133103,13.70596312554189,0.71576362156805129,4,0,1,1
278.80000000000001,93.781290116702621,1614.5890920660759,13.731403489463069,0.71576164252482222,4,0,1,1
278.90000000000003,93.87123414210204,1615.3666542097237,13.756662666043896,0.71575964019338278,4,0,1,1
279,93.961185617604031,1616.1445298296751,13.781849646984687,0.71575761471845245,4,0,1,1
279.10000000000002,94.051143312778791,1616.9226919652078,13.806957017430177,0.71575556623464731,4,0,1,1
279.19999999999999,94.141106256662539,1617.7011278044497,13.831997732127217,0.71575349483487616,4,0,1,1
279.30000000000001,94.231073670885507,1618.4798196220058,13.857010367090846,0.71575140058902009,4,0,1,1
279.40000000000003,94.321044847538175,1619.2587515368955,13.88198093884356,0.71574928355133494,4,0,1,1
279.5,94.411019260638867,1620.0379108703821,13.906941382868951,0.71574714375275061,4,0,1,1
279.60000000000002,94.500996423924676,1620.8172825756471,13.931887191514644,0.71574498121638641,4,0,1,1
279.69999999999999,94.590975958285753,1621.5968554110443,13.956830729759089,0.71574279594986634,4,0,1,1
279.80000000000001,94.680957537552359,1622.3766168764207,13.981778253863984,0.7157405879533556,4,0,1,1
279.90000000000003,94.770940884892369,1623.1565561987359,14.006731402410905,0.71573835721883616,4,0,1,1
280,94.860925776302452,1623.9366630886639,14.031698164480069,0.71573610373117547,4,0,1,1
280.10000000000002,94.943470004516428,1624.4122045032857,13.210072918534449,0.71573497270196995,4,0,1,1
280.19999999999999,95.023734971712372,1625.0979583660637,13.227363967598126,0.71573414956079717,4,0,1,1
280.30000000000001,95.103899492073722,1625.8018051328897,13.242735887002532,0.71573332750219276,4,0,1,1
280.40000000000003,95.184037510781536,1626.5063207907158,13.254869238626647,0.71573249093689228,4,0,1,1
280.5,95.264155515753828,1627.210372216982,13.267180879594788,0.71573163852307642,4,0,1,1
280.60000000000002,95.344256478445473,1627.9139380214399,13.287024698001671,0.71573076973740235,4,0,1,1
280.69999999999999,95.424343374304826,1628.6170390855502,13.307244290738831,0.71572988411609317,4,0,1,1
280.80000000000001,95.504418281718628,1629.3197003586529,13.327629208594024,0.71572898129717233,4,0,1,1
280.90000000000003,95.584483302504694,1630.0219584835243,13.348273119339961,0.71572806093675467,4,0,1,1
281,95.664539893137714,1630.7238282553499,13.369065787374023,0.71572712277645556,4,0,1,1
281.10000000000002,95.752025099033844,1631.7305891858161,14.278475980424487,0.71572501335597016,4,0,1,1
281.19999999999999,95.841792526538597,1632.5264931217844,14.317222979071097,0.71572255004044627,4,0,1,1
281.30000000000001,95.931655693976666,1633.3040586115765,14.340323493706698,0.71572004402020295,4,0,1,1
281.40000000000003,96.021541828206736,1634.0807899776153,14.35640332593325,0.71571751096839753,4,0,1,1
281.5,96.11144500927665,1634.8578315790032,14.37214774817237,0.71571495207640423,4,0,1,1
281.60000000000002,96.201362672817424,1635.635210423608,14.398873436918652,0.71571236773092939,4,0,1,1
281.69999999999999,96.291292245269204,1636.4129169599323,14.42532144703444,0.71570975825620753,4,0,1,1
281.80000000000001,96.381231951651188,1637.1909333461103,14.4516902219094,0.71570712388623647,4,0,1,1
281.90000000000003,96.47117995820382,1637.9692319157336,14.477882295374236,0.71570446484134309,4,0,1,1
282,96.561135032553636,1638.7478048974788,14.504006515821398,0.71570178126275452,4,0,1,1
282.10000000000002,96.643667550585704,1639.2208188004795,13.666921484080978,0.71570023844338271,4,0,1,1
282.19999999999999,96.723907643173007,1639.9050519893403,13.683853994090377,0.71569901064570074,4,0,1,1
282.30000000000001,96.804052176704559,1640.6076119984605,13.704170789485872,0.71569778277769713,4,0,1,1
282.40000000000003,96.884173101482077,1641.310926476413,13.716117220526176,0.7156965392117145,4,0,1,1
282.5,96.964276414497846,1642.0138486855301,13.728067442524205,0.71569527865767868,4,0,1,1
282.60000000000002,97.044364740282319,1642.7163563684346,13.748640898347794,0.71569400063810773,4,0,1,1
282.69999999999999,97.124440695699505,1643.4184642294856,13.769555952098614,0.71569270473308333,4,0,1,1
282.80000000000001,97.204506108601294,1644.1201948135572,13.790618796775139,0.71569139061243359,4,0,1,1
282.90000000000003,97.28456284221123,1644.8215795937322,13.811921546422383,0.71569005796231677,4,0,1,1
283,97.364612167418784,1645.5226307667151,13.833357297318322,0.71568870654671446,4,0,1,1
283.10000000000002,97.452077219760554,1646.5296717534795,14.765887483740714,0.71568616300171339,4,0,1,1
283.19999999999999,97.541842661637261,1647.3250626515701,14.797670359887903,0.7156832558437104,4,0,1,1
283.30000000000001,97.631702480636363,1648.1019774623653,14.822231808503293,0.71568030483383338,4,0,1,1
283.40000000000003,97.721585474481856,1648.8780918442926,14.839214588315368,0.71567732574843856,4,0,1,1
283.5,97.811485768731799,1649.6545551696336,14.855635265526921,0.7156743197915193,4,0,1,1
283.60000000000002,97.901400736560291,1650.4313931700342,14.88303204015897,0.71567128736256747,4,0,1,1
283.69999999999999,97.991327815042098,1651.2085937290299,14.910156999312829,0.71566822879222147,4,0,1,1
283.80000000000001,98.081265181551487,1651.9861359587849,14.937189706276708,0.71566514432427097,4,0,1,1
283.90000000000003,98.171211012345481,1652.7639918398511,14.964047382044027,0.71566203418213004,4,0,1,1
284,98.261164048552402,1653.5421504767721,14.99083257856746,0.71565889851333619,4,0,1,1
284.10000000000002,98.343708308032816,1654.0137215355237,14.152535481816928,0.71565692258274793,4,0,1,1
284.19999999999999,98.423943088230857,1654.6973965005345,14.157107589919555,0.71565526947632219,4,0,1,1
284.30000000000001,98.504084239497018,1655.39959676281,14.176842523522943,0.71565361556523244,4,0,1,1
284.40000000000003,98.58420224933117,1656.1025819566426,14.189719736974183,0.71565194510731533,4,0,1,1
284.5,98.664302941622196,1656.8051976036675,14.202042546376196,0.71565025681541405,4,0,1,1
284.60000000000002,98.744388951359468,1657.5074192581667,14.223194875081727,0.71564855020604246,4,0,1,1
284.69999999999999,98.824462816533966,1658.2092603952617,14.244675290424349,0.715646824860661,4,0,1,1
284.80000000000001,98.904526369554276,1658.9107438445296,14.266314900131736,0.71564508044409925,4,0,1,1
284.90000000000003,98.984581416602211,1659.6118980337512,14.288188901629004,0.7156433166444659,4,0,1,1
285,99.064629219958576,1660.3127357423962,14.310198254547915,0.71564153322270185,4,0,1,1
285.10000000000002,99.152079392773842,1661.3206495390878,15.259836184023229,0.71563853684205936,5,1,1,1
285.19999999999999,99.241846961957577,1662.1160444774382,15.29206743288035,0.71563516715648956,5,1,1,1
285.30000000000001,99.331707310960354,1662.8928066099086,15.317598881636776,0.71563175250202105,5,1,1,1
285.40000000000003,99.421590614135908,1663.6687781069465,15.335016467044234,0.71562830877285788,5,1,1,1
285.5,99.51149108042955,1664.4451105748519,15.351483124554637,0.71562483717909031,5,1,1,1
285.60000000000002,99.601406088957461,1665.2218282710401,15.379533386989879,0.71562133812359408,5,1,1,1
285.69999999999999,99.691333124777444,1665.9989188548006,15.407318335558665,0.7156178119368124,5,1,1,1
285.80000000000001,99.781270365939974,1666.7763599407756,15.435005124801982,0.71561425886564167,5,1,1,1
285.90000000000003,99.871216021326518,1667.5541241047881,15.462519115817335,0.71561067913260201,5,1,1,1
286,99.961168838560951,1668.3321990790653,15.48995984934974,0.71560707288666825,5,1,1,1
286.10000000000002,99.984588219321139,1666.3388608510452,7.373059760449717,0.71561379066419184,4,0,1,1
286.19999999999999,99.986915901503465,1666.2575552381188,7.2543813367067145,0.71562350161297972,4,0,1,1
286.30000000000001,99.988411368239056,1666.3453044262383,7.2350862638536979,0.71563337517735437,4,0,1,1
286.40000000000003,99.989675664232308,1666.4389065609537,7.2163238071388607,0.71564328496238239,4,0,1,1
286.5,99.990760926242032,1666.5275855318291,7.2058680417402856,0.71565322055893743,4,0,1,1
286.60000000000002,99.991697908934469,1666.611055320438,7.1996225760788963,0.71566317740046548,4,0,1,1
286.69999999999999,99.992508872749028,1666.6895825030242,7.1871295134113078,0.71567315228658734,4,0,1,1
286.80000000000001,99.993213992886837,1666.7634685249784,7.1766666465723565,0.71568314233241692,4,0,1,1
286.90000000000003,99.993829872896242,1666.8329917484868,7.1678521080128439,0.71569314515929305,4,0,1,1
287,99.99437035243713,1666.8984178372336,7.1604209135803885,0.71570315878693891,4,0,1,1
287.10000000000002,99.994846884963664,1666.9599908076439,7.1541318214173737,0.71571318157615449,4,0,1,1
287.19999999999999,99.995269002406616,1667.0179422178112,7.148789243071719,0.7157232121618371,4,0,1,1
287.30000000000001,99.995644651351839,1667.0724877468506,7.1442399457633989,0.71573324940705474,4,0,1,1
287.40000000000003,99.995980446589414,1667.123829803829,7.1403455446810966,0.71574329236414147,4,0,1,1
287.5,99.996281933301375,1667.1721588515225,7.1370028389628919,0.71575334023932713,4,0,1,1
287.60000000000002,99.996553746448484,1667.2176529160738,7.1341188220085661,0.71576339236856723,4,0,1,1
287.69999999999999,99.996799785495355,1667.2604798724337,7.1316206528975403,0.71577344819315569,4,0,1,1
287.80000000000001,99.997023332487288,1667.30079694748,7.1294469854815006,0.71578350724278805,4,0,1,1
287.90000000000003,99.997227159123327,1667.3387521307372,7.1275462142877251,0.7157935691199927,4,0,1,1
288,99.99741361607434,1667.374484466658,7.1258771114338808,0.71580363348771503,4,0,1,1
288.10000000000002,99.997584699980237,1667.408124624523,7.1244038451419023,0.7158137000594208,4,0,1,1
288.19999999999999,99.99774211658054,1667.4397955806828,7.123097816225143,0.71582376859028785,4,0,1,1
288.30000000000001,99.997887326251018,1667.4696128964683,7.1219345069020461,0.71583383887058571,4,0,1,1
288.40000000000003,99.998021585804238,1667.4976853500891,7.1208937002770707,0.71584391071972409,4,0,1,1
288.5,99.998145981141334,1667.5241152369085,7.1199585397796792,0.71585398398161093,4,0,1,1
288.60000000000002,99.998261454444304,1667.5489988202003,7.1191146977833117,0.71586405852071688,4,0,1,1
288.69999999999999,99.998368827450946,1667.5724266870961,7.1183503586138395,0.71587413421879353,4,0,1,1
288.80000000000001,99.998468819669156,1667.5944840739455,7.1176553829414848,0.7158842109722332,4,0,1,1
288.90000000000003,99.998562064460828,1667.6152512147269,7.1170213150336554,0.71589428868979166,4,0,1,1
289,99.998649121737841,1667.6348036150973,7.1164409362853087,0.71590436729075868,4,0,1,1
289.10000000000002,99.998730488868929,1667.6532123525881,7.1159081059702318,0.71591444670339566,4,0,1,1
289.19999999999999,99.998806609692778,1667.6705443303376,7.1154176035842234,0.71592452686365837,4,0,1,1
289.30000000000001,99.9988778819679,1667.6868625276011,7.1149649211773403,0.71593460771411987,4,0,1,1
289.40000000000003,99.998944663702687,1667.7022262393925,7.1145462052052757,0.71594468920307874,4,0,1,1
289.5,99.999007278543601,1667.7166912766638,7.1141580877056887,0.71595477128374285,4,0,1,1
289.60000000000002,99.999066020177565,1667.7303101668031,7.1137977388750899,0.71596485391366782,4,0,1,1
289.69999999999999,99.999121155603973,1667.743132396497,7.1134625136633671,0.71597493705424653,4,0,1,1
289.80000000000001,99.999172929188916,1667.7552045576431,7.1131502467346772,0.71598502067011482,4,0,1,1
289.90000000000003,99.999221564751494,1667.7665704832607,7.1128590240428435,0.71599510472889605,4,0,1,1
290,99.999267267926882,1667.777271465204,7.1125870052973301,0.71600518920079737,4,0,1,1
290.10000000000002,99.999310228491453,1667.787346363968,7.112332796587145,0.71601527405835497,4,0,1,1
290.19999999999999,99.999350621240907,1667.7968317848254,7.1120948752104143,0.7160253592762521,4,0,1,1
290.30000000000001,99.999388608469715,1667.8057622050019,7.1118720864255485,0.71603544483097292,4,0,1,1
290.40000000000003,99.999424340530723,1667.8141700534713,7.1116633370030442,0.71604553070074306,4,0,1,1
290.5,99.999457957118608,1667.8220858862592,7.1114675397773679,0.7160556168653005,4,0,1,1
290.60000000000002,99.999489588446991,1667.8295384583887,7.111283900454497,0.71606570330578567,4,0,1,1
290.69999999999999,99.999519355488673,1667.8365548573679,7.1111114662213941,0.7160757900046627,4,0,1,1
290.80000000000001,99.999547371506452,1667.84316059708,7.110949547031769,0.71608587694550951,4,0,1,1
290.90000000000003,99.999573742153629,1667.8493796754815,7.1107974496267223,0.71609596411301657,4,0,1,1
291,99.999598566238291,1667.8552347057391,7.1106544790865085,0.71610605149284534,4,0,1,1
291.10000000000002,99.999621936380038,1667.8607469675508,7.1105201279905472,0.71611613907157623,4,0,1,1
291.19999999999999,99.999643939054693,1667.8659365072988,7.1103937622216211,0.71612622683666938,4,0,1,1
291.30000000000001,99.99966465559632,1667.8708222064208,7.1102749276442934,0.71613631477632989,4,0,1,1
291.40000000000003,99.999684162165593,1667.8754218248728,7.1101631568082944,0.71614640287951947,4,0,1,1
291.5,99.999702530242658,1667.8797520976623,7.1100579745972468,0.71615649113586399,4,0,1,1
291.60000000000002,99.999719827031242,1667.8838287728374,7.1099590358564075,0.71616657953562535,4,0,1,1
291.69999999999999,99.999736115447732,1667.8876666857682,7.1098658971428952,0.71617666806968028,4,0,1,1
291.80000000000001,99.999751454807253,1667.891279809453,7.109778243518214,0.71618675672942689,4,0,1,1
291.90000000000003,99.999765900767272,1667.8946812870058,7.1096957453367429,0.71619684550679852,4,0,1,1
292,99.999779505660328,1667.897883502842,7.1096180659602188,0.71620693439420091,4,0,1,1
292.10000000000002,99.999792318766069,1667.9008981108659,7.1095449603032055,0.71621702338449378,4,0,1,1
292.19999999999999,99.99980438628458,1667.9037360895063,7.1094761103857138,0.71622711247097881,4,0,1,1
292.30000000000001,99.999815751825267,1667.9064077788123,7.1094112900288113,0.71623720164733229,4,0,1,1
292.40000000000003,99.999826456351755,1667.9089229046685,7.1093502619137272,0.71624729090761874,4,0,1,1
292.5,99.999836538416957,1667.9112906313378,7.1092927815575697,0.71625738024624408,4,0,1,1
292.60000000000002,99.999846034354135,1667.9135195824233,7.1092386719599423,0.71626746965794541,4,0,1,1
292.69999999999999,99.999854978250482,1667.9156178815472,7.1091877007940969,0.71627755913778102,4,0,1,1
292.80000000000001,99.99986340230177,1667.9175931798468,7.1091397036277035,0.71628764868108397,4,0,1,1
292.90000000000003,99.999871336767114,1667.9194526738793,7.1090945066691145,0.71629773828347032,4,0,1,1
293,99.999878810138242,1667.9212031445325,7.1090519310255136,0.71630782794080727,4,0,1,1
293.10000000000002,99.999885849277845,1667.9228509725197,7.1090118467709962,0.71631791764920449,4,0,1,1
293.19999999999999,99.999892479397019,1667.9244021685222,7.1089740833625932,0.71632800740500813,4,0,1,1
293.30000000000001,99.999898724315585,1667.9258623935123,7.1089385196955099,0.71633809720476638,4,0,1,1
293.40000000000003,99.999904606426597,1667.9272369720391,7.1089050281123534,0.71634818704523584,4,0,1,1
293.5,99.999910146820497,1667.9285309210006,7.1088734764883021,0.71635827692335796,4,0,1,1
293.60000000000002,99.999915365385846,1667.9297489611408,7.1088437693386544,0.71636836683625349,4,0,1,1
293.69999999999999,99.999920280791855,1667.930895539346,7.1088157805096444,0.71637845678121737,4,0,1,1
293.80000000000001,99.999924910680363,1667.9319748437049,7.1087894208486517,0.71638854675569363,4,0,1,1
293.90000000000003,99.999929271638834,1667.9329908133177,7.1087645958321266,0.71639863675728066,4,0,1,1
294,99.999933379291605,1667.9339471596259,7.1087412079865526,0.71640872678371337,4,0,1,1
294.10000000000002,99.999937248374366,1667.9348473748928,7.1087191865559154,0.71641881683285902,4,0,1,1
294.19999999999999,99.999940892720502,1667.9356947487342,7.1086984383756304,0.71642890690271399,4,0,1,1
294.30000000000001,99.999944325403362,1667.9364923792486,7.1086788973281338,0.71643899699138469,4,0,1,1
294.40000000000003,99.999947558715675,1667.9372431802851,7.1086604936312767,0.7164490870970921,4,0,1,1
294.5,99.999950604237199,1667.9379498972248,7.1086431549468916,0.71645917721815777,4,0,1,1
294.60000000000002,99.9999534728897,1667.9386151132726,7.1086268290665497,0.71646926735300143,4,0,1,1
294.69999999999999,99.999956174926581,1667.9392412616733,7.1086114468307082,0.71647935750013858,4,0,1,1
294.80000000000001,99.99995872003835,1667.9398306339713,7.1085969594187883,0.71648944765816636,4,0,1,1
294.90000000000003,99.999961117337193,1667.9403853853678,7.1085833150032327,0.71649953782576592,4,0,1,1
295,99.999963375407106,1667.9409075464232,7.1085704601204567,0.71650962800169382,4,0,1,1
295.10000000000002,99.999965502344452,1667.9413990276921,7.1085583559675403,0.71651971818477889,4,0,1,1
295.19999999999999,99.999967505750391,1667.9418616287869,7.108546951411026,0.71652980837392111,4,0,1,1
295.30000000000001,99.999969392808907,1667.9422970444712,7.1085362101701248,0.71653989856808042,4,0,1,1
295.40000000000003,99.999971170275373,1667.94270686864,7.1085260939218005,0.71654998876627984,4,0,1,1
295.5,99.999972844513692,1667.9430926029695,7.1085165629652209,0.71656007896759777,4,0,1,1
295.60000000000002,99.999974421526332,1667.9434556603542,7.1085075886194273,0.71657016917116612,4,0,1,1
295.69999999999999,99.99997590694872,1667.9437973716108,7.1084991329011826,0.71658025937616954,4,0,1,1
295.80000000000001,99.999977306106985,1667.9441189899937,7.108491168997757,0.71659034958183743,4,0,1,1
295.90000000000003,99.999978624009628,1667.9444216941288,7.1084836684272226,0.7166004397874457,4,0,1,1
296,99.999979865374826,1667.944706594428,7.1084766018309313,0.7166105299923109,4,0,1,1
296.10000000000002,99.999981034652961,1667.9449747356223,7.1084699478736573,0.71662062019579031,4,0,1,1
296.19999999999999,99.999982136022197,1667.9452271017301,7.1084636784727495,0.71663071039727899,4,0,1,1
296.30000000000001,99.99998317343146,1667.9454646193949,7.1084577736742869,0.71664080059620605,4,0,1,1
296.40000000000003,99.999984150594145,1667.9456881600572,7.10845221243832,0.71665089079203481,4,0,1,1
296.5,99.99998507100851,1667.9458985446981,7.1084469729284674,0.7166609809842589,4,0,1,1
296.60000000000002,99.999985937974131,1667.9460965457188,7.1084420393931413,0.71667107117240147,4,0,1,1
296.69999999999999,99.999986754588875,1667.9462828906151,7.1084373909489864,0.71668116135601467,4,0,1,1
296.80000000000001,99.999987523780618,1667.9464582644446,7.1084330128649844,0.71669125153467506,4,0,1,1
296.90000000000003,99.999988248302628,1667.946623311434,7.1084288894853067,0.71670134170798494,4,0,1,1
297,99.9999889307486,1667.9467786384951,7.1084250046640491,0.71671143187556885,4,0,1,1
297.10000000000002,99.999989573565017,1667.9469248166054,7.108421346687896,0.7167215220370734,4,0,1,1
297.19999999999999,99.999990179048751,1667.9470623835343,7.1084179001097372,0.71673161219216686,4,0,1,1
297.30000000000001,99.999990749370653,1667.9471918456666,7.1084146539644628,0.71674170234053525,4,0,1,1
297.40000000000003,99.999991286572111,1667.9473136791917,7.108411596689205,0.71675179248188359,4,0,1,1
297.5,99.999991792576211,1667.9474283327004,7.1084087162762506,0.71676188261593399,4,0,1,1
297.60000000000002,99.999992269196909,1667.9475362282146,7.1084060040693124,0.71677197274242421,4,0,1,1
297.69999999999999,99.999992718137179,1667.9476377631972,7.1084034485874996,0.71678206286110824,4,0,1,1
297.80000000000001,99.999993141006641,1667.9477333119053,7.1084010417357932,0.71679215297175347,4,0,1,1
297.90000000000003,99.999993539318794,1667.947823226265,7.1083987748997828,0.71680224307414153,4,0,1,1
298,99.999993914499612,1667.9479078378006,7.1083966392163456,0.71681233316806603,4,0,1,1
298.10000000000002,99.999994267893982,1667.9479874583849,7.108394628236077,0.7168224232533329,4,0,1,1
298.19999999999999,99.999994600764566,1667.9480623817383,7.1083927334665713,0.71683251332975972,4,0,1,1
298.30000000000001,99.999994914304835,1667.9481328844208,7.1083909488950301,0.71684260339717387,4,0,1,1
298.40000000000003,99.999995209637021,1667.9481992264805,7.108389268144002,0.71685269345541358,4,0,1,1
298.5,99.99999548781831,1667.9482616528858,7.1083876846245495,0.71686278350432586,4,0,1,1
298.60000000000002,99.999995749845937,1667.9483203940745,7.1083861935804098,0.71687287354376683,4,0,1,1
298.69999999999999,99.999995996656139,1667.9483756670638,7.1083847886910405,0.71688296357360115,4,0,1,1
298.80000000000001,99.999996229133743,1667.9484276761873,7.1083834655128708,0.71689305359370126,4,0,1,1
298.90000000000003,99.999996448110821,1667.9484766135708,7.1083822193051747,0.7169031436039468,4,0,1,1
299,99.999996654371301,1667.9485226601932,7.1083810452008187,0.71691323360422465,4,0,1,1
299.10000000000002,99.999996848654547,1667.9485659862924,7.1083799396536671,0.7169233235944279,4,0,1,1
299.19999999999999,99.999997031654686,1667.9486067521862,7.1083788979919138,0.7169334135744565,4,0,1,1
299.30000000000001,99.999997204027864,1667.9486451088171,7.1083779169104568,0.71694350354421543,4,0,1,1
299.40000000000003,99.999997366391,1667.9486811981051,7.1083769929061962,0.71695359350361598,4,0,1,1
299.5,99.999997519325319,1667.9487151537292,7.1083761223552706,0.71696368345257389,4,0,1,1
299.60000000000002,99.999997663378991,1667.948747101432,7.1083753026387155,0.71697377339100998,4,0,1,1
299.69999999999999,99.999997799066747,1667.9487771596253,7.1083745302888675,0.71698386331885,4,0,1,1
299.80000000000001,99.999997926875039,1667.94880543979,7.1083738028622951,0.71699395323602377,4,0,1,1
299.90000000000003,99.9999980472613,1667.9488320467397,7.1083731177469671,0.71700404314246513,4,0,1,1
300,99.999998160656475,1667.9488570791996,7.1083724722746329,0.7170141330381119,4,0,1,1
300.10000000000002,99.999998267467049,1667.9488806300278,7.10837186448724,0.71702422292290535,4,0,1,1
300.19999999999999,99.999998368074614,1667.9489027866653,7.1083712918241551,0.7170343127967902,4,0,1,1
300.30000000000001,99.999998462839883,1667.9489236314344,7.108370752462875,0.7170444026597147,4,0,1,1
300.40000000000003,99.999998552102042,1667.9489432417281,7.1083702444848242,0.71705449251162945,4,0,1,1
300.5,99.999998636180578,1667.948961690442,7.1083697658853291,0.71706458235248849,4,0,1,1
300.60000000000002,99.999998715376876,1667.9489790461384,7.1083693152401457,0.71707467218224841,4,0,1,1
300.69999999999999,99.99999878997393,1667.9489953733728,7.1083688906332831,0.71708476200086779,4,0,1,1
300.80000000000001,99.999998860239117,1667.9490107329234,7.1083684907146587,0.71709485180830856,4,0,1,1
300.90000000000003,99.999998926423956,1667.949025181927,7.1083681140694424,0.71710494160453409,4,0,1,1
301,99.999998988765356,1667.9490387741935,7.1083677592102035,0.71711503138951016,4,0,1,1
301.10000000000002,99.999999047486781,1667.9490515603345,7.1083674250722035,0.71712512116320459,4,0,1,1
301.19999999999999,99.999999102798014,1667.9490635880029,7.1083671102424137,0.71713521092558663,4,0,1,1
301.30000000000001,99.999999154897353,1667.9490749020601,7.1083668137190781,0.71714530067662818,4,0,1,1
301.40000000000003,99.999999203971285,1667.9490855446768,7.1083665344516991,0.71715539041630183,4,0,1,1
301.5,99.999999250195415,1667.9490955555682,7.108366271335405,0.71716548014458226,4,0,1,1
301.60000000000002,99.99999929373547,1667.9491049720866,7.1083660235851056,0.71717556986144548,4,0,1,1
301.69999999999999,99.999999334747017,1667.949113829399,7.1083657901496533,0.71718565956686886,4,0,1,1
301.80000000000001,99.999999373377051,1667.9491221606111,7.1083655702915731,0.71719574926083141,4,0,1,1
301.90000000000003,99.999999409763845,1667.9491299968397,7.1083653632251576,0.7172058389433128,4,0,1,1
302,99.999999444037641,1667.9491373673916,7.1083651681317406,0.71721592861429428,4,0,1,1
302.10000000000002,99.999999476321292,1667.9491442998269,7.108364984434675,0.71722601827375798,4,0,1,1
302.19999999999999,99.999999506730134,1667.9491508200911,7.1083648113521178,0.71723610792168724,4,0,1,1
302.30000000000001,99.999999535373163,1667.949156952609,7.1083646483328105,0.71724619755806618,4,0,1,1
302.40000000000003,99.999999562352897,1667.9491627203377,7.1083644947997735,0.71725628718287993,4,0,1,1
302.5,99.999999587765956,1667.9491681448956,7.1083643501466982,0.71726637679611427,4,0,1,1
302.60000000000002,99.999999611703345,1667.9491732466129,7.1083642139413756,0.71727646639775611,4,0,1,1
302.69999999999999,99.999999634250642,1667.9491780446283,7.1083640856056478,0.71728655598779312,4,0,1,1
302.80000000000001,99.999999655488665,1667.949182556956,7.1083639647353278,0.71729664556621331,4,0,1,1
302.90000000000003,99.999999675493399,1667.9491868005282,7.1083638508927125,0.71730673513300591,4,0,1,1
303,99.999999694336495,1667.9491907912893,7.108363743638483,0.71731682468816005,4,0,1,1
303.10000000000002,99.99999971208544,1667.9491945442314,7.1083636426464771,0.71732691423166617,4,0,1,1
303.19999999999999,99.999999728803672,1667.9491980734686,7.108363547490713,0.71733700376351495,4,0,1,1
303.30000000000001,99.999999744551118,1667.9492013922841,7.1083634578683439,0.7173470932836975,4,0,1,1
303.40000000000003,99.99999975938411,1667.9492045131624,7.1083633734578688,0.71735718279220584,4,0,1,1
303.5,99.999999773355796,1667.9492074478599,7.1083632939325767,0.71736727228903174,4,0,1,1
303.60000000000002,99.999999786516199,1667.9492102074303,7.1083632190491732,0.71737736177416833,4,0,1,1
303.69999999999999,99.999999798912356,1667.9492128022775,7.1083631484964869,0.71738745124760839,4,0,1,1
303.80000000000001,99.999999810588719,1667.9492152421928,7.108363082043117,0.71739754070934569,4,0,1,1
303.90000000000003,99.999999821587039,1667.9492175363819,7.1083630194546679,0.71740763015937381,4,0,1,1
304,99.99999983194671,1667.9492196935087,7.1083629604908456,0.71741771959768685,4,0,1,1
304.10000000000002,99.999999841704849,1667.9492217217191,7.1083629049665671,0.71742780902427949,4,0,1,1
304.19999999999999,99.99999985089633,1667.9492236286826,7.108362852651962,0.71743789843914652,4,0,1,1
304.30000000000001,99.999999859554094,1667.9492254216154,7.1083628033792765,0.71744798784228325,4,0,1,1
304.40000000000003,99.999999867709121,1667.9492271072988,7.1083627569727961,0.71745807723368482,4,0,1,1
304.5,99.999999875390586,1667.9492286921186,7.1083627132502203,0.71746816661334689,4,0,1,1
304.60000000000002,99.999999882626057,1667.9492301820774,7.1083626720839126,0.71747825598126569,4,0,1,1
304.69999999999999,99.999999889441355,1667.9492315828243,7.1083626332922769,0.71748834533743688,4,0,1,1
304.80000000000001,99.999999895860896,1667.9492328996766,7.1083625967578223,0.71749843468185703,4,0,1,1
304.90000000000003,99.999999901907714,1667.9492341376304,7.1083625623517221,0.71750852401452248,4,0,1,1
305,99.999999907603367,1667.9492353013882,7.108362529928911,0.71751861333543032,4,0,1,1
305.10000000000002,99.999999912968335,1667.9492363953721,7.1083624994060335,0.71752870264457724,4,0,1,1
305.19999999999999,99.999999918021743,1667.9492374237434,7.1083624706443853,0.71753879194196046,4,0,1,1
305.30000000000001,99.99999992278174,1667.9492383904171,7.1083624435543538,0.7175488812275771,4,0,1,1
305.40000000000003,99.999999927265335,1667.9492392990728,7.1083624180414491,0.71755897050142436,4,0,1,1
305.5,99.999999931488574,1667.9492401531738,7.1083623940024179,0.71756905976350016,4,0,1,1
305.60000000000002,99.999999935466619,1667.9492409559757,7.1083623713717943,0.71757914901380193,4,0,1,1
305.69999999999999,99.999999939213652,1667.9492417105419,7.1083623500421291,0.71758923825232757,4,0,1,1
305.80000000000001,99.999999942743088,1667.9492424197563,7.1083623299559893,0.71759932747907496,4,0,1,1
305.90000000000003,99.999999946067618,1667.9492430863268,7.1083623110411418,0.7176094166940421,4,0,1,1
306,99.999999949199093,1667.9492437128008,7.1083622932179988,0.71761950589722712,4,0,1,1
306.10000000000002,99.999999952148755,1667.9492443015772,7.1083622764333638,0.71762959508862834,4,0,1,1
306.19999999999999,99.999999954927119,1667.9492448549101,7.1083622606224122,0.71763968426824387,4,0,1,1
306.30000000000001,99.999999957544162,1667.9492453749208,7.1083622457282161,0.71764977343607239,4,0,1,1
306.40000000000003,99.999999960009262,1667.9492458636018,7.1083622317016797,0.71765986259211234,4,0,1,1
306.5,99.999999962331202,1667.9492463228303,7.1083622184846105,0.71766995173636217,4,0,1,1
306.60000000000002,99.999999964518352,1667.9492467543691,7.1083622060427363,0.71768004086882065,4,0,1,1
306.69999999999999,99.999999966578486,1667.9492471598753,7.1083621943178779,0.71769012998948623,4,0,1,1
306.80000000000001,99.999999968518992,1667.9492475409115,7.10836218327161,0.71770021909835791,4,0,1,1
306.90000000000003,99.999999970346849,1667.9492478989439,7.1083621728752195,0.71771030819543458,4,0,1,1
307,99.999999972068537,1667.9492482353505,7.1083621630725009,0.71772039728071491,4,0,1,1
307.10000000000002,99.999999973690279,1667.9492485514299,7.1083621538472306,0.71773048635419801,4,0,1,1
307.20000000000005,99.999999975217847,1667.9492488484009,7.1083621451535208,0.71774057541588288,4,0,1,1
307.30000000000001,99.999999976656738,1667.9492491274107,7.108362136965213,0.71775066446576863,4,0,1,1
307.40000000000003,99.999999978012056,1667.9492493895382,7.1083621292518862,0.71776075350385415,4,0,1,1
307.5,99.999999979288702,1667.9492496357973,7.1083621219865689,0.71777084253013868,4,0,1,1
307.60000000000002,99.999999980491211,1667.9492498671423,7.108362115145189,0.71778093154462141,4,0,1,1
307.70000000000005,99.999999981623887,1667.9492500844688,7.1083621086996143,0.71779102054730171,4,0,1,1
307.80000000000001,99.999999982690824,1667.9492502886192,7.1083621026285941,0.71780110953817855,4,0,1,1
307.90000000000003,99.999999983695787,1667.949250480387,7.1083620969084329,0.71781119851725139,4,0,1,1
308,99.9999999846424,1667.9492506605181,7.1083620915225731,0.71782128748451957,4,0,1,1
308.10000000000002,99.99999998553406,1667.9492508297126,7.1083620864485013,0.71783137643998218,4,0,1,1
308.20000000000005,99.99999998637395,1667.949250988629,7.10836208167047,0.71784146538363902,4,0,1,1
308.30000000000001,99.999999987165069,1667.9492511378864,7.1083620771675662,0.71785155431548897,4,0,1,1
308.40000000000003,99.999999987910257,1667.9492512780675,7.1083620729267398,0.71786164323553214,4,0,1,1
308.5,99.999999988612174,1667.9492514097194,7.1083620689323244,0.7178717321437672,4,0,1,1
308.60000000000002,99.99999998927332,1667.949251533357,7.1083620651686932,0.71788182104019427,4,0,1,1
308.70000000000005,99.999999989896111,1667.9492516494647,7.1083620616265444,0.71789190992481255,4,0,1,1
308.80000000000001,99.999999990482721,1667.9492517584954,7.1083620582901963,0.7179019987976214,4,0,1,1
308.90000000000003,99.999999991035281,1667.9492518608774,7.1083620551435782,0.71791208765862069,4,0,1,1
309,99.999999991555754,1667.9492519570128,7.1083620521827031,0.71792217650780976,4,0,1,1
309.10000000000002,99.999999992046014,1667.9492520472791,7.1083620493930217,0.71793226534518828,4,0,1,1
309.20000000000005,99.999999992507796,1667.9492521320319,7.1083620467650306,0.71794235417075558,4,0,1,1
309.30000000000001,99.999999992942776,1667.9492522116045,7.1083620442904198,0.71795244298451155,4,0,1,1
309.40000000000003,99.999999993352503,1667.9492522863097,7.1083620419586069,0.71796253178645575,4,0,1,1
309.5,99.999999993738442,1667.9492523564431,7.1083620397617651,0.71797262057658773,4,0,1,1
309.60000000000002,99.999999994101955,1667.9492524222819,7.1083620376935617,0.71798270935490704,4,0,1,1
309.70000000000005,99.99999999444438,1667.9492524840866,7.1083620357460084,0.71799279812141348,4,0,1,1
309.80000000000001,99.99999999476691,1667.9492525421019,7.108362033910427,0.71800288687610681,4,0,1,1
309.90000000000003,99.999999995070738,1667.9492525965563,7.1083620321820637,0.71801297561898625,4,0,1,1
310,99.999999995356902,1667.9492526476686,7.108362030552632,0.71802306435005192,4,0,1,1
310.10000000000002,99.999999995626467,1667.9492526956401,7.1083620290188492,0.71803315306930326,4,0,1,1
310.20000000000005,99.999999995880373,1667.9492527406624,7.1083620275747617,0.71804324177674006,4,0,1,1
310.30000000000001,99.999999996119527,1667.9492527829148,7.1083620262124896,0.71805333047236208,4,0,1,1
310.40000000000003,99.999999996344826,1667.9492528225655,7.1083620249334443,0.71806341915616889,4,0,1,1
310.5,99.999999996557023,1667.9492528597727,7.1083620237227896,0.71807350782816015,4,0,1,1
310.60000000000002,99.999999996756898,1667.9492528946867,7.1083620225863546,0.71808359648833575,4,0,1,1
310.70000000000005,99.999999996945164,1667.9492529274462,7.1083620215167675,0.71809368513669536,4,0,1,1
310.80000000000001,99.999999997122529,1667.9492529581821,7.1083620205074292,0.71810377377323875,4,0,1,1
310.90000000000003,99.999999997289578,1667.9492529870186,7.1083620195560249,0.71811386239796549,4,0,1,1
311,99.99999999744692,1667.9492530140717,7.1083620186598413,0.71812395101087556,4,0,1,1
311.10000000000002,99.999999997595125,1667.9492530394512,7.1083620178174609,0.71813403961196853,4,0,1,1
311.20000000000005,99.999999997734733,1667.9492530632579,7.1083620170245512,0.71814412820124451,4,0,1,1
311.30000000000001,99.999999997866254,1667.9492530855878,7.1083620162757466,0.71815421677870261,4,0,1,1
311.40000000000003,99.999999997990116,1667.9492531065328,7.1083620155686775,0.71816430534434317,4,0,1,1
311.5,99.999999998106802,1667.9492531261776,7.1083620149065627,0.71817439389816562,4,0,1,1
311.60000000000002,99.999999998216708,1667.9492531446006,7.1083620142797557,0.71818448244016997,4,0,1,1
311.70000000000005,99.999999998320234,1667.9492531618778,7.108362013691341,0.71819457097035566,4,0,1,1
311.80000000000001,99.999999998417749,1667.9492531780788,7.1083620131377323,0.71820465948872281,4,0,1,1
311.90000000000003,99.999999998509594,1667.9492531932701,7.1083620126139868,0.7182147479952713,4,0,1,1
312,99.99999999859611,1667.9492532075149,7.1083620121224271,0.71822483649000035,4,0,1,1
312.10000000000002,99.999999998677609,1667.9492532208692,7.1083620116611517,0.71823492497291019,4,0,1,1
312.20000000000005,99.99999999875439,1667.9492532333886,7.1083620112204988,0.71824501344400049,4,0,1,1
312.30000000000001,99.999999998826695,1667.9492532451252,7.1083620108105023,0.71825510190327113,4,0,1,1
312.40000000000003,99.999999998894808,1667.9492532561267,7.1083620104224847,0.71826519035072167,4,0,1,1
312.5,99.999999998958955,1667.9492532664387,7.1083620100571689,0.71827527878635211,4,0,1,1
312.60000000000002,99.999999999019394,1667.9492532761035,7.10836200971465,0.71828536721016212,4,0,1,1
312.70000000000005,99.999999999076323,1667.9492532851616,7.1083620093895599,0.71829545562215158,4,0,1,1
312.80000000000001,99.99999999912994,1667.9492532936492,7.108362009086985,0.71830554402232039,4,0,1,1
312.90000000000003,99.999999999180432,1667.9492533016028,7.1083620087957202,0.7183156324106682,4,0,1,1
313,99.99999999922801,1667.9492533090561,7.108362008527072,0.71832572078719481,4,0,1,1
313.10000000000002,99.999999999272816,1667.949253316038,7.1083620082718761,0.71833580915189998,4,0,1,1
313.20000000000005,99.999999999315037,1667.9492533225794,7.1083620080313956,0.71834589750478361,4,0,1,1
313.30000000000001,99.999999999354799,1667.9492533287071,7.1083620078053436,0.71835598584584548,4,0,1,1
313.40000000000003,99.999999999392244,1667.9492533344469,7.1083620075918086,0.71836607417508547,4,0,1,1
313.5,99.99999999942753,1667.9492533398229,7.1083620073936915,0.71837616249250347,4,0,1,1
313.60000000000002,99.999999999460755,1667.949253344857,7.1083620072018556,0.71838625079809892,4,0,1,1
313.70000000000005,99.999999999492076,1667.9492533495718,7.1083620070254785,0.71839633909187206,4,0,1,1
313.80000000000001,99.999999999521549,1667.949253353986,7.1083620068551241,0.71840642737382243,4,0,1,1
313.90000000000003,99.999999999549317,1667.9492533581201,7.1083620066993261,0.71841651564394982,4,0,1,1
314,99.999999999575479,1667.9492533619896,7.1083620065506592,0.71842660390225421,4,0,1,1
314.10000000000002,99.999999999600121,1667.9492533656121,7.1083620064098128,0.71843669214873529,4,0,1,1
314.20000000000005,99.999999999623341,1667.9492533690031,7.1083620062787016,0.71844678038339294,4,0,1,1
314.30000000000001,99.999999999645198,1667.9492533721764,7.1083620061533619,0.71845686860622704,4,0,1,1
314.40000000000003,99.999999999665789,1667.9492533751463,7.1083620060366552,0.71846695681723727,4,0,1,1
314.5,99.999999999685187,1667.9492533779257,7.1083620059260832,0.71847704501642373,4,0,1,1
314.60000000000002,99.999999999703462,1667.9492533805255,7.1083620058224177,0.71848713320378599,4,0,1,1
314.70000000000005,99.999999999720686,1667.9492533829582,7.1083620057248211,0.71849722137932359,4,0,1,1
314.80000000000001,99.999999999736886,1667.949253385234,7.1083620056315064,0.71850730954303699,4,0,1,1
314.90000000000003,99.999999999752163,1667.9492533873624,7.1083620055459251,0.71851739769492551,4,0,1,1
315,99.999999999766544,1667.9492533893526,7.108362005462614,0.71852748583498927,4,0,1,1
315.10000000000002,99.999999999780101,1667.9492533912139,7.1083620053857537,0.71853757396322793,4,0,1,1
315.20000000000005,99.999999999792848,1667.9492533929551,7.1083620053124763,0.71854766207964138,4,0,1,1
315.30000000000001,99.999999999804871,1667.9492533945827,7.1083620052460201,0.71855775018422918,4,0,1,1
315.40000000000003,99.999999999816211,1667.9492533961036,7.1083620051819931,0.71856783827699167,4,0,1,1
315.5,99.999999999826869,1667.9492533975254,7.1083620051173,0.71857792635792839,4,0,1,1
315.60000000000002,99.999999999836916,1667.9492533988541,7.1083620050636425,0.7185880144270389,4,0,1,1
315.70000000000005,99.999999999846395,1667.9492534000954,7.1083620050097203,0.71859810248432354,4,0,1,1
315.80000000000001,99.999999999855305,1667.9492534012561,7.1083620049574536,0.71860819052978175,4,0,1,1
315.90000000000003,99.999999999863704,1667.9492534023393,7.1083620049114469,0.71861827856341354,4,0,1,1
316,99.999999999871605,1667.9492534033513,7.1083620048641354,0.71862836658521856,4,0,1,1
316.10000000000002,100.0739472415756,1671.0301248691778,16.17216592998156,0.71862702734248163,5,1,1,1
316.20000000000005,100.17130890528165,1671.9844036374,16.352452518353456,0.71862221650942393,5,1,1,1
316.30000000000001,100.26961134009589,1672.7521178548868,16.403689546167907,0.71861716916121798,5,1,1,1
316.40000000000003,100.36817424133282,1673.5138305380981,16.456993935483297,0.7186120459207157,5,1,1,1
316.5,100.46694020244897,1674.2812834267556,16.498361474702683,0.71860685966944571,5,1,1,1
316.60000000000002,100.56587361434137,1675.0547679374492,16.507036069235259,0.71860161626036689,5,1,1,1
316.70000000000005,100.66494967864014,1675.8339764130073,16.552025754660548,0.71859631962006698,5,1,1,1
316.80000000000001,100.76414557501214,1676.6185541837051,16.594776930310534,0.7185909733372734,5,1,1,1
316.90000000000003,100.86344258931632,1677.4081828208818,16.635729203762743,0.71858558035216791,5,1,1,1
317,100.96282509669452,1678.2025527367821,16.675179943241012,0.71858014310921681,5,1,1,1
317.10000000000002,101.06228014900005,1679.0013821790744,16.713387088534006,0.71857466362166189,5,1,1,1
317.20000000000005,101.161796991239,1679.8044034404886,16.750581671987547,0.7185691435560303,5,1,1,1
317.30000000000001,101.26136663120671,1680.6113666763213,16.78692365817102,0.71856358428931544,5,1,1,1
317.40000000000003,101.36098160099019,1681.4220377369224,16.822577233205678,0.71855798695735118,5,1,1,1
317.5,101.46063561176256,1682.2361958539893,16.857650358933174,0.71855235250644767,5,1,1,1
317.60000000000002,101.56032342517088,1683.053636269178,16.892250472712171,0.71854668171283953,5,1,1,1
317.70000000000005,101.66004062489853,1683.8741638316403,16.926461259208683,0.71854097522201377,5,1,1,1
317.80000000000001,101.75978348845535,1684.6975972692994,16.960346311932064,0.71853523356450832,5,1,1,1
317.90000000000003,101.8595488807118,1685.5237650723573,16.993970433300145,0.71852945717796612,5,1,1,1
318,101.95933412255324,1686.3525062740002,17.027373252993932,0.71852364642665456,5,1,1,1
318.10000000000002,102.05913695469961,1687.1836705469755,17.060599387464066,0.71851780160667889,5,1,1,1
318.20000000000005,102.15895543698326,1688.0171149559808,17.093680423782775,0.71851192296274202,5,1,1,1
318.30000000000001,102.2587879068046,1688.8527062244652,17.126642227429056,0.71850601069426445,5,1,1,1
318.40000000000003,102.35863293683443,1689.6903185145102,17.159510277499788,0.7185000649631752,5,1,1,1
318.5,102.45848928691134,1690.5298334517099,17.192301198522898,0.71849408590068364,5,1,1,1
318.60000000000002,102.55835588517989,1691.3711398802207,17.225032946843129,0.71848807361107692,5,1,1,1
318.70000000000005,102.65823179270545,1692.21413291721,17.25771798176082,0.71848202817706963,5,1,1,1
318.80000000000001,102.75811618805241,1693.0587141175781,17.290368119471943,0.71847594966230222,5,1,1,1
318.90000000000003,102.85800834724337,1693.9047906788342,17.322992979087534,0.71846983811466492,5,1,1,1
319,102.95790762971917,1694.7522753001331,17.355600655067636,0.71846369356861683,5,1,1,1
319.10000000000002,103.05781346617253,1695.601085800402,17.38819833847424,0.7184575160471306,5,1,1,1
319.20000000000005,103.15772534767076,1696.4511448242718,17.420791724142546,0.71845130556337977,5,1,1,1
319.30000000000001,103.25764281834324,1697.3023795807085,17.453386227924014,0.71844506212194359,5,1,1,1
319.40000000000003,103.35756546690756,1698.1547215095973,17.485986021668548,0.71843878572012887,5,1,1,1
319.5,103.45749292215018,1699.0081060891043,17.518595139146353,0.71843247634889029,5,1,1,1
319.60000000000002,103.55742484648064,1699.8624725526704,17.551216832847508,0.7184261339937037,5,1,1,1
319.70000000000005,103.6573609325069,1700.7177637220541,17.583853976397791,0.71841975863514185,5,1,1,1
319.80000000000001,103.75730089936852,1701.5739257470464,17.616509248120067,0.71841335024950559,5,1,1,1
319.90000000000003,103.85724448927722,1702.4309079275472,17.649184791438053,0.7184069088093411,5,1,1,1
320,103.95719146543132,1703.2886625405595,17.681882709925105,0.71840043428380607,5,1,1,1
320.10000000000002,104.05714160933255,1704.1471446394298,17.71460473753837,0.71839392663908286,5,1,1,1
320.20000000000005,104.15709471929198,1705.0063119016081,17.747352503376582,0.71838738583862194,5,1,1,1
320.30000000000001,104.2570506080783,1705.8661245100093,17.780127473682366,0.7183808118435282,5,1,1,1
320.40000000000003,104.35700910222423,1706.7265449805511,17.812930845906603,0.71837420461265267,5,1,1,1
320.5,104.45697004091782,1707.5875379565484,17.845763970440785,0.71836756410276936,5,1,1,1
320.60000000000002,104.55693327375567,1708.4490701763425,17.878627836859334,0.71836089026896344,5,1,1,1
320.70000000000005,104.65689866092794,1709.3111103472149,17.911523386329293,0.71835418306457099,5,1,1,1
320.80000000000001,104.7568660717088,1710.1736289975784,17.944451670213638,0.718347442441432,5,1,1,1
320.90000000000003,104.85683538393225,1711.0365983862721,17.977413320490069,0.71834066834995758,5,1,1,1
321,104.95680648384563,1711.8999923566612,18.010409325158001,0.71833386073916161,5,1,1,1
321.10000000000002,105.05677926432011,1712.7637862879133,18.043440280505639,0.71832701955696421,5,1,1,1
321.20000000000005,105.15675362533547,1713.6279570281849,18.076506835931962,0.7183201447500811,5,1,1,1
321.30000000000001,105.25672947297626,1714.4924827656387,18.109609721010454,0.7183132362642054,5,1,1,1
321.40000000000003,105.35670671908213,1715.3573429724413,18.142749349688721,0.71830629404403479,5,1,1,1
321.5,105.45668528136235,1716.2225182924626,18.175926437414329,0.71829931803328051,5,1,1,1
321.60000000000002,105.55666508201502,1717.0879905058162,18.209141392303458,0.71829230817488121,5,1,1,1
321.70000000000005,105.65664604825831,1717.953742480601,18.242394682760043,0.7182852644109059,5,1,1,1
321.80000000000001,105.75662811156459,1718.8197580763435,18.275686838182224,0.71827818668268184,5,1,1,1
321.90000000000003,105.85661120748946,1719.6860221027696,18.309018154167749,0.71827107493080744,5,1,1,1
322,105.95659527577168,1720.5525202368665,18.34238916176356,0.71826392909515535,5,1,1,1
322.10000000000002,106.05658025934508,1721.4192389965267,18.375800158594163,0.71825674911502435,5,1,1,1
322.20000000000005,106.15656610475206,1722.2861657050842,18.409251495176935,0.71824953492906429,5,1,1,1
322.30000000000001,106.25655276160259,1723.1532884197918,18.442743566217985,0.71824228647536548,5,1,1,1
322.40000000000003,106.35654018245417,1724.0205959009543,18.476276595755248,0.71823500369146676,5,1,1,1
322.5,106.45652832291228,1724.8880775506859,18.509850983442337,0.71822768651435753,5,1,1,1
322.60000000000002,106.5565171408944,1725.7557233937039,18.543466957949086,0.7182203348805879,5,1,1,1
322.70000000000005,106.65650659695565,1726.6235240506699,18.577124785113519,0.71821294872621078,5,1,1,1
322.80000000000001,106.75649665388971,1727.4914706859224,18.610824768633151,0.71820552798684534,5,1,1,1
322.90000000000003,106.85648727664834,1728.3595549835927,18.644567081181158,0.71819807259768442,5,1,1,1
323,106.95647843242253,1729.2277691030413,18.678352031072549,0.71819058249349543,5,1,1,1
323.10000000000002,107.05647009009671,1730.0961056643841,18.712179796585545,0.71818305760870049,5,1,1,1
323.20000000000005,107.15646222049475,1730.9645577288129,18.746050585277665,0.71817549787733359,5,1,1,1
323.30000000000001,107.2564547960895,1731.833118760153,18.77996463326167,0.71816790323308566,5,1,1,1
323.40000000000003,107.35644779094086,1732.7017826065667,18.813922078770354,0.71816027360931056,5,1,1,1
323.5,107.45644118076478,1733.5705434680253,18.847923161601212,0.71815260893902688,5,1,1,1
323.60000000000002,107.55643494252203,1734.4393958855144,18.881968025511128,0.71814490915497575,5,1,1,1
323.70000000000005,107.65642905460682,1735.3083347263869,18.916056834061965,0.718137174189589,5,1,1,1
323.80000000000001,107.75642349663104,1736.1773551562678,18.950189775352886,0.71812940397502234,5,1,1,1
323.90000000000003,107.85641824937862,1737.0464526248118,18.98436696113092,0.71812159844315959,5,1,1,1
324,107.95641329486104,1737.9156228421871,19.018588582253372,0.71811375752561457,5,1,1,1
324.10000000000002,108.05640861600739,1738.7848617708717,19.052854755674598,0.71810588115377427,5,1,1,1
324.20000000000005,108.15640419680783,1739.6541656148745,19.08716561405155,0.71809796925877423,5,1,1,1
324.30000000000001,108.25640002215428,1740.5235307991113,19.121521308604116,0.71809002177152226,5,1,1,1
324.40000000000003,108.35639607780472,1741.3929539583994,19.155921932986931,0.71808203862270348,5,1,1,1
324.5,108.4563923504291,1742.2624319204281,19.190367640482918,0.71807401974278084,5,1,1,1
324.60000000000002,108.55638882737406,1743.1319616995793,19.224858529436187,0.7180659650620268,5,1,1,1
324.70000000000005,108.65638549677298,1744.0015404889152,19.259394708596162,0.71805787451050618,5,1,1,1
324.80000000000001,108.75638234742704,1744.8711656451926,19.293976302764651,0.71804974801809207,5,1,1,1
324.90000000000003,108.85637936877825,1745.7408346801622,19.328603391291409,0.71804158551447073,5,1,1,1
325,108.95637655094713,1746.610545248421,19.363276100487187,0.7180333869291412,5,1,1,1
325.10000000000002,109.05637388455274,1747.4802951426564,19.397994513951087,0.71802515219144014,5,1,1,1
325.20000000000005,109.156371360798,1748.3500822877627,19.432758723583824,0.71801688123052798,5,1,1,1
325.30000000000001,109.25636897138091,1749.2199047299141,19.4675688336952,0.71800857397540041,5,1,1,1
325.40000000000003,109.35636670847337,1750.0897606297076,19.502424913846205,0.7180002303548928,5,1,1,1
325.5,109.45636456475276,1750.9596482535337,19.537327069471274,0.71799185029767953,5,1,1,1
325.60000000000002,109.55636253326358,1751.8295659699195,19.572275373961087,0.71798343373229312,5,1,1,1
325.70000000000005,109.6563606074838,1752.6995122451731,19.607269906016043,0.71797498058711318,5,1,1,1
325.80000000000001,109.75635878125831,1753.5694856355296,19.642310755308575,0.71796649079037456,5,1,1,1
325.90000000000003,109.8563570487826,1754.4394847815909,19.677397983523996,0.71795796427017167,5,1,1,1
326,109.95635540462938,1755.3095084023566,19.712531681164489,0.71794940095445758,5,1,1,1
326.10000000000002,110.05635384364101,1756.1795552923388,19.747711913430624,0.7179408007710576,5,1,1,1
326.20000000000005,110.15635236098191,1757.0496243183716,19.782938749752113,0.71793216364766266,5,1,1,1
326.30000000000001,110.25635095208858,1757.9197144139848,19.818212268379629,0.7179234895118336,5,1,1,1
326.40000000000003,110.35634961265669,1758.7898245748693,19.85353252565087,0.71791477829100458,5,1,1,1
326.5,110.45634833866393,1759.6599538548176,19.8888996004567,0.71790602991248365,5,1,1,1
326.60000000000002,110.5563471262855,1760.5301013634489,19.924313552339289,0.71789724430346225,5,1,1,1
326.70000000000005,110.65634597193628,1761.4002662638504,19.959774443437137,0.71788842139100961,5,1,1,1
326.80000000000001,110.75634487223257,1762.2704477686345,19.995282343872677,0.71787956110207662,5,1,1,1
326.90000000000003,110.85634382398224,1763.1406451361204,20.030837305611414,0.71787066336349825,5,1,1,1
327,110.95634282420477,1764.010857667731,20.066439399291667,0.71786172810199367,5,1,1,1
327.10000000000002,111.05634187006346,1764.8810847061413,20.102088679875489,0.71785275524417358,5,1,1,1
327.20000000000005,111.15634095890019,1765.7513256335519,20.13778520440211,0.71784374471653656,5,1,1,1
327.30000000000001,111.25634008820613,1766.6215798689682,20.173529036627656,0.7178346964454706,5,1,1,1
327.40000000000003,111.3563392556137,1767.4918468649466,20.209320225574036,0.71782561035725612,5,1,1,1
327.5,111.45633845891471,1768.3621261060453,20.245158835420156,0.71781648637806494,5,1,1,1
327.60000000000002,111.55633769600513,1769.2324171072914,20.281044918027085,0.71780732443396744,5,1,1,1
327.70000000000005,111.65633696491415,1770.1027194129128,20.316978526337287,0.71779812445092817,5,1,1,1
327.80000000000001,111.75633626378149,1770.9730325945568,20.352959719648101,0.71778888635480742,5,1,1,1
327.90000000000003,111.85633559085095,1771.8433562484033,20.38898854451849,0.71777961007136371,5,1,1,1
328,111.95633494448704,1772.7136899944317,20.425065060588231,0.71777029552625304,5,1,1,1
328.10000000000002,112.05633432312891,1773.5840334751122,20.461189317152051,0.71776094264503432,5,1,1,1
328.20000000000005,112.15633372531531,1774.4543863544848,20.497361364323734,0.71775155135316515,5,1,1,1
328.30000000000001,112.2563331496669,1775.3247483170519,20.533581257891356,0.71774212157600414,5,1,1,1
328.40000000000003,112.35633259488067,1776.1951190651885,20.569849042752875,0.71773265323881275,5,1,1,1
328.5,112.45633205974583,1777.0654983190018,20.606164774988684,0.71772314626675326,5,1,1,1
328.60000000000002,112.55633154310422,1777.9358858151866,20.642528502174425,0.71771360058489453,5,1,1,1
328.70000000000005,112.65633104387246,1778.8062813063566,20.678940272130259,0.717704016118208,5,1,1,1
328.80000000000001,112.75633056102765,1779.6766845604586,20.715400138211841,0.71769439279156966,5,1,1,1
328.90000000000003,112.85633009360292,1780.5470953583695,20.751908143887402,0.71768473052976112,5,1,1,1
329,112.95632964070236,1781.4175134942186,20.788464342790842,0.71767502925746751,5,1,1,1
329.10000000000002,113.05632920146638,1782.2879387743524,20.825068781044763,0.71766528889928394,5,1,1,1
329.20000000000005,113.15632877509169,1783.1583710168611,20.861721504880698,0.71765550937971057,5,1,1,1
329.30000000000001,113.25632836081985,1784.0288100513771,20.898422565750192,0.71764569062315386,5,1,1,1
329.40000000000003,113.356327957933,1784.8992557168008,20.935172006156133,0.71763583255392893,5,1,1,1
329.5,113.45632756576882,1785.7697078619758,20.971969877801289,0.7176259350962565,5,1,1,1
329.60000000000002,113.55632718368905,1786.640166344733,21.008816225842434,0.71761599817426869,5,1,1,1
329.70000000000005,113.65632681109813,1787.5106310315537,21.045711095212141,0.71760602171200516,5,1,1,1
329.80000000000001,113.75632644743354,1788.3811017976668,21.082654536064677,0.71759600563341353,5,1,1,1
329.90000000000003,113.85632609216219,1789.2515785248534,21.119646590055787,0.71758594986235114,5,1,1,1
330,113.95632574479495,1790.1220611023921,21.156687307573034,0.71757585432258342,5,1,1,1
330.10000000000002,114.05632540485765,1790.9925494261618,21.193776732967127,0.71756571893778809,5,1,1,1
330.20000000000005,114.1563250719087,1791.8630433984044,21.230914910258043,0.71755554363155161,5,1,1,1
330.30000000000001,114.25632474553093,1792.7335429280479,21.268101888584038,0.71754532832736984,5,1,1,1
330.40000000000003,114.35632442532815,1793.6040479285562,21.305337709031907,0.71753507294864993,5,1,1,1
330.5,114.4563241109397,1794.4745583190877,21.342622420943425,0.71752477741870768,5,1,1,1
330.60000000000002,114.55632380201305,1795.3450740236369,21.379956068138739,0.71751444166077238,5,1,1,1
330.70000000000005,114.65632349822086,1796.2155949708642,21.417338693889825,0.71750406559798308,5,1,1,1
330.80000000000001,114.7563231992536,1797.0861210946011,21.454770346655927,0.71749364915338898,5,1,1,1
330.90000000000003,114.85632290481655,1797.9566523317176,21.492251066999813,0.71748319224995161,5,1,1,1
331,114.95632261464448,1798.8271886234486,21.529780903599036,0.71747269481054188,5,1,1,1
331.10000000000002,115.05632232847496,1799.6977299145562,21.567359899800522,0.71746215675794456,5,1,1,1
331.20000000000005,115.15632204606526,1800.5682761532184,21.604988098343959,0.71745157801485504,5,1,1,1
331.30000000000001,115.25632176718578,1801.4388272916708,21.642665547181082,0.7174409585038799,5,1,1,1
331.40000000000003,115.35632149161708,1802.3093832840661,21.68039228650024,0.71743029814753767,5,1,1,1
331.5,115.45632121916454,1803.1799440879488,21.718168364452332,0.71741959686825807,5,1,1,1
331.60000000000002,115.55632094963264,1804.0505096634195,21.75599382408129,0.71740885458838377,5,1,1,1
331.70000000000005,115.6563206828414,1804.9210799730702,21.793868707663261,0.71739807123016963,5,1,1,1
331.80000000000001,115.75632041862043,1805.7916549827371,21.83179306285566,0.71738724671578147,5,1,1,1
331.90000000000003,115.85632015680598,1806.6622346593331,21.869766929485305,0.7173763809672975,5,1,1,1
332,115.95631989725605,1807.5328189724453,21.907790355377742,0.71736547390670757,5,1,1,1
332.10000000000002,116.05631963982452,1808.4034078935063,21.945863383310861,0.71735452545591483,5,1,1,1
332.20000000000005,116.15631938437802,1809.2740013957507,21.983986055250544,0.71734353553673491,5,1,1,1
332.30000000000001,116.2563191307901,1810.1445994550552,22.022158418608274,0.71733250407089444,5,1,1,1
332.40000000000003,116.35631887893823,1811.0152020477597,22.060380512930749,0.71732143098003309,5,1,1,1
332.5,116.45631862871942,1811.8858091523439,22.098652385846094,0.71731031618570162,5,1,1,1
332.60000000000002,116.55631838002429,1812.7564207486002,22.136974079927683,0.71729915960936508,5,1,1,1
332.70000000000005,116.6563181327539,1813.6270368176224,22.175345636844547,0.71728796117240057,5,1,1,1
332.80000000000001,116.75631788681437,1814.4976573427134,22.213767103919466,0.71727672079609661,5,1,1,1
332.90000000000003,116.85631764211375,1815.3682823071574,22.2522385204316,0.71726543840165491,5,1,1,1
333,116.95631739857812,1816.2389116960035,22.290759933877286,0.71725411391018823,5,1,1,1
333.10000000000002,117.05631715612519,1817.1095454952169,22.32933138668249,0.71724274724272374,5,1,1,1
333.20000000000005,117.1563169146816,1817.9801836916895,22.36795292029781,0.71723133832020081,5,1,1,1
333.30000000000001,117.25631667417761,1818.8508262742093,22.406624581975919,0.7172198870634704,5,1,1,1
333.40000000000003,117.35631643454394,1819.721473231185,22.445346410791231,0.7172083933932959,5,1,1,1
333.5,117.45631619572818,1820.5921245525126,22.484118454150657,0.71719685723035254,5,1,1,1
333.60000000000002,117.55631595766818,1821.4627802287155,22.522940754386866,0.71718527849523017,5,1,1,1
333.70000000000005,117.65631572030956,1822.3334402509597,22.56181335275522,0.71717365710842995,5,1,1,1
333.80000000000001,117.75631548360049,1823.2041046120867,22.600736296492613,0.7171619929903652,5,1,1,1
333.90000000000003,117.85631524748838,1824.0747733042858,22.639709624476041,0.71715028606136177,5,1,1,1
334,117.95631501193691,1824.9454463210277,22.678733384102411,0.71713853624165713,5,1,1,1
334.10000000000002,118.05631477689884,1825.8161236561978,22.717807617598023,0.71712674345140304,5,1,1,1
334.20000000000005,118.1563145423338,1826.6868053041151,22.756932366073091,0.71711490761066288,5,1,1,1
334.30000000000001,118.25631430820323,1827.5574912606164,22.796107676775332,0.71710302863941178,5,1,1,1
334.40000000000003,118.35631407446694,1828.4281815206771,22.835333588417061,0.71709110645753815,5,1,1,1
334.5,118.45631384110061,1829.2988760804037,22.87461014839198,0.71707914098484071,5,1,1,1
334.60000000000002,118.55631360806794,1830.1695749361618,22.913937398867247,0.71706713214103301,5,1,1,1
334.70000000000005,118.65631337533904,1831.0402780845955,22.953315380813628,0.71705507984574068,5,1,1,1
334.80000000000001,118.75631314288515,1831.9109855237557,22.992744141522309,0.71704298401850031,5,1,1,1
334.90000000000003,118.85631291067527,1832.7816972506682,23.032223719541111,0.71703084457876098,5,1,1,1
335,118.95631267869395,1833.6524132633847,23.071754162307133,0.71701866144588366,5,1,1,1
335.10000000000002,119.0563124469131,1834.5231335600995,23.111335511926001,0.71700643453914281,5,1,1,1
335.20000000000005,119.15631221531054,1835.3938581391678,23.150967809251924,0.71699416377772518,5,1,1,1
335.30000000000001,119.25631198386472,1836.2645870002784,23.190651101631019,0.71698184908072815,5,1,1,1
335.40000000000003,119.35631175255152,1837.1353201419665,23.230385427471848,0.7169694903671624,5,1,1,1
335.5,119.45631152136207,1838.0060575637178,23.270170834250674,0.71695708755594867,5,1,1,1
335.60000000000002,119.55631129027435,1838.8767992650742,23.310007364047905,0.71694464056592266,5,1,1,1
335.70000000000005,119.65631105927189,1839.7475452456495,23.349895057591667,0.71693214931583105,5,1,1,1
335.80000000000001,119.75631082833856,1840.6182955063475,23.389833962311471,0.71691961372433199,5,1,1,1
335.90000000000003,119.85631059745513,1841.4890500468114,23.429824116470755,0.71690703370999553,5,1,1,1
336,119.95631036661787,1842.3598088675813,23.469865567615258,0.71689440919130332,5,1,1,1
336.10000000000002,119.98390282056546,1840.0272884366177,12.616811009472059,0.71689570697760119,5,1,1,1
336.20000000000005,119.98619077444441,1839.9188354304194,12.465423714017536,0.71690141679234909,5,1,1,1
336.30000000000001,119.98769342994298,1840.0197473826299,12.436790992596645,0.71690732993715811,5,1,1,1
336.40000000000003,119.98896857531764,1840.1270172099626,12.416043823382973,0.71691328694111223,5,1,1,1
336.5,119.99006924253017,1840.2285998530178,12.408799864973673,0.71691927478241324,5,1,1,1
336.60000000000002,119.99102482777685,1840.3242437818783,12.397445793761245,0.71692528808784095,5,1,1,1
336.70000000000005,119.99185700157437,1840.4142588697582,12.382844554583944,0.7169313230217188,5,1,1,1
336.80000000000001,119.99258511962508,1840.498981878098,12.370561648026497,0.71693737617080699,5,1,1,1
336.90000000000003,119.99322520080074,1840.5787277672625,12.360187109197527,0.71694344470984606,5,1,1,1
337,119.99379056812245,1840.6537932116175,12.351404008909824,0.71694952629216402,5,1,1,1
337.10000000000002,119.9942922845692,1840.7244551918773,12.343938360355196,0.71695561897000359,5,1,1,1
337.20000000000005,119.99473957248487,1840.7909748340724,12.337570294079613,0.71696172112104806,5,1,1,1
337.30000000000001,119.99514012653816,1840.8535966306576,12.332117544293999,0.71696783139313758,5,1,1,1
337.40000000000003,119.9955003801914,1840.9125506211958,12.327427831696726,0.71697394865645081,5,1,1,1
337.5,119.99582572955991,1840.9680528911697,12.323378318068407,0.71698007196462954,5,1,1,1
337.60000000000002,119.99612070666184,1841.0203064734333,12.319864672050194,0.71698620052349527,5,1,1,1
337.70000000000005,119.99638913361603,1841.0695023998787,12.316802676394722,0.71699233366420378,5,1,1,1
337.80000000000001,119.9966342401968,1841.1158201637654,12.314121319658835,0.71699847082223556,5,1,1,1
337.90000000000003,119.99685876670647,1841.1594286993163,12.311762243552803,0.7170046115192803,5,1,1,1
338,119.99706504577703,1841.2004868482009,12.309676954887939,0.71701075534881142,5,1,1,1
338.10000000000002,119.99725507046757,1841.2391440826227,12.307824880253435,0.71701690196398371,5,1,1,1
338.20000000000005,119.99743055112295,1841.2755410384734,12.30617253985827,0.71702305106767217,5,1,1,1
338.30000000000001,119.99759296107202,1841.3098100459536,12.304691686155746,0.71702920240434065,5,1,1,1
338.40000000000003,119.99774357562345,1841.3420756568535,12.303358901383985,0.71703535575320398,5,1,1,1
338.5,119.99788350335514,1841.3724550799782,12.302154423446016,0.71704151092268742,5,1,1,1
338.60000000000002,119.99801371259852,1841.4010586480156,12.30106168419552,0.71704766774576256,5,1,1,1
338.70000000000005,119.99813505340747,1841.4279901973039,12.300066712976429,0.71705382607607127,5,1,1,1
338.80000000000001,119.99824827439964,1841.453347480845,12.299157724548861,0.7170599857849852,5,1,1,1
338.90000000000003,119.99835403937216,1841.4772225965721,12.298324452907329,0.71706614675865821,5,1,1,1
339,119.99845293992641,1841.4997021313873,12.297558723073832,0.717072308895775,5,1,1,1
339.10000000000002,119.99854550362872,1841.5208675954932,12.29685301537609,0.71707847210618914,5,1,1,1
339.20000000000005,119.9986322049723,1841.5407958425774,12.296200934565995,0.71708463630892938,5,1,1,1
339.30000000000001,119.99871347147293,1841.5595591336582,12.295597412365787,0.7170908014312074,5,1,1,1
339.40000000000003,119.99878969007621,1841.5772255847387,12.295037278207049,0.71709696740721141,5,1,1,1
339.5,119.99886121347669,1841.593859263985,12.294516963002442,0.71710313417703409,5,1,1,1
339.60000000000002,119.99892836206563,1841.6095204614307,12.294032600976582,0.71710930168635945,5,1,1,1
339.70000000000005,119.99899142967836,1841.6242660483927,12.293581053432241,0.71711546988540165,5,1,1,1
339.80000000000001,119.99905068570837,1841.6381494867505,12.293159781622794,0.71712163872862222,5,1,1,1
339.90000000000003,119.99910637793528,1841.6512211840648,12.292765977924853,0.71712780817413635,5,1,1,1
340,119.99915873581703,1841.6635285521024,12.292397852382672,0.71713397818320601,5,1,1,1
340.10000000000002,119.99920797054813,1841.675116210633,12.292053205508273,0.7171401487202167,5,1,1,1
340.20000000000005,119.99925427842516,1841.6860262487655,12.291730307726485,0.7171463197520771,5,1,1,1
340.30000000000001,119.99929784142421,1841.6962982338919,12.291427712471567,0.71715249124816371,5,1,1,1
340.40000000000003,119.99933882873444,1841.705969474875,12.291143745208339,0.71715866317999533,5,1,1,1
340.5,119.99937739851043,1841.7150750627736,12.290877373309156,0.71716483552096844,5,1,1,1
340.60000000000002,119.99941369755645,1841.7236480248421,12.290627234271957,0.71717100824641111,5,1,1,1
340.70000000000005,119.99944786335912,1841.7317195128817,12.29039225381986,0.71717718133321418,5,1,1,1
340.80000000000001,119.99948002424317,1841.7393188143596,12.290171531238798,0.71718335475984196,5,1,1,1
340.90000000000003,119.99951030023237,1841.7464735441849,12.289963970661544,0.7171895285061376,5,1,1,1
341,119.99953880413499,1841.7532096762343,12.289768919901812,0.71719570255316623,5,1,1,1
341.10000000000002,119.9995656411497,1841.7595516570539,12.289585465901379,0.71720187688328152,5,1,1,1
341.20000000000005,119.99959091021708,1841.7655225442547,12.289412892217198,0.71720805147988198,5,1,1,1
341.30000000000001,119.99961470402174,1841.7711440159967,12.289250592241185,0.7172142263274367,5,1,1,1
341.40000000000003,119.99963710953749,1841.7764365120647,12.289097810803964,0.71722040141135879,5,1,1,1
341.5,119.99965820874409,1841.7814192575381,12.288954103287374,0.71722657671790457,5,1,1,1
341.60000000000002,119.9996780782831,1841.7861103470773,12.2888188322961,0.717232752234232,5,1,1,1
341.70000000000005,119.99969679039482,1841.7905268467559,12.288691493079513,0.71723892794823085,5,1,1,1
341.80000000000001,119.99971441288426,1841.7946848018473,12.288571661929163,0.71724510384854934,5,1,1,1
341.90000000000003,119.99973100948506,1841.7985993405932,12.288458797219144,0.71725127992450655,5,1,1,1
342,119.99974664036243,1841.802284692227,12.288352586653566,0.71725745616602266,5,1,1,1
342.10000000000002,119.99976136183544,1841.8057542490387,12.288252569741354,0.71726363256366688,5,1,1,1
342.20000000000005,119.99977522704977,1841.8090206419195,12.288158384533885,0.71726980910853499,5,1,1,1
342.30000000000001,119.99978828593767,1841.812095746048,12.288069724307791,0.71727598579227136,5,1,1,1
342.40000000000003,119.99980058547375,1841.8149907578031,12.287986196423031,0.71728216260700761,5,1,1,1
342.5,119.99981217003656,1841.8177162079896,12.287907573780988,0.71728833954531168,5,1,1,1
342.60000000000002,119.99982308119486,1841.8202820079355,12.28783352136578,0.71729451660022547,5,1,1,1
342.70000000000005,119.99983335819799,1841.8226975052444,12.287763773611307,0.71730069376517536,5,1,1,1
342.80000000000001,119.99984303794054,1841.8249714881943,12.287698107544427,0.71730687103398949,5,1,1,1
342.90000000000003,119.99985215514704,1841.8271122425078,12.287636233776235,0.71731304840085319,5,1,1,1
343,119.99986074263573,1841.8291275612955,12.28757798712043,0.71731922586027186,5,1,1,1
343.10000000000002,119.99986883115714,1841.8310247790441,12.287523120117521,0.7173254034070996,5,1,1,1
343.20000000000005,119.99987644975445,1841.8328108130311,12.287471438259352,0.71733158103647332,5,1,1,1
343.30000000000001,119.99988362573552,1841.8344921664573,12.287422776612626,0.71733775874382621,5,1,1,1
343.40000000000003,119.99989038480754,1841.8360749705876,12.287376922471079,0.71734393652485395,5,1,1,1
343.5,119.99989675127134,1841.8375649920033,12.287333753387918,0.71735011437548946,5,1,1,1
343.60000000000002,119.99990274790035,1841.8389676578734,12.287293087327843,0.71735629229192244,5,1,1,1
343.70000000000005,119.99990839620693,1841.8402880865201,12.287254779949048,0.71736247027055133,5,1,1,1
343.80000000000001,119.99991371642045,1841.8415310898208,12.287218710063462,0.71736864830799352,5,1,1,1
343.90000000000003,119.99991872758682,1841.8427012043317,12.287184719738923,0.71737482640106121,5,1,1,1
344,119.99992344771171,1841.843802696729,12.287152719071715,0.71738100454674114,5,1,1,1
344.10000000000002,119.99992789367056,1841.8448395824385,12.287122572814557,0.71738718274221003,5,1,1,1
344.20000000000005,119.99993208140532,1841.8458156483514,12.287094174656652,0.71739336098479978,5,1,1,1
344.30000000000001,119.99993602590841,1841.8467344545186,12.28706743444836,0.71739953927200395,5,1,1,1
344.40000000000003,119.99993974129578,1841.8475993572636,12.287042235682973,0.71740571760145999,5,1,1,1
344.5,119.9999432409131,1841.8484135131469,12.287018511386085,0.7174118959709348,5,1,1,1
344.60000000000002,119.99994653726888,1841.8491798928105,12.286996161785307,0.71741807437833649,5,1,1,1
344.70000000000005,119.99994964218016,1841.8499012977513,12.286975107746439,0.71742425282168709,5,1,1,1
344.80000000000001,119.99995256676044,1841.8505803616167,12.286955282860124,0.71743043129912931,5,1,1,1
344.90000000000003,119.99995532147385,1841.8512195672686,12.28693660045951,0.71743660980891211,5,1,1,1
345,119.99995791621376,1841.8518212497602,12.286919011239288,0.71744278834938002,5,1,1,1
345.10000000000002,119.99996036025311,1841.8523876065467,12.286902440969669,0.71744896691898263,5,1,1,1
345.20000000000005,119.99996266235242,1841.8529207099386,12.286886831291666,0.71745514551625389,5,1,1,1
345.30000000000001,119.99996483075081,1841.8534225080193,12.286872132711659,0.71746132413981689,5,1,1,1
345.40000000000003,119.99996687320602,1841.8538948373237,12.286858281248126,0.71746750278837379,5,1,1,1
345.5,119.99996879705283,1841.8543394249905,12.286845240129878,0.71747368146069745,5,1,1,1
345.60000000000002,119.99997060916598,1841.8547578963614,12.286832954541223,0.71747986015563858,5,1,1,1
345.70000000000005,119.99997231604058,1841.8551517841756,12.286821381030276,0.71748603887211038,5,1,1,1
345.80000000000001,119.99997392378503,1841.855522529258,12.286810483100366,0.7174922176090921,5,1,1,1
345.90000000000003,119.999975438151,1841.8558714898977,12.286800213127618,0.71749839636562174,5,1,1,1
346,119.99997686457648,1841.8561999434512,12.286790544041395,0.71750457514078958,5,1,1,1
346.10000000000002,119.81983128568518,1833.7854116868332,-14.937163700881745,0.71753939282459644,2,1,0,0
346.20000000000005,119.55455717420702,1850.2266130177504,-14.125818072370373,0.71754269355079814,2,1,0,0
346.30000000000001,119.31431803821211,1855.7192638195268,-14.919554325099121,0.71754958057976692,2,1,0,0
346.40000000000003,119.07109579019917,1852.8103551350314,-15.103415488654015,0.71755963081959606,2,1,0,0
346.5,118.82675986032119,1850.8462877834884,-15.22528160806859,0.71756947066820431,2,1,0,0
346.60000000000002,118.58149193469538,1848.9158531322407,-15.316441762934968,0.71757949096028062,2,1,0,0
346.70000000000005,118.33543302625473,1846.9496616812701,-15.422587046773852,0.71758968022854663,2,1,0,0
346.80000000000001,118.08872508407021,1844.9735770688867,-15.516703394953366,0.71760000722915662,2,1,0,0
346.90000000000003,117.84147994231095,1842.9870221622384,-15.557081806673406,0.71761045521496036,2,1,0,0
347,117.59379466125704,1840.990520085511,-15.592751380768501,0.71762100895649883,2,1,0,0
347.10000000000002,117.34574012403174,1838.9848493087497,-15.652283304669693,0.71763165717982258,2,1,0,0
347.20000000000005,117.09737990260749,1836.9706423365508,-15.70381195298498,0.71764238976276362,2,1,0,0
347.30000000000001,116.84876630977996,1834.9484391806279,-15.748713612684483,0.71765319831047991,2,1,0,0
347.40000000000003,116.5999424206054,1832.9187288266085,-15.78811501898913,0.71766407583308989,2,1,0,0
347.5,116.35094372174515,1830.8819391426396,-15.822939662457157,0.71767501649818022,2,1,0,0
347.60000000000002,116.10179946141616,1828.8384489815471,-15.853945423380148,0.71768601541998123,2,1,0,0
347.70000000000005,115.85253376239642,1826.7885987995946,-15.881754213135972,0.717697068486851,2,1,0,0
347.80000000000001,115.60316653559464,1824.7326949964695,-15.906875792385422,0.71770817222215044,2,1,0,0
347.90000000000003,115.35371422827822,1822.671015260272,-15.929728945227946,0.71771932366981039,2,1,0,0
348,115.1041904394515,1820.6038130676202,-15.950657226022424,0.71773052030064233,2,1,0,0
348.10000000000002,114.85460642494965,1818.5313211090743,-15.96994307783778,0.71774175993578826,2,1,0,0
348.20000000000005,114.60497151228346,1816.4537541790789,-15.987818305389791,0.71775304068406642,2,1,0,0
348.30000000000001,114.35529344122932,1814.3713116437493,-16.004473794415642,0.71776436089064632,2,1,0,0
348.40000000000003,114.10557864387908,1812.2841794464812,-16.020066279793891,0.71777571909503846,2,1,0,0
348.5,113.85583247440461,1810.1925317826706,-16.034725073243088,0.71778711399670037,2,1,0,0
348.60000000000002,113.60605939816379,1808.0965325203699,-16.048556469735907,0.717798544426834,2,1,0,0
348.70000000000005,113.3562631469148,1805.9963363625932,-16.061648346145855,0.71781000932530259,2,1,0,0
348.80000000000001,113.10644684654578,1803.8920898535434,-16.074073067191748,0.7178215077216874,2,1,0,0
348.90000000000003,112.85661312207687,1801.7839321978738,-16.085890613928854,0.71783303871976856,2,1,0,0
349,112.60676418401312,1799.6719959823245,-16.097150493661946,0.71784460148478935,2,1,0,0
349.10000000000002,112.35690189946995,1797.5564077630017,-16.107893888734161,0.71785619523300515,2,1,0,0
349.20000000000005,112.10702785069475,1795.4372885845057,-16.118154885856551,0.71786781922310805,2,1,0,0
349.30000000000001,111.85714338316217,1793.3147544301764,-16.127961968628988,0.71787947274917752,2,1,0,0
349.40000000000003,111.60724964534596,1791.1889165877055,-16.137338834491405,0.71789115513487911,2,1,0,0
349.5,111.3573476216954,1789.0598819735872,-16.146305361911981,0.71790286572869411,2,1,0,0
349.60000000000002,111.107438159363,1786.9277534391629,-16.154878156811836,0.71791460390002615,2,1,0,0
349.70000000000005,110.85752199053871,1784.7926300042191,-16.163071330726734,0.71792636903608753,2,1,0,0
349.80000000000001,110.60759975138072,1782.6546070994923,-16.170896668789251,0.71793816053883175,2,1,0,0
349.90000000000003,110.35767199634221,1780.5137767563674,-16.178364334528244,0.71794997782303083,2,1,0,0
350,110.10773921177697,1778.3702277700822,-16.185482833352346,0.71796182031469669,2,1,0,0
350.10000000000002,109.85780182598765,1776.22404587188,-16.192259578135612,0.7179736874492203,2,1,0,0
350.20000000000005,109.60786021773174,1774.0753138897119,-16.198700920866415,0.7179855786703242,2,1,0,0
350.30000000000001,109.35791472412157,1771.9241118530065,-16.204812344008374,0.71799749342873387,2,1,0,0
350.40000000000003,109.10796564574095,1769.7705171363798,-16.210598686466408,0.7180094311815296,2,1,0,0
350.5,108.85801325270268,1767.6146045492089,-16.216064140047308,0.71802139139158661,2,1,0,0
350.60000000000002,108.60805778809394,1765.4564464528421,-16.221212406470244,0.71803337352673635,2,1,0,0
350.70000000000005,108.35809947177539,1763.296112865379,-16.226046888953835,0.71804537705938298,2,1,0,0
350.80000000000001,108.10813850358134,1761.1336715341595,-16.230570456865255,0.71805740146589325,2,1,0,0
350.90000000000003,107.85817506533168,1758.9691880354812,-16.234785899362841,0.71806944622639024,2,1,0,0
351,107.60820932358364,1756.8027258439777,-16.238695572180767,0.71808151082453398,2,1,0,0
351.10000000000002,107.35824143093492,1754.6343464063107,-16.242301735316129,0.7180935947471333,2,1,0,0
351.20000000000005,107.1082715276978,1752.4641092326829,-16.245606468580529,0.71810569748399067,2,1,0,0
351.30000000000001,106.8582997434322,1750.2920719400593,-16.248611626904442,0.71811781852760137,2,1,0,0
351.40000000000003,106.60832619765905,1748.1182903376844,-16.251319036610518,0.71812995737309127,2,1,0,0
351.5,106.35835100139823,1745.9428184730205,-16.253730319686355,0.71814211351811796,2,1,0,0
351.60000000000002,106.10837425749067,1743.7657086962708,-16.255847031561572,0.7181542864626862,2,1,0,0
351.70000000000005,105.8583960615602,1741.5870117269399,-16.25767070951062,0.71816647570907011,2,1,0,0
351.80000000000001,105.6084165027514,1739.4067766938417,-16.259202682541996,0.71817868076165126,2,1,0,0
351.90000000000003,105.35843566401877,1737.2250511985399,-16.260444371302878,0.71819090112690565,2,1,0,0
352,105.10845362305305,1735.0418813579204,-16.261396995462274,0.71820313631334687,2,1,0,0
352.10000000000002,104.85847045229799,1732.8573118517061,-16.262061807662139,0.71821538583143663,2,1,0,0
352.20000000000005,104.60848621953384,1730.6713859806089,-16.262440022279396,0.71822764919353566,2,1,0,0
352.30000000000001,104.35850098829731,1728.4841456992292,-16.26253274087604,0.71823992591381092,2,1,0,0
352.40000000000003,104.10851481798376,1726.2956316656275,-16.262341127957491,0.71825221550823559,2,1,0,0
352.5,103.8585277645339,1724.1058832773233,-16.261866219582458,0.71826451749454667,2,1,0,0
352.60000000000002,103.60853988023501,1721.9149387145578,-16.261109063363897,0.71827683139220999,2,1,0,0
352.70000000000005,103.35855121419553,1719.7228349828251,-16.260070729244894,0.71828915672237548,2,1,0,0
352.80000000000001,103.10856181258762,1717.5296079478301,-16.25875214721184,0.71830149300782509,2,1,0,0
352.90000000000003,102.85857171866604,1715.3352923680409,-16.257154363968869,0.71831383977297791,2,1,0,0
353,102.60858097331887,1713.1399219321552,-16.255278274634072,0.71832619654384633,2,1,0,0
353.10000000000002,102.35858961479155,1710.943529291761,-16.253124827944383,0.71833856284803688,2,1,0,0
353.20000000000005,102.10859767907625,1708.7461460977884,-16.250694975333019,0.71835093821470497,2,1,0,0
353.30000000000001,101.85860520006477,1706.5478030336315,-16.247989563649757,0.71836332217452947,2,1,0,0
353.40000000000003,101.60861220952755,1704.3485298353089,-16.245009540791155,0.71837571425971536,2,1,0,0
353.5,101.35861873761405,1702.1483553273563,-16.241755728673841,0.71838811400394664,2,1,0,0
353.60000000000002,101.10862481247453,1699.9473074523723,-16.238228989430638,0.71840052094241513,2,1,0,0
353.70000000000005,100.85863046064394,1697.7454132966777,-16.234430218846398,0.71841293461176836,2,1,0,0
353.80000000000001,100.60863570713541,1695.5426991261234,-16.230360183326628,0.71842535455010459,2,1,0,0
353.90000000000003,100.35864057538379,1693.3391903929084,-16.226019783520673,0.7184377802969748,2,1,0,0
354,100.10864508771668,1691.1349117736222,-16.221409773842023,0.71845021139332654,2,1,0,0
354.10000000000002,99.858649264926541,1688.9298871920296,-16.216530971682737,0.71846264738155652,2,1,0,0
354.20000000000005,99.608653126634309,1686.7241398394465,-16.211384218073942,0.71847508780545033,2,1,0,0
354.30000000000001,99.35865669134526,1684.5176922111302,-16.205970237704243,0.71848753221019679,2,1,0,0
354.40000000000003,99.108659976374696,1682.3105661021491,-16.200289885436614,0.71849998014238337,2,1,0,0
354.5,98.858662998318849,1680.1027826458303,-16.194343877947308,0.71851243114993457,2,1,0,0
354.60000000000002,98.608665772549486,1677.894362334398,-16.188132988782044,0.71852488478218235,2,1,0,0
354.70000000000005,98.358668313593611,1675.6853250312058,-16.181658034266494,0.71853734058980068,2,1,0,0
354.80000000000001,98.108670635164856,1673.4756900102059,-16.17491969448983,0.71854979812483177,2,1,0,0
354.90000000000003,97.85867275006207,1671.2654759407335,-16.167918803409069,0.71856225694067977,2,1,0,0
355,97.608674670648,1669.0547009282936,-16.160656040856971,0.71857471659203886,2,1,0,0
355.10000000000002,97.358676408294087,1666.843382531076,-16.153132156911042,0.71858717663498284,2,1,0,0
355.20000000000005,97.108677973761957,1664.6315377672408,-16.145347941740834,0.71859963662689086,2,1,0,0
355.30000000000001,96.858679377218323,1662.4191831565452,-16.137304050821371,0.71861209612648824,2,1,0,0
355.40000000000003,96.608680628116858,1660.2063346951916,-16.129001296664629,0.71862455469383402,2,1,0,0
355.5,96.358681735699648,1657.9930078980517,-16.120440337433941,0.71863701189024132,2,1,0,0
355.60000000000002,96.10868270837112,1655.7792178140182,-16.111621899125804,0.71864946727838286,2,1,0,0
355.70000000000005,95.858683554101333,1653.564979026602,-16.102546762091883,0.71866192042220989,2,1,0,0
355.80000000000001,95.608684280434119,1651.3503056991606,-16.093215554485148,0.71867437088700359,2,1,0,0
355.90000000000003,95.358684894341749,1649.1352115399714,-16.083629080640286,0.7186868182393602,2,1,0,0
356,95.108685402755199,1646.9197098468885,-16.073787977262445,0.71869926204709855,2,1,0,0
356.10000000000002,94.85868581188231,1644.7038135205887,-16.063692956884335,0.71871170187938538,2,1,0,0
356.20000000000005,94.608686127622676,1642.4875350602904,-16.053344788945868,0.71872413730664364,2,1,0,0
356.30000000000001,94.358686355573624,1640.2708866122814,-16.04274408512844,0.71873656790061635,2,1,0,0
356.40000000000003,94.108686500863598,1638.0538799257497,-16.031891640953305,0.7187489932343476,2,1,0,0
356.5,93.858686568720955,1635.8365263993726,-16.020788079912503,0.7187614128820784,2,1,0,0
356.60000000000002,93.608686563721207,1633.6188370944678,-16.009434100174698,0.71877382641938881,2,1,0,0
356.70000000000005,93.358686490224585,1631.4008227247309,-15.99783046969052,0.718786233423099,2,1,0,0
356.80000000000001,93.10868635238829,1629.1824937089364,-15.985977781643381,0.71879863347134176,2,1,0,0
356.90000000000003,92.858686153969487,1626.9638601177619,-15.973876829995907,0.71881102614354209,2,1,0,0
357,92.60868589893748,1624.744931722767,-15.961528225171643,0.7188234110202979,2,1,0,0
357.10000000000002,92.358685590658723,1622.5257180091421,-15.948932656543436,0.71883578768354217,2,1,0,0
357.20000000000005,92.108685232348947,1620.3062281604489,-15.936090889922646,0.71884815571643346,2,1,0,0
357.30000000000001,91.858684827096113,1618.0864711154775,-15.9230035060746,0.71886051470344015,2,1,0,0
357.40000000000003,91.608684377635612,1615.8664555063197,-15.909671296737585,0.71887286423031493,2,1,0,0
357.5,91.358683887013143,1613.6461897093518,-15.896094864024295,0.71888520388396349,2,1,0,0
357.60000000000002,91.108683357696449,1611.4256818590959,-15.882274887481874,0.71889753325262296,2,1,0,0
357.70000000000005,90.858682792047219,1609.2049398272191,-15.868212136459977,0.7189098519257453,2,1,0,0
357.80000000000001,90.608682192363005,1606.9839712840565,-15.853907177883146,0.71892215949409066,2,1,0,0
357.90000000000003,90.358681560616887,1604.7627836282143,-15.839360805173909,0.71893445554969848,2,1,0,0
358,90.108680899174999,1602.5413840396379,-15.824573612356195,0.71894673968574185,2,1,0,0
358.10000000000002,89.858680209840102,1600.3197794946989,-15.80954627197708,0.71895901149672403,2,1,0,0
358.20000000000005,89.608679494336059,1598.0979767399549,-15.79427955655718,0.71897127057835331,2,1,0,0
358.30000000000001,89.358678754373827,1595.8759823583939,-15.778774022768529,0.71898351652764647,2,1,0,0
358.40000000000003,89.108677991356018,1593.6538026907508,-15.763030464939112,0.71899574894289653,2,1,0,0
358.5,88.858677207154457,1591.4314438902479,-15.747049472004052,0.71900796742351103,2,1,0,0
358.60000000000002,88.608676403078874,1589.2089119401444,-15.730831708392575,0.71902017157022746,2,1,0,0
358.70000000000005,88.358675580373401,1586.9862126217708,-15.714377953336134,0.71903236098498013,2,1,0,0
358.80000000000001,88.108674740316033,1584.7633515856992,-15.697688752415566,0.71904453527101353,2,1,0,0
358.90000000000003,87.85867388388175,1582.5403342651437,-15.680764902724036,0.71905669403284611,2,1,0,0
359,87.608673012582187,1580.317165932147,-15.663606988546466,0.71906883687609191,2,1,0,0
359.10000000000002,87.358672127364144,1578.0938517179709,-15.646215667475541,0.71908096340769601,2,1,0,0
359.20000000000005,87.10867122910993,1575.8703965756999,-15.628591725177603,0.71909307323579319,2,1,0,0
359.30000000000001,86.858670318776092,1573.6468053562862,-15.610735698578893,0.71910516596982998,2,1,0,0
359.40000000000003,86.608669397015632,1571.4230827143051,-15.592648386493531,0.71911724122052645,2,1,0,0
359.5,86.35866846508236,1569.1992331650335,-15.574330370704967,0.71912929859967967,2,1,0,0
359.60000000000002,86.108667523656294,1566.9752611087727,-15.555782300885319,0.71914133772041777,2,1,0,0
359.70000000000005,85.8586665733432,1564.7511707877823,-15.537004971282752,0.71915335819705339,2,1,0,0
359.80000000000001,85.608665614862673,1562.5269663670781,-15.517998909945341,0.71916535964521355,2,1,0,0
359.90000000000003,85.358664648624526,1560.3026518330632,-15.498764917945714,0.71917734168179825,2,1,0,0
360,85.108663675698224,1558.0782310510244,-15.479303575200653,0.71918930392476588,2,1,0,0
360.10000000000002,84.858662696570477,1555.8537077938763,-15.459615523974074,0.71920124599340707,2,1,0,0
360.20000000000005,84.60866171163434,1553.6290856937535,-15.439701566659103,0.71921316750819131,2,1,0,0
360.30000000000001,84.358660721432713,1551.4043683272387,-15.4195622245162,0.71922506809090636,2,1,0,0
360.40000000000003,84.108659726190965,1549.179559107361,-15.399198299489402,0.71923694736461219,2,1,0,0
360.5,83.858658726850237,1546.9546613407704,-15.378610371373714,0.7192488049534097,2,1,0,0
360.60000000000002,83.608657723759023,1544.7296782618337,-15.357799074105513,0.71926064048273164,2,1,0,0
360.70000000000005,83.358656717143205,1542.5046129790042,-15.336765219245184,0.7192724535791859,2,1,0,0
360.80000000000001,83.108655707414343,1540.279468563929,-15.315509321823992,0.719284243870702,2,1,0,0
360.90000000000003,82.858654694657858,1538.054247937597,-15.294032184181562,0.71929601098648155,2,1,0,0
361,82.608653679725847,1535.8289539264822,-15.272334386788497,0.71930775455675,2,1,0,0
361.10000000000002,82.358652662871464,1533.6035893024359,-15.250416555528346,0.71931947421306353,2,1,0,0
361.20000000000005,82.108651644187759,1531.3781567244353,-15.228279510264054,0.71933116958815069,2,1,0,0
361.30000000000001,81.858650623986335,1529.1526588308352,-15.20592376203075,0.71934284031606499,2,1,0,0
361.40000000000003,81.608649602246075,1526.9270981204434,-15.183350111831995,0.71935448603213215,2,1,0,0
361.5,81.358648579759873,1524.7014770067522,-15.160559142306642,0.71936610637268528,2,1,0,0
361.60000000000002,81.108647556718424,1522.4757978642785,-15.137551470705153,0.71937770097538578,2,1,0,0
361.70000000000005,80.858646533106395,1520.2500629662991,-15.114327925166352,0.71938926947906634,2,1,0,0
361.80000000000001,80.608645509158222,1518.0242745792436,-15.09088901410701,0.71940081152388713,2,1,0,0
361.90000000000003,80.358644484772256,1515.7984348397281,-15.067235536037426,0.71941232675128031,2,1,0,0
362,80.10864346070214,1513.5725458060319,-15.043368076548365,0.71942381480367124,2,1,0,0
362.10000000000002,79.76902966901433,1509.7115695463481,-23.874114785501174,0.71944215219014174,2,1,0,0
362.20000000000005,79.402040665821616,1506.4124148162277,-23.660327974023982,0.71946172674789777,2,1,0,0
362.30000000000001,79.034136737685586,1503.1573662050546,-23.58419505759268,0.71948122409461757,2,1,0,0
362.40000000000003,78.665957888639781,1499.8891197438561,-23.540910073259617,0.71950062466567788,2,1,0,0
362.5,78.297521412718623,1496.6179855777364,-23.476744337998671,0.71951992168187417,2,1,0,0
362.60000000000002,77.928868396293353,1493.3450504785571,-23.45894133312321,0.71953911156407757,2,1,0,0
362.70000000000005,77.560031240339072,1490.0702548676691,-23.394426500715124,0.71955819171134638,2,1,0,0
362.80000000000001,77.19103955043542,1486.7938626929113,-23.327027301800488,0.71957715953947754,2,1,0,0
362.90000000000003,76.821917982981617,1483.5160940791927,-23.257071057417768,0.71959601280674235,2,1,0,0
363,76.452686595273491,1480.2371126095647,-23.185040658404667,0.71961474957178984,2,1,0,0
363.10000000000002,76.07586861376106,1476.82128727588,-23.787544232399117,0.71963378612901863,2,1,0,0
363.20000000000005,75.696733582471026,1473.4516318211536,-23.661247413600805,0.71965277194209687,2,1,0,0
363.30000000000001,75.317434539326854,1470.0843752122792,-23.569067683591832,0.71967163034878245,2,1,0,0
363.40000000000003,74.938058047790435,1466.7150459787022,-23.521006076941706,0.71969035793484171,2,1,0,0
363.5,74.558612834298373,1463.3448643144879,-23.477997897326706,0.71970895291341708,2,1,0,0
363.60000000000002,74.179105482963777,1459.9739265228234,-23.393539646740116,0.71972741420649899,2,1,0,0
363.70000000000005,73.799546048128946,1456.6023127628093,-23.30781485480205,0.71974574056418472,2,1,0,0
363.80000000000001,73.419941625012001,1453.2300537325589,-23.220937963060898,0.71976393089991264,2,1,0,0
363.90000000000003,73.040297806036037,1449.857248657873,-23.13331099727003,0.7197819841813754,2,1,0,0
364,72.660620416257444,1446.4839353713498,-23.044651842243564,0.71979989941314937,2,1,0,0
364.10000000000002,72.288443095827063,1443.2430641366352,-22.195961576485548,0.71981730937186572,2,1,0,0
364.20000000000005,71.918428583727703,1439.9571839627288,-22.128055447280083,0.71983452329889719,2,1,0,0
364.30000000000001,71.548497145473291,1436.6679814152149,-22.084699908229066,0.71985160280404403,2,1,0,0
364.40000000000003,71.178566011287742,1433.3797994313156,-21.990467336606805,0.71986854928887978,2,1,0,0
364.5,70.80863695217657,1430.0914419783112,-21.949722647461105,0.71988536252903867,2,1,0,0
364.60000000000002,70.438711936827403,1426.8029749962047,-21.861524558721953,0.71990204183467565,2,1,0,0
364.70000000000005,70.068788111499629,1423.514362500983,-21.772996838808265,0.71991858671061149,2,1,0,0
364.80000000000001,69.698864058219883,1420.2256588692881,-21.684437628605064,0.71993499655492021,2,1,0,0
364.90000000000003,69.328940083404035,1416.9368312063098,-21.595182674822933,0.71995127075932697,2,1,0,0
365,68.959014209622964,1413.6478870661833,-21.505847363318331,0.7199674087698924,2,1,0,0
365.10000000000002,68.581520165976215,1410.22871948632,-22.00476500302474,0.71998372649645659,2,1,0,0
365.20000000000005,68.20188473985877,1406.8515959852944,-21.857312653170233,0.71999995202691613,2,1,0,0
365.30000000000001,67.822131144691284,1403.4770109848928,-21.762651987829411,0.72001603265671488,2,1,0,0
365.40000000000003,67.442354566996414,1400.1009723771567,-21.71672734513384,0.72003196587579288,2,1,0,0
365.5,67.062555100581477,1396.7246897682571,-21.65965234905212,0.720047750498368,2,1,0,0
365.60000000000002,66.682732130467514,1393.3481344442357,-21.563336920582707,0.720063385935656,2,1,0,0
365.70000000000005,66.302890309910026,1389.971369544854,-21.466417945255017,0.7200788713762577,2,1,0,0
365.80000000000001,65.923032726798638,1386.5943620210853,-21.368591178166952,0.72009420609343422,2,1,0,0
365.90000000000003,65.543160241158603,1383.2171764604388,-21.270546179412605,0.72010938940337843,2,1,0,0
366,65.163276084447361,1379.8398223113359,-21.171706616744178,0.7201244205848133,2,1,0,0
366.10000000000002,64.790986755435227,1376.5895282330832,-20.346159923567466,0.72013903340012941,2,1,0,0
366.20000000000005,64.420772675473756,1373.2995295196126,-20.290737679162948,0.72015345945308629,2,1,0,0
366.30000000000001,64.050678613324664,1370.00706740641,-20.224569761624821,0.72016773850462046,2,1,0,0
366.40000000000003,63.680597325562474,1366.7157920813081,-20.140515266633983,0.72018187188758331,2,1,0,0
366.5,63.310529966618454,1363.4246076426928,-20.099373082549207,0.72019585942614495,2,1,0,0
366.60000000000002,62.940478222077836,1360.1335160559142,-20.002439265380104,0.72020970058411049,2,1,0,0
366.70000000000005,62.570437290583044,1356.8424784087681,-19.905475153354573,0.72022339496222798,2,1,0,0
366.80000000000001,62.200405438511929,1353.5515315738576,-19.808423854624046,0.72023694206460276,2,1,0,0
366.90000000000003,61.830381528757272,1350.2606240769196,-19.710886363884782,0.72025034140807498,2,1,0,0
367,61.460363075331834,1346.9697611217234,-19.613318096430444,0.72026359252059724,2,1,0,0
367.10000000000002,61.082706333074213,1343.5545619899769,-20.025173211703379,0.72027691052566367,2,1,0,0
367.20000000000005,60.703020265253969,1340.1764402586639,-19.892553902744382,0.72029010313913522,2,1,0,0
367.30000000000001,60.323197819723703,1336.8004261433939,-19.766445054945482,0.72030313805574819,2,1,0,0
367.40000000000003,59.943358134955801,1333.4230804208578,-19.681503167003569,0.7203160134037131,2,1,0,0
367.5,59.563499582717014,1330.0455856566255,-19.657436750427635,0.72032872818464055,2,1,0,0
367.60000000000002,59.183620226595004,1326.6679322190084,-19.471913625162838,0.72034128193000813,2,1,0,0
367.70000000000005,58.803726114257096,1323.2901315823365,-19.448126709701679,0.72035367391112404,2,1,0,0
367.80000000000001,58.423818130520559,1319.9121906835935,-19.342645493331258,0.72036590357210695,2,1,0,0
367.90000000000003,58.043898920918956,1316.5341499056578,-19.236646217009014,0.7203779703058194,2,1,0,0
368,57.663970162424349,1313.156007349301,-19.130127152768285,0.72038987353954465,2,1,0,0
368.10000000000002,57.291716496771386,1309.8991810432924,-18.365782921315418,0.72040144793450211,2,1,0,0
368.20000000000005,56.921434771452297,1306.6079134265094,-18.295524500319754,0.72041284459054633,2,1,0,0
368.30000000000001,56.551295962374851,1303.3148244251147,-18.223217103564004,0.72042408450913131,2,1,0,0
368.40000000000003,56.181173212685529,1300.0229455996212,-18.133526399439734,0.72043516826410459,2,1,0,0
368.5,55.811066534799266,1296.7312072189986,-18.089720701904852,0.72044609572545881,2,1,0,0
368.60000000000002,55.440978898003642,1293.4396403702733,-17.985671078667352,0.72045686642784812,2,1,0,0
368.70000000000005,55.070904518257414,1290.148178982646,-17.881646290744143,0.7204674800114258,2,1,0,0
368.80000000000001,54.700841514642896,1286.8568657808344,-17.777616474581208,0.72047793604545163,2,1,0,0
368.90000000000003,54.330788831451805,1283.5656443038254,-17.67308768870252,0.72048823410663643,2,1,0,0
369,53.960743361920159,1280.2745129289585,-17.568620110517184,0.72049837378485593,2,1,0,0
369.10000000000002,53.582982700369953,1276.8649528792419,-17.886022391881504,0.72050846913869837,2,1,0,0
369.20000000000005,53.203303611275189,1273.4872563706142,-17.759485646241021,0.7205184103784249,2,1,0,0
369.30000000000001,52.823465670633027,1270.1111549223992,-17.628094762351548,0.7205281824114157,2,1,0,0
369.40000000000003,52.44361155557791,1266.7337834871119,-17.52145876417563,0.72053778450940087,2,1,0,0
369.5,52.063739732833646,1263.3562990927985,-17.448900416474537,0.72054721586461012,2,1,0,0
369.60000000000002,51.683847395187875,1259.9786860535432,-17.398221536441397,0.72055647598433437,2,1,0,0
369.70000000000005,51.303940647186472,1256.6009384878851,-17.28621358848925,0.72056556436606045,2,1,0,0
369.80000000000001,50.924020043219365,1253.2230717007631,-17.173988922226886,0.72057448052343587,2,1,0,0
369.90000000000003,50.544088847558363,1249.8451266729007,-17.061248555924827,0.7205832239576776,2,1,0,0
370,50.164148485705653,1246.4670971792743,-16.948061888102018,0.72059179419568209,2,1,0,0
370.10000000000002,49.691404766750921,1241.6953977898193,-22.161478886505773,0.72059966826996302,2,1,0,0
370.20000000000005,49.195523540188383,1237.2741071099927,-21.920156011307395,0.72060715209555981,2,1,0,0
370.30000000000001,48.697954195843657,1232.8730691818942,-21.722775712328119,0.72061426603847167,2,1,0,0
370.40000000000003,48.200072335856184,1228.4594436760472,-21.519312985966977,0.72062105145313793,2,1,0,0
370.5,47.701893258636879,1224.0428079783844,-21.333552396562865,0.72062750545270637,2,1,0,0
370.60000000000002,47.203453155650834,1219.6239424308255,-21.196597882372625,0.72063362752386895,2,1,0,0
370.70000000000005,46.704795786486727,1215.2029181432283,-21.113880386064761,0.7206394173745414,2,1,0,0
370.80000000000001,46.205955293256068,1210.7800682748343,-20.914582507952055,0.72064487472736571,2,1,0,0
370.90000000000003,45.706960601189174,1206.355627705434,-20.713158220668252,0.72064999922093265,2,1,0,0
371,45.207835891239831,1201.9298173370505,-20.510000397985969,0.72065479049561432,2,1,0,0
371.10000000000002,44.708601899198449,1197.5028096732708,-20.305178400836713,0.7206592481723112,2,1,0,0
371.20000000000005,44.209274899793236,1193.0747545840263,-20.099038948084591,0.72066337183798201,2,1,0,0
371.30000000000001,43.709869191465991,1188.6457838237875,-19.891657412025978,0.72066716108305573,2,1,0,0
371.40000000000003,43.210396272445649,1184.2160013943617,-19.683191128176862,0.72067061547162337,2,1,0,0
371.5,42.710865804515457,1179.785503180535,-19.47376976722402,0.72067373456338601,2,1,0,0
371.60000000000002,42.211286001918175,1175.3543678056053,-19.263449743957324,0.72067651791068543,2,1,0,0
371.70000000000005,41.711663536735202,1170.9226626316972,-19.052339310299313,0.72067896505933582,2,1,0,0
371.80000000000001,41.212004176163823,1166.4904495584879,-18.840482729022121,0.72068107554876126,2,1,0,0
371.90000000000003,40.712312678208143,1162.0577784930033,-18.62793970307392,0.72068284891256296,2,1,0,0
372,40.212593091817268,1157.6246939416687,-18.414757769205696,0.7206842846928041,2,1,0,0
372.10000000000002,39.712848858325074,1153.191235745732,-18.200966970178985,0.72068538242799951,2,1,0,0
372.20000000000005,39.213082851620442,1148.757437521532,-17.986608300926793,0.72068614165936562,2,1,0,0
372.30000000000001,38.713297566937271,1144.3233316196724,-17.771703009162657,0.72068656192834502,2,1,0,0
372.40000000000003,38.213495104256076,1139.8889441790452,-17.556277890985324,0.72068664277866534,2,1,0,0
372.5,37.71367729102208,1135.4542989067095,-17.340353595638124,0.72068638376374961,2,1,0,0
372.60000000000002,37.213845696346567,1131.0194178733975,-17.123945550149497,0.72068578443925957,2,1,0,0
372.70000000000005,36.714001660966176,1126.5843199371482,-16.907073761890221,0.72068484436699254,2,1,0,0
372.80000000000001,36.21414637274188,1122.1490238040985,-16.689749107949741,0.7206835631139431,2,1,0,0
372.90000000000003,35.7142808496992,1117.7135448598033,-16.471986457082533,0.72068194025286958,2,1,0,0
373,35.214406005173075,1113.2778969718486,-16.253796964713157,0.72067997536590511,2,1,0,0
373.10000000000002,34.714522636359867,1108.8420936298342,-16.03519004536075,0.72067766804076761,2,1,0,0
373.20000000000005,34.214631438179829,1104.4061464726469,-15.816177862235008,0.72067501787261945,2,1,0,0
373.30000000000001,33.714733042373062,1099.9700674118051,-15.596767722405653,0.72067202446429335,2,1,0,0
373.40000000000003,33.214828001056148,1095.5338663481105,-15.376969406406856,0.7206686874259487,2,1,0,0
373.5,32.714916827715392,1091.0975517454224,-15.156790889322727,0.72066500637675202,2,1,0,0
373.60000000000002,32.214999975378177,1086.661132799501,-14.936238789535716,0.7206609809429958,2,1,0,0
373.70000000000005,31.715077841089716,1082.2246174319657,-14.715322678769379,0.7206566107588982,2,1,0,0
373.80000000000001,31.215150806971593,1077.7880130242172,-14.494048225611586,0.72065189546777031,2,1,0,0
373.90000000000003,30.715219209525618,1073.3513263254586,-14.272422611612502,0.7206468347205045,2,1,0,0
374,30.215283355903573,1068.9145635713551,-14.05045329152548,0.72064142817643995,2,1,0,0
374.10000000000002,29.71534353478097,1064.477730780894,-13.828145979031646,0.7206356755034965,2,1,0,0
374.20000000000005,29.21540000399628,1060.0408332082948,-13.60550774840636,0.72062957637767522,2,1,0,0
374.30000000000001,28.715453005408477,1055.603876208655,-13.382544719965614,0.72062313048361748,2,1,0,0
374.40000000000003,28.215502761538563,1051.1668643492533,-13.159263036157878,0.72061633751424492,2,1,0,0
374.5,27.71554947889782,1046.7298019723023,-12.935669069365899,0.72060919717111804,2,1,0,0
374.60000000000002,27.215593349673394,1042.2926932737973,-12.711768504094024,0.72060170916419797,2,1,0,0
374.70000000000005,26.715634550774485,1037.8555418695762,-12.487567720038689,0.72059387321186219,2,1,0,0
374.80000000000001,26.215673247417666,1033.4183516827193,-12.2630722837766,0.72058568904103104,2,1,0,0
374.90000000000003,25.715709592526082,1028.9811258602554,-12.038288374629865,0.72057715638702202,2,1,0,0
375,25.215743733672781,1024.543867304237,-11.813221572379966,0.72056827499393961,2,1,0,0
375.10000000000002,24.715775804907256,1020.1065790401206,-11.58787757933427,0.72055904461408671,2,1,0,0
375.20000000000005,24.21580593127451,1015.6692634584219,-11.362262427940404,0.72054946500821015,2,1,0,0
375.30000000000001,23.715834229996798,1011.2319235902527,-11.136381459200305,0.72053953594572639,2,1,0,0
375.40000000000003,23.215860807904377,1006.7945616359651,-10.910240695125138,0.72052925720439809,2,1,0,0
375.5,22.715885775307836,1002.3571793176202,-10.683845559933427,0.7205186285709031,2,1,0,0
375.60000000000002,22.215909229987364,997.9197787666086,-10.457201343881156,0.72050764983993376,2,1,0,0
375.70000000000005,21.715931259603259,993.48236159287819,-10.230314258244602,0.72049632081436643,2,1,0,0
375.80000000000001,21.215951949293721,989.04493014267155,-10.003189321860683,0.72048464130609191,2,1,0,0
375.90000000000003,20.715971376159125,984.60748581439577,-9.7758325088975155,0.72047261113528094,2,1,0,0
376,20.215989621950339,980.17002974281604,-9.5482490507605906,0.72046023013087623,2,1,0,0
376.10000000000002,19.71600675759889,975.7325634653306,-9.3204442847365812,0.72044749812986331,2,1,0,0
376.20000000000005,19.216022845849722,971.29508806672629,-9.092424166211698,0.72043441497752891,2,1,0,0
376.30000000000001,18.716037952821189,966.85760491732219,-8.8641937597456728,0.72042098052808878,2,1,0,0
376.40000000000003,18.216052135340941,962.42011490548464,-8.6357586849790167,0.72040719464378844,2,1,0,0
376.5,17.716065450354694,957.98261897367865,-8.4071244314840232,0.72039305719556324,2,1,0,0
376.60000000000002,17.216077950681129,953.5451180332899,-8.1782962009084148,0.72037856806263056,2,1,0,0
376.70000000000005,16.71608968469971,949.107612687239,-7.9492797184154327,0.72036372713256513,2,1,0,0
376.80000000000001,16.216100698625628,944.67010401127845,-7.7200800789991479,0.72034853430147305,2,1,0,0
376.90000000000003,15.716111033662516,940.23259252117145,-7.4907029972250889,0.7203329894737055,2,1,0,0
377,15.216120735607747,935.7950785570963,-7.261153620066346,0.72031709256242804,2,1,0,0
377.10000000000002,14.716129842382546,931.35756277494443,-7.0314373247728277,0.72030084348877255,2,1,0,0
377.20000000000005,14.216138389774125,926.92004528331802,-6.8015596788609241,0.72028424218222142,2,1,0,0
377.30000000000001,13.716146410986047,922.48252712806482,-6.5715258013965325,0.72026728858082767,2,1,0,0
377.40000000000003,13.216153931361625,918.0450088178153,-6.3413413442618927,0.72024998263069706,2,1,0,0
377.5,12.716160989320063,913.60749009921119,-6.1110115503621296,0.7202323242872124,2,1,0,0
377.60000000000002,12.216167627792455,909.16996992485974,-5.8805414547614649,0.72021431351400178,2,1,0,0
377.70000000000005,11.716173865540407,904.73244919911906,-5.6499365325880353,0.72019595028167427,2,1,0,0
377.80000000000001,11.216179681497414,900.29493291019526,-5.419202471732893,0.72017723456792382,2,1,0,0
377.90000000000003,10.716185147342351,895.85741414467998,-5.1883453416784793,0.7201581663640273,2,1,0,0
378,10.216190320689469,891.4198949745961,-4.957367509460151,0.72013874566860292,2,1,0,0
378.10000000000002,9.7161951448005901,886.98237784100638,-4.7262774603214854,0.72011897248062173,2,1,0,0
378.20000000000005,9.2161996740862957,882.54485994756578,-4.4950798080923642,0.72009884681623193,2,1,0,0
378.30000000000001,8.7162039476828941,878.10734372822844,-4.2637781306738001,0.72007836869820852,2,1,0,0
378.40000000000003,8.2162079386463613,873.66982719564396,-4.0323800901214835,0.72005753815352991,2,1,0,0
378.5,7.716211703887879,869.23231135059564,-3.8008895563806937,0.72003635522353959,2,1,0,0
378.60000000000002,7.2162152433165625,864.79479550945337,-3.5693118603316929,0.7200148199526375,2,1,0,0
378.70000000000005,6.7162185680143818,860.3572792397141,-3.3376533335811809,0.71999293239554352,2,1,0,0
378.80000000000001,6.2162217088913074,855.91976295162431,-3.1059178128961142,0.71997069261659985,2,1,0,0
378.90000000000003,5.7162246456091061,851.48224738058718,-2.8741119726054234,0.71994810068538273,2,1,0,0
379,5.2162274155888309,847.04473104951535,-2.6422403517217496,0.71992515668319446,2,1,0,0
379.10000000000002,4.7162300367873025,842.60721373170884,-2.4103082772820832,0.71990186069819362,2,1,0,0
379.20000000000005,4.2162325040691009,838.16969539091644,-2.1783212295990455,0.71987821282532694,2,1,0,0
379.30000000000001,3.7162348338112423,833.73217607516244,-1.9462844911517319,0.71985421316975917,2,1,0,0
379.40000000000003,3.2162370351751548,829.29465532155859,-1.7142032062696646,0.71982986184411457,2,1,0,0
379.5,2.7162391178249243,824.85713265386732,-1.4820828517483431,0.71980515896956387,2,1,0,0
379.60000000000002,2.2162410900054574,820.41960823426712,-1.2499285090702694,0.71978010467531051,2,1,0,0
379.70000000000005,1.7162429596035103,815.98208107195785,-1.017745680810819,0.71975469909887624,2,1,0,0
379.80000000000001,1.2162447391390996,811.54455116640941,-0.78553943186971908,0.71972894238653251,1,1,0,0
379.90000000000003,0.71624642641398728,807.10701851428757,-0.55331521038999643,0.7197028346914367,1,1,0,0
380,0.21627234778104001,802.66523366106901,-0.18173211967229178,0.7196763778737949,0,0,0,0
380.10000000000002,0.13254219878703927,801.9384614377168,-0.0024248577317150721,0.71966823591901541,0,0,0,0
380.20000000000005,0.1030770499657694,801.69753016808068,-0.00028074759952270218,0.71966435999781786,0,0,0,0
380.30000000000001,0.089958627205588629,801.53647658930163,-0.00091540099747263067,0.7196605651317739,0,0,0,0
380.40000000000003,0.079047541529734561,801.40180708975151,-0.00077956076903797761,0.71965676639418408,0,0,0,0
380.5,0.06953201435111353,801.28074590776248,-0.00057657481834040417,0.71965296649513644,0,0,0,0
380.60000000000002,0.061404647600647996,801.17384707020153,-0.0004290897885646384,0.71964916483309738,0,0,0,0
380.70000000000005,0.05447076075267912,801.07940469651919,-0.00033235024844790599,0.71964536128514911,0,0,0,0
380.80000000000001,0.048532333822868402,800.99552371093421,-0.00026442744108877268,0.71964155593539159,0,0,0,0
380.90000000000003,0.043426023508522246,800.92067132341515,-0.00020597070239511699,0.71963774890550269,0,0,0,0
381,0.039017800232344642,800.85358005236196,-0.00015144472253358015,0.7196339403342078,0,0,0,0
381.10000000000002,0.035197676706552529,800.79319702674741,-0.00012243904354875812,0.7196301303633349,0,0,0,0
381.20000000000005,0.031872497741097384,800.73861958409532,-9.3776204487088671e-05,0.71962631913364294,0,0,0,0
381.30000000000001,0.028966022927529745,800.689099357793,-7.657287880424419e-05,0.71962250677496431,0,0,0,0
381.40000000000003,0.026413895651154214,800.64399522352153,-5.9821734830847093e-05,0.71961869340770057,0,0,0,0
381.5,0.024163278621923304,800.6027721882383,-4.9589179326626799e-05,0.71961487913858524,0,0,0,0
381.60000000000002,0.02216942320044437,800.56496901646415,-3.936008284507353e-05,0.7196110640640424,0,0,0,0
381.70000000000005,0.020395511512319459,800.53019871583399,-3.3057564636403489e-05,0.71960724826794764,0,0,0,0
381.80000000000001,0.018810250783461536,800.49812529200835,-2.6641179181440455e-05,0.71960343182519093,0,0,0,0
381.90000000000003,0.017387808439325206,800.46846489379084,-2.2645535357953194e-05,0.71959961480041612,0,0,0,0
382,0.01610613553219388,800.44096914417651,-1.8501708222636777e-05,0.71959579725112233,0,0,0,0
382.10000000000002,0.014946956181444534,800.41542660114806,-1.5894682641211638e-05,0.71959197922685758,0,0,0,0
382.20000000000005,0.013894592343257026,800.39165066101054,-1.3143893770841707e-05,0.71958816077173549,0,0,0,0
382.30000000000001,0.012935984299680342,800.3694811450373,-1.1396305101062111e-05,0.7195843419238509,0,0,0,0
382.40000000000003,0.012059862142843837,800.34877540759339,-9.5223464895570417e-06,0.7195805227172537,0,0,0,0
382.5,0.011256782817148812,800.32940993464126,-8.3211674337392353e-06,0.71957670318148259,0,0,0,0
382.60000000000002,0.010518541641454517,800.31127370921024,-7.0138770597942583e-06,0.71957288334309644,0,0,0,0
382.70000000000005,0.0098382172190355447,800.29426975762783,-6.1693484808204506e-06,0.71956906322527414,0,0,0,0
382.80000000000001,0.0092097495322361628,800.27831011574494,-5.2377645883561993e-06,0.7195652428490027,0,0,0,0
382.90000000000003,0.0086279887211271281,800.26331730763332,-4.6401550781833275e-06,0.71956142223271924,0,0,0,0
383,0.008088388594406663,800.24922080137776,-3.9698066249275256e-06,0.71955760139305469,0,0,0,0
383.10000000000002,0.0075870453319295192,800.23595663779952,-3.5202416048772821e-06,0.71955378034543094,0,0,0,0
383.20000000000005,0.0071204963756726315,800.22346766521173,-3.0410353124579386e-06,0.71954995910293973,0,0,0,0
383.30000000000001,0.0066857234465518816,800.21170139141714,-2.6667702809437398e-06,0.71954613767814946,0,0,0,0
383.40000000000003,0.0062800509388750607,800.20060951866139,-2.3415617568188809e-06,0.71954231608231367,0,0,0,0
383.5,0.0059011062146919818,800.19014889090943,-2.0604793091996345e-06,0.71953849432532713,0,0,0,0
383.60000000000002,0.0055467737580188591,800.18027888259451,-1.8145586996213772e-06,0.71953467241674918,0,0,0,0
383.70000000000005,0.0052151607466590947,800.17096224292527,-1.6002518236549396e-06,0.71953085036515296,0,0,0,0
383.80000000000001,0.0049045656793098077,800.162164778739,-1.4127184340747331e-06,0.71952702817840153,0,0,0,0
383.90000000000003,0.0046134535808588133,800.15385471394131,-1.2480614536160687e-06,0.71952320586378915,0,0,0,0
384,0.0043404337779092373,800.14600257762538,-1.1023103378980348e-06,0.71951938342805333,0,0,0,0
384.10000000000002,0.0040842424671184109,800.13858097837715,-9.7321590670900972e-07,0.71951556087744106,0,0,0,0
384.20000000000005,0.0038437269113354958,800.13156441183992,-8.6017702418388907e-07,0.71951173821774983,0,0,0,0
384.30000000000001,0.0036178324650414915,800.12492909729588,-7.6015563958441425e-07,0.71950791545437232,0,0,0,0
384.40000000000003,0.0034055912555474477,800.11865282661404,-6.7259805008896021e-07,0.71950409259233039,0,0,0,0
384.5,0.0032061127532206288,800.11271483573876,-5.9485893756136942e-07,0.71950026963630953,0,0,0,0
384.60000000000002,0.0030185754666456335,800.10709568874745,-5.2680238551585784e-07,0.71949644659068468,0,0,0,0
384.70000000000005,0.0028422199529775888,800.10177717562863,-4.6618990615733891e-07,0.71949262345954723,0,0,0,0
384.80000000000001,0.0026763426225524796,800.09674221931209,-4.1314291581562729e-07,0.71948880024672546,0,0,0,0
384.90000000000003,0.0025202904730981324,800.09197479313627,-3.6576517593772222e-07,0.71948497695580627,0,0,0,0
385,0.0023734563892051355,800.08745984522011,-3.243285557202338e-07,0.71948115359015108,0,0,0,0
385.10000000000002,0.0022352751066164671,800.08318323076969,-2.8722259255207604e-07,0.71947733015291393,0,0,0,0
385.20000000000005,0.002105219582500123,800.07913164961587,-2.5480227159563173e-07,0.71947350664705556,0,0,0,0
385.30000000000001,0.0019827978472886643,800.07529258990303,-2.256958626586509e-07,0.7194696830753563,0,0,0,0
385.40000000000003,0.001867550151634497,800.07165427580776,-2.0029876289817134e-07,0.71946585944042907,0,0,0,0
385.5,0.0017590464670333961,800.06820562011626,-1.7743914926535749e-07,0.71946203574472989,0,0,0,0
385.60000000000002,0.0016568842041738408,800.06493617995125,-1.5752568551115347e-07,0.71945821199056836,0,0,0,0
385.70000000000005,0.0015606861948650414,800.06183611641518,-1.3955448039757453e-07,0.71945438818011764,0,0,0,0
385.80000000000001,0.0014700988374067329,800.05889615673163,-1.2393031965890009e-07,0.71945056431542209,0,0,0,0
385.90000000000003,0.0013847904414259369,800.05610755959594,-1.0979087485862102e-07,0.71944674039840617,0,0,0,0
386,0.0013044496978073523,800.05346208253809,-9.7526434277271281e-08,0.71944291643088176,0,0,0,0
386.10000000000002,0.0012287843019392077,800.05095195196122,-8.6394420868741794e-08,0.71943909241455506,0,0,0,0
386.20000000000005,0.0011575196747015441,800.04856983481864,-7.6764312678304254e-08,0.71943526835103289,0,0,0,0
386.30000000000001,0.0010903978031253079,800.04630881255173,-6.7995174599439106e-08,0.71943144424182892,0,0,0,0
386.40000000000003,0.0010271761590452517,800.04416235637962,-6.0432224476379151e-08,0.71942762008836891,0,0,0,0
386.5,0.00096762671255432747,800.04212430452526,-5.352107328363916e-08,0.71942379589199701,0,0,0,0
386.60000000000002,0.00091153500898090239,800.04018884056404,-4.7581135082861165e-08,0.71941997165397908,0,0,0,0
386.70000000000005,0.00085869932200849993,800.03835047344762,-4.2131933363345753e-08,0.71941614737550852,0,0,0,0
386.80000000000001,0.0008089298595302109,800.03660401846764,-3.746679784271914e-08,0.71941232305770997,0,0,0,0
386.90000000000003,0.00076204803142827955,800.03494457968714,-3.3168551414124973e-08,0.71940849870164369,0,0,0,0
387,0.00071788576188772948,800.03336753315398,-2.950498372198369e-08,0.71940467430830912,0,0,0,0
387.10000000000002,0.00067628485263063437,800.03186851141379,-2.6113269172065211e-08,0.7194008498786485,0,0,0,0
387.20000000000005,0.00063709638432042908,800.03044338867926,-2.3236725245704329e-08,0.71939702541355022,0,0,0,0
387.30000000000001,0.00060018016023497391,800.0290882671527,-2.0559308319762456e-08,0.71939320091385162,0,0,0,0
387.40000000000003,0.00056540418306621218,800.02779946389705,-1.8301247144263775e-08,0.71938937638034273,0,0,0,0
387.5,0.00053264416708312726,800.02657349874369,-1.6186856101828536e-08,0.71938555181376829,0,0,0,0
387.60000000000002,0.00050178307934158149,800.02540708265587,-1.4414830228548545e-08,0.71938172721483062,0,0,0,0
387.70000000000005,0.00047271071066763449,800.02429710702074,-1.2744373739550627e-08,0.7193779025841921,0,0,0,0
387.80000000000001,0.0004453232723248722,800.02324063332765,-1.1354275436644113e-08,0.7193740779224771,0,0,0,0
387.90000000000003,0.00041952301787028293,800.02223488368054,-1.0033961546772494e-08,0.71937025323027526,0,0,0,0
388,0.00039521788787531196,800.02127723162801,-8.9439470441906901e-09,0.71936642850814192,0,0,0,0
388.10000000000002,0.00037232117603164857,800.02036519375611,-7.8998848528869018e-09,0.71936260375660144,0,0,0,0
388.20000000000005,0.00035075121572459818,800.01949642153636,-7.0456083280872212e-09,0.71935877897614819,0,0,0,0
388.30000000000001,0.00033043108480224575,800.01866869386811,-6.2195687062503242e-09,0.71935495416724848,0,0,0,0
388.40000000000003,0.0003112883287489429,800.01787990982893,-5.5504405682937361e-09,0.71935112933034262,0,0,0,0
388.5,0.00029325469935796386,800.01712808205912,-4.8965245030471826e-09,0.71934730446584549,0,0,0,0
388.60000000000002,0.00027626591001548786,800.01641133030773,-4.3727719908478113e-09,0.71934347957414868,0,0,0,0
388.70000000000005,0.00026026140418555538,800.0157278755612,-3.8547906546486193e-09,0.71933965465562177,0,0,0,0
388.80000000000001,0.00024518413893743059,800.01507603429923,-3.4451476276591403e-09,0.71933582971061361,0,0,0,0
388.90000000000003,0.00023098037970255058,800.01445421328197,-3.0345611482266698e-09,0.71933200473945269,0,0,0,0
389,0.00021759950869310965,800.01386090443043,-2.7144517549291391e-09,0.71932817974244956,0,0,0,0
389.10000000000002,0.00020499384285021458,800.01329468020367,-2.3887469270777002e-09,0.71932435471989731,0,0,0,0
389.20000000000005,0.00019311846423289303,800.01275418902992,-2.1388572104771897e-09,0.71932052967207216,0,0,0,0
389.30000000000001,0.00018193105846503373,800.0122381512067,-1.8802702838029841e-09,0.71931670459923491,0,0,0,0
389.40000000000003,0.00017139176454007674,800.01174535482585,-1.6854246700312735e-09,0.71931287950163192,0,0,0,0
389.5,0.00016146303140470125,800.0112746521321,-1.4799355561100103e-09,0.71930905437949544,0,0,0,0
389.60000000000002,0.00015210948493773164,800.01082495588741,-1.3282130479785598e-09,0.71930522923304496,0,0,0,0
389.70000000000005,0.000143297800592773,800.01039523614122,-1.1647530978232123e-09,0.7193014040624871,0,0,0,0
389.80000000000001,0.00013499658557978932,800.00998451698194,-1.0467919857408194e-09,0.71929757886801748,0,0,0,0
389.90000000000003,0.0001271762657355262,800.00959187367118,-9.1661987080706712e-10,0.71929375364982084,0,0,0,0
390,0.00011980898116958436,800.00921642974083,-8.2507073554736112e-10,0.71928992840807082,0,0,0,0
390.10000000000002,0.0001128684857458524,800.00885735445343,-7.2128067859168514e-10,0.71928610314293229,0,0,0,0
390.20000000000005,0.00010633005465946147,800.00851386020258,-6.5037606195702434e-10,0.71928227785456023,0,0,0,0
390.30000000000001,0.00010017039509941641,800.00818520026473,-5.67510290295207e-10,0.71927845254310097,0,0,0,0
390.40000000000003,9.4367564401033206e-05,800.00787066647001,-5.1272616235512827e-10,0.71927462720869328,0,0,0,0
390.5,8.8900890625071637e-05,800.00756958721024,-4.4646944832501782e-10,0.71927080185146763,0,0,0,0
390.60000000000002,8.3750900086292245e-05,800.00728132535392,-4.0425890700517172e-10,0.71926697647154758,0,0,0,0
390.70000000000005,7.8899246729051406e-05,800.00700527648019,-3.5119777116833521e-10,0.71926315106904948,0,0,0,0
390.80000000000001,7.4328647970681801e-05,800.00674086701054,-3.1878158087367071e-10,0.71925932564408357,0,0,0,0
390.90000000000003,7.0022821881228169e-05,800.00648755264456,-2.7621443943455045e-10,0.71925550019675399,0,0,0,0
391,6.5966430401144681e-05,800.00624481668433,-2.5141629568574858e-10,0.71925167472715856,0,0,0,0
391.10000000000002,6.2145023445808766e-05,800.00601216864936,-2.1720374897090831e-10,0.7192478492353902,0,0,0,0
391.20000000000005,5.8544988664459119e-05,800.0057891427723,-1.9832073702621669e-10,0.71924402372153662,0,0,0,0
391.30000000000001,5.5153501689443818e-05,800.00557529677394,-1.7076749058783234e-10,0.71924019818568052,0,0,0,0
391.40000000000003,5.1958481698002788e-05,800.00537021051059,-1.5646823580323306e-10,0.71923637262790008,0,0,0,0
391.5,4.8948547114450823e-05,800.00517348489234,-1.3422995238627663e-10,0.71923254704826944,0,0,0,0
391.60000000000002,4.6112976320250653e-05,800.0049847406649,-1.2347455805420377e-10,0.71922872144685823,0,0,0,0
391.70000000000005,4.3441668195346025e-05,800.0048036174544,-1.0548436083990093e-10,0.71922489582373261,0,0,0,0
391.80000000000001,4.0925107395956642e-05,800.00462977267102,-9.7461486653591885e-11,0.71922107017895476,0,0,0,0
391.90000000000003,3.8554329190743401e-05,800.00446288066576,-8.2871954355280339e-11,0.71921724451258373,0,0,0,0
392,3.63208887913955e-05,800.00430263174053,-7.6949378243148235e-11,0.71921341882467527,0,0,0,0
392.10000000000002,3.4216830000334323e-05,800.00414873140642,-6.5086754685796904e-11,0.71920959311528221,0,0,0,0
392.20000000000005,3.2234658137553018e-05,800.00400089948971,-6.0772539839949928e-11,0.71920576738445396,0,0,0,0
392.30000000000001,3.0367312071183208e-05,800.00385886947856,-5.110057547229994e-11,0.71920194163223772,0,0,0,0
392.40000000000003,2.8608140335353911e-05,800.00372238771342,-4.8012577594024951e-11,0.71919811585867821,0,0,0,0
392.5,2.6950876163172255e-05,800.00359121281622,-4.010396768976898e-11,0.7191942900638173,0,0,0,0
392.60000000000002,2.5389616436072038e-05,800.00346511495377,-3.7945899990117448e-11,0.71919046424769506,0,0,0,0
392.70000000000005,2.3918799381762702e-05,800.00334387533769,-3.1459715464743812e-11,0.71918663841034869,0,0,0,0
392.80000000000001,2.2533186036044818e-05,800.00322728555807,-3.0002369068677236e-11,0.71918281255181415,0,0,0,0
392.90000000000003,2.1227840306057459e-05,800.00311514714463,-2.4666215441274668e-11,0.71917898667212499,0,0,0,0
393,1.9998112661637873e-05,800.00300727096055,-2.3732731727991109e-11,0.71917516077131316,0,0,0,0
393.10000000000002,1.8839622297895164e-05,800.00290347682073,-1.9328639474026812e-11,0.71917133484940854,0,0,0,0
393.20000000000005,1.7748242805138927e-05,800.00280359293856,-1.8782966357199706e-11,0.71916750890643988,0,0,0,0
393.30000000000001,1.6720086194542419e-05,800.0027074555943,-1.5136226734186698e-11,0.71916368294243382,0,0,0,0
393.40000000000003,1.575149032397642e-05,800.00261490863079,-1.4874076086254039e-11,0.71915985695741624,0,0,0,0
393.5,1.4839004577378075e-05,800.00252580316658,-1.1844402679828063e-11,0.71915603095141112,0,0,0,0
393.60000000000002,1.3979378848550632e-05,800.00243999713211,-1.1786171918243867e-11,0.7191522049244411,0,0,0,0
393.70000000000005,1.3169550688539483e-05,800.0023573550252,-9.2606991805297148e-12,0.71914837887652805,0,0,0,0
393.80000000000001,1.2406635671835685e-05,800.00227774748373,-9.3459347562464328e-12,0.71914455280769229,0,0,0,0
393.90000000000003,1.1687915846703455e-05,800.00220105107724,-7.2336679552625003e-12,0.71914072671795326,0,0,0,0
394,1.1010831328262236e-05,800.00212714791564,-7.4167387792223764e-12,0.71913690060732938,0,0,0,0
394.10000000000002,1.0372969905197792e-05,800.00205592546911,-5.644151190652602e-12,0.71913307447583774,0,0,0,0
394.20000000000005,9.7720597215452062e-06,800.00198727620852,-5.8908710648061393e-12,0.7191292483234949,0,0,0,0
394.30000000000001,9.2059599099698948e-06,800.00192109745421,-4.398408367735617e-12,0.7191254221503165,0,0,0,0
394.40000000000003,8.6726542393409974e-06,800.00185729104328,-4.6834023384698525e-12,0.71912159595631708,0,0,0,0
394.5,8.1702426594820498e-06,800.00179576320409,-3.4227047345445461e-12,0.71911776974151054,0,0,0,0
394.60000000000002,7.6969358057737402e-06,800.00173642424636,-3.7273583200101515e-12,0.7191139435059104,0,0,0,0
394.70000000000005,7.2510473526278805e-06,800.00167918845943,-2.659050775181876e-12,0.719110117249529,0,0,0,0
394.80000000000001,6.8309892789235257e-06,800.00162397382417,-2.9699155126175519e-12,0.71910629097237821,0,0,0,0
394.90000000000003,6.4352649392022816e-06,800.00157070193086,-2.061847981409166e-12,0.71910246467446914,0,0,0,0
395,6.0624650041685313e-06,800.00151929770971,-2.3694039807169908e-12,0.71909863835581234,0,0,0,0
395.10000000000002,5.7112611691072504e-06,800.00146968936895,-1.5952482652867088e-12,0.71909481201641812,0,0,0,0
395.20000000000005,5.3804026933071e-06,800.00142180814032,-1.8929458118521321e-12,0.71909098565629559,0,0,0,0
395.30000000000001,5.0687106740480173e-06,800.00137558823462,-1.2310752755203236e-12,0.71908715927545441,0,0,0,0
395.40000000000003,4.7750751175990137e-06,800.00133096660329,-1.5145943385875446e-12,0.71908333287390269,0,0,0,0
395.5,4.4984497152649477e-06,800.00128788290556,-9.4718815498797308e-13,0.71907950645164875,0,0,0,0
395.60000000000002,4.2378493858945839e-06,800.00124627928722,-1.2138678522524594e-12,0.71907568000870004,0,0,0,0
395.70000000000005,3.9923454976743238e-06,800.00120610035947,-7.2619363500224689e-13,0.71907185354506398,0,0,0,0
395.80000000000001,3.761063829092019e-06,800.00116729298918,-9.7459409408523466e-13,0.71906802706074735,0,0,0,0
395.90000000000003,3.5431801863456463e-06,800.00112980628944,-5.5443239450938619e-13,0.71906420055575671,0,0,0,0
396,3.3379187355525041e-06,800.00109359142277,-7.8399958577621917e-13,0.71906037403009815,0,0,0,0
396.10000000000002,3.1445479713763369e-06,800.00105860160033,-4.2118133493249292e-13,0.7190565474837779,0,0,0,0
396.20000000000005,2.962379378789343e-06,800.00102479189468,-6.3199186428791776e-13,0.71905272091680106,0,0,0,0
396.30000000000001,2.7907637132901206e-06,800.00099211925044,-3.1802584231932442e-13,0.71904889432917307,0,0,0,0
396.40000000000003,2.6290899549998967e-06,800.00096054230312,-5.1059369977031164e-13,0.71904506772089893,0,0,0,0
396.5,2.4767818658627737e-06,800.0009300214009,-2.3836585955784984e-13,0.7190412410919832,0,0,0,0
396.60000000000002,2.3332972026962102e-06,800.00090051842994,-4.1349707278529402e-13,0.71903741444243052,0,0,0,0
396.70000000000005,2.198124520488465e-06,800.00087199684242,-1.7702729382172157e-13,0.71903358777224502,0,0,0,0
396.80000000000001,2.0707826152191917e-06,800.0008444214925,-3.3571151701265324e-13,0.7190297610814308,0,0,0,0
396.90000000000003,1.9508175455484721e-06,800.00081775866749,-1.2995633478973032e-13,0.71902593436999152,0,0,0,0
397,1.8378022796115403e-06,800.000791975933,-2.7328682425907288e-13,0.71902210763793106,0,0,0,0
397.10000000000002,1.7313339104031214e-06,800.00076704216792,-9.3979027745175655e-14,0.71901828088525233,0,0,0,0
397.20000000000005,1.6310334836832925e-06,800.0007429274159,-2.2309435871948088e-13,0.71901445411195897,0,0,0,0
397.30000000000001,1.5365433853822395e-06,800.00071960292814,-6.6612203023090571e-14,0.71901062731805365,0,0,0,0
397.40000000000003,1.4475273299610303e-06,800.00069704101588,-1.826545588741755e-13,0.71900680050353971,0,0,0,0
397.5,1.3636679007206563e-06,800.00067521510141,-4.5914821572023168e-14,0.71900297366841937,0,0,0,0
397.60000000000002,1.2846666805363173e-06,800.00065409957472,-1.5000085097442217e-13,0.71899914681269561,0,0,0,0
397.70000000000005,1.2102419277507467e-06,800.00063366984705,-3.0371117531773706e-14,0.71899531993637067,0,0,0,0
397.80000000000001,1.1401288333808421e-06,800.00061390221356,-1.2357226300801157e-13,0.71899149303944687,0,0,0,0
397.90000000000003,1.0740773172504814e-06,800.00059477390982,-1.8798762430300625e-14,0.71898766612192644,0,0,0,0
398,1.0118523974969854e-06,800.00057626297917,-1.0212866728287844e-13,0.71898383918381148,0,0,0,0
398.10000000000002,9.5323209353241557e-07,800.00055834833267,-1.0276710330576476e-14,0.71898001222510377,0,0,0,0
398.20000000000005,8.9800789488756227e-07,800.00054100961813,-8.468386592469849e-14,0.71897618524580509,0,0,0,0
398.30000000000001,8.4598275928804156e-07,800.00052422728538,-4.0885233378319458e-15,0.71897235824591743,0,0,0,0
398.40000000000003,7.9697166956376564e-07,800.00050798245809,-7.0452747947430451e-14,0.71896853122544235,0,0,0,0
398.5,7.5079971622954741e-07,800.00049225700081,3.2212771413170582e-16,0.71896470418438119,0,0,0,0
398.60000000000002,7.0730273222459454e-07,800.0004770333943,-5.8809543961709093e-14,0.71896087712273538,0,0,0,0
398.70000000000005,6.6632545089999948e-07,800.00046229480495,3.3863901430453444e-15,0.7189570500405067,0,0,0,0
398.80000000000001,6.2772220968071393e-07,800.00044802496325,-4.9254837096190573e-14,0.71895322293769615,0,0,0,0
398.90000000000003,5.9135517477509188e-07,800.0004342082342,5.437631503354936e-15,0.71894939581430484,0,0,0,0
399,5.5709510630334131e-07,800.0004208294996,-4.1389482533931769e-14,0.71894556867033388,0,0,0,0
399.10000000000002,5.2481964215006029e-07,800.00040787423006,6.7329262327708891e-15,0.71894174150578449,0,0,0,0
399.20000000000005,4.9441411750171482e-07,800.00039532836843,-3.4893979037056091e-14,0.71893791432065768,0,0,0,0
399.30000000000001,4.6576990131642454e-07,800.00038317840472,7.469895849418455e-15,0.71893408711495443,0,0,0,0
399.40000000000003,4.3878526405685433e-07,800.00037141126154,-2.9512145306999563e-14,0.71893025988867532,0,0,0,0
399.5,4.1336376103285538e-07,800.00036001437002,7.7998984104889706e-15,0.71892643264182143,0,0,0,0
399.60000000000002,3.8941514275928018e-07,800.00034897555668,-2.5038194948554196e-14,0.71892260537439345,0,0,0,0
399.70000000000005,3.6685377981634889e-07,800.0003382831228,7.8383513162420716e-15,0.71891877808639193,0,0,0,0
399.80000000000001,3.4559961123359982e-07,800.00032792573097,-2.1306496418862762e-14,0.71891495077781775,0,0,0,0
399.90000000000003,3.2557660618299761e-07,800.00031789248567,7.6728040582320479e-15,0.71891112344867136,0,0,0,0
400,3.0671374592784201e-07,800.00030817282311,-1.8183454522949883e-14,0.71890729609895343,0,0,0,0
